key,value
"CIRCUIT_DESIGN",3
"N",201
"Y","[0 1 2 3 4 5 6 7 8 9 10 11 12 13 14 15 16 17 18 19 20 21 22 23 24 25 26 27 28 29 30 31 32 33 34 35 36 37 38 39 40 41 42 43 44 45 46 47 48 49 50 51 52 53 54 55 56 57 58 59 60 61 62 63 64 65 66 67 68 69 70 71 72 73 74 75 76 77 78 79 80 81 82 83 84 85 86 87 88 89 90 91 92 93 94 95 96 97 98 99 100 101 102 103 104 105 106 107 108 109 110 111 112 113 114 115 116 117 118 119 120 121 122 123 124 125 126 127 128 129 130 131 132 133 134 135 136 137 138 139 140 141 142 143 144 145 146 147 148 149 150 151 152 153 154 155 156 157 158 159 160 161 162 163 164 165 166 167 168 169 170 171 172 173 174 175 176 177 178 179 180 181 182 183 184 185 186 187 188 189 190 191 192 193 194 195 196 197 198 199 200]"
"active_armc",20
"active_sinter",50
"armc.mass_kg",1500
"armc_needed","[0 0 0 0 0 0 0 0 0 0 0 0 0 0 0 0 0 0 0 1 0 0 0 0 0 0 1 1 1 0 0 0 0 0 0 0 1 1 1 1 1 1 1 1 1 1 1 1 1 1 1 1 1 1 1 2 2 2 2 3 3 3 3 3 3 4 4 5 5 6 6 7 8 9 10 11 12 13 15 17 19 8 9 9 9 10 10 11 11 12 12 13 13 14 15 15 16 17 18 18 19 15 16 16 17 17 18 19 19 20 21 21 22 23 24 24 25 26 27 28 29 30 31 32 33 34 35 37 38 39 41 42 44 45 47 48 50 52 53 55 57 35 35 36 37 38 38 39 40 41 41 42 43 44 45 46 47 48 49 50 51 65 67 69 70 72 74 76 78 80 82 84 86 88 91 93 95 98 100 103 106 0 0 0 0 0 0 0 0 0 0 0 0 0 0 0 0 0 0 0 0]"
"axc","[0.05 0.08 0.12]"
"baseline_npv",-0.49099449094
"be_total","zeros(1,0)"
"build",0
"can.reo_payload_t",3.5
"can.earth_kg",28
"can_25","[0 0 0 0 0 0 0 0 0 0 0 0 0 0 0 0 0 0 0 0 0 0 0 0 0 0 0 0 0 0 0 0 0 0 0 36 44 55 67 83 102 125 154 189 233 286 334 389 453 528 616 718 837 976 1138 1327 1547 1803 2102 2451 2858 3206 3597 4036 4529 5081 5701 6397 7177 8053 9036 10138 11375 12763 14320 16067 18028 20228 22696 25465 28572 29911 31314 32782 34318 35927 37611 39375 41220 43153 45176 47294 49511 51832 54262 56806 59469 62256 65175 68230 71429 73948 76556 79255 82050 84944 87939 91041 94251 97575 101016 104578 108266 112084 116037 120129 124365 128751 133291 137991 142858 149555 156566 163906 171590 179634 188055 196871 206100 215763 225877 236467 247552 259158 271307 284026 297341 311280 325873 341150 357143 357143 357143 357143 357143 357143 357143 357143 357143 357143 357143 357143 357143 357143 357143 357143 357143 357143 357143 357143 357143 357143 357143 357143 357143 357143 357143 357143 357143 357143 357143 357143 357143 357143 357143 357143 357143 357143 357143 357143 357143 357143 357143 357143 357143 357143 357143 357143 357143 357143 357143 357143 357143 357143 357143 357143 357143 357143 357143 357143 357143]"
"canisters_yr","[0 0 0 0 0 0 0 0 0 0 0 0 0 0 0 0 0 0 0 0 0 0 0 0 0 0 0 0 0 0 0 0 0 0 0 36 44 55 67 83 102 125 154 189 233 286 334 389 453 528 616 718 837 976 1138 1327 1547 1803 2102 2451 2858 3206 3597 4036 4529 5081 5701 6397 7177 8053 9036 10138 11375 12763 14320 16067 18028 20228 22696 25465 28572 29911 31314 32782 34318 35927 37611 39375 41220 43153 45176 47294 49511 51832 54262 56806 59469 62256 65175 68230 71429 73948 76556 79255 82050 84944 87939 91041 94251 97575 101016 104578 108266 112084 116037 120129 124365 128751 133291 137991 142858 147895 153111 158510 164100 169887 175878 182081 188502 195149 202031 209156 216531 224167 232073 240257 248729 257501 266581 275982 285715 291566 297538 303631 309850 316195 322671 329279 336023 342905 349928 357094 364408 371871 379487 387259 395190 403283 411542 419971 428572 439659 451033 462702 474672 486952 499549 512473 525730 539331 553284 567597 582281 597345 612799 628652 644915 661599 678715 696273 714286 714286 714286 714286 714286 714286 714286 714286 714286 714286 714286 714286 714286 714286 714286 714286 714286 714286 714286 714286 714286]"
"captured_asteroid_pgm","[0 0 0 0 0 0 0 0 0 0 0 0 0 0 0 0 0 0 0 0 0 0 0 0 0 0 0 0 0 0 0 0 0 0 0 0 0 0 0 0 0 0 0 0 0 0 0 0 0 0 0 0 0 0 0 0 0 0 0 0 0 0 0 0 0 0 0 0 0 0 0 0 0 0 0 0 0 0 0 0 0 0 0 0 0 36.5 36.5 36.5 36.5 36.5 36.5 36.5 36.5 36.5 36.5 36.5 36.5 36.5 36.5 36.5 36.5 36.5 36.5 36.5 36.5 36.5 36.5 36.5 36.5 36.5 36.5 36.5 36.5 36.5 36.5 36.5 36.5 36.5 36.5 36.5 36.5 36.5 36.5 36.5 36.5 36.5 36.5 36.5 36.5 36.5 36.5 36.5 36.5 36.5 36.5 36.5 36.5 36.5 36.5 36.5 36.5 36.5 36.5 36.5 36.5 36.5 36.5 36.5 36.5 36.5 36.5 36.5 36.5 36.5 36.5 36.5 36.5 36.5 36.5 36.5 36.5 36.5 36.5 36.5 36.5 36.5 36.5 36.5 36.5 36.5 36.5 36.5 36.5 36.5 36.5 36.5 36.5 36.5 36.5 36.5 36.5 36.5 36.5 36.5 36.5 36.5 36.5 36.5 36.5 36.5 36.5 36.5 36.5 36.5 36.5 36.5 36.5 36.5 36.5 36.5 36.5]"
"cargo_armc","[0 0 0 0 0 0 0 0 0 0 0 0 0 0 0 0 0 0 0 1.5 0 0 0 0 0 0 1.5 1.5 1.5 0 0 0 0 0 0 0 1.5 1.5 1.5 1.5 1.5 1.5 1.5 1.5 1.5 1.5 1.5 1.5 1.5 1.5 1.5 1.5 1.5 1.5 1.5 3 3 3 3 4.5 4.5 4.5 4.5 4.5 4.5 6 6 7.5 7.5 9 9 10.5 12 13.5 15 16.5 18 19.5 22.5 25.5 28.5 12 13.5 13.5 13.5 15 15 16.5 16.5 18 18 19.5 19.5 21 22.5 22.5 24 25.5 27 27 28.5 22.5 24 24 25.5 25.5 27 28.5 28.5 30 31.5 31.5 33 34.5 36 36 37.5 39 40.5 42 43.5 45 46.5 48 49.5 51 52.5 55.5 57 58.5 61.5 63 66 67.5 70.5 72 75 78 79.5 82.5 85.5 52.5 52.5 54 55.5 57 57 58.5 60 61.5 61.5 63 64.5 66 67.5 69 70.5 72 73.5 75 76.5 97.5 100.5 103.5 105 108 111 114 117 120 123 126 129 132 136.5 139.5 142.5 147 150 154.5 159 0 0 0 0 0 0 0 0 0 0 0 0 0 0 0 0 0 0 0 0]"
"cargo_can_25","[0 0 0 0 0 0 0 0 0 0 0 0 0 0 0 0 0 0 0 0 0 0 0 0 0 0 0 0 0 0 0 0 0 0 0 1.008 1.232 1.54 1.876 2.324 2.856 3.5 4.312 5.292 6.524 8.008 9.352 10.892 12.684 14.784 17.248 20.104 23.436 27.328 31.864 37.156 43.316 50.484 58.856 68.628 80.024 89.768 100.716 113.008 126.812 142.268 159.628 179.116 200.956 225.484 253.008 283.864 318.5 357.364 400.96 449.876 504.784 566.384 635.488 713.02 800.016 837.508 876.792 917.896 960.904 1005.956 1053.108 1102.5 1154.16 1208.284 1264.928 1324.232 1386.308 1451.296 1519.336 1590.568 1665.132 1743.168 1824.9 1910.44 2000.012 2070.544 2143.568 2219.14 2297.4 2378.432 2462.292 2549.148 2639.028 2732.1 2828.448 2928.184 3031.448 3138.352 3249.036 3363.612 3482.22 3605.028 3732.148 3863.748 4000.024 4187.54 4383.848 4589.368 4804.52 5029.752 5265.54 5512.388 5770.8 6041.364 6324.556 6621.076 6931.456 7256.424 7596.596 7952.728 8325.548 8715.84 9124.444 9552.2 10000.004 10000.004 10000.004 10000.004 10000.004 10000.004 10000.004 10000.004 10000.004 10000.004 10000.004 10000.004 10000.004 10000.004 10000.004 10000.004 10000.004 10000.004 10000.004 10000.004 10000.004 10000.004 10000.004 10000.004 10000.004 10000.004 10000.004 10000.004 10000.004 10000.004 10000.004 10000.004 10000.004 10000.004 10000.004 10000.004 10000.004 10000.004 10000.004 10000.004 10000.004 10000.004 10000.004 10000.004 10000.004 10000.004 10000.004 10000.004 10000.004 10000.004 10000.004 10000.004 10000.004 10000.004 10000.004 10000.004 10000.004 10000.004 10000.004 10000.004 10000.004]"
"cargo_canisters","[0 0 0 0 0 0 0 0 0 0 0 0 0 0 0 0 0 0 0 0 0 0 0 0 0 0 0 0 0 0 0 0 0 0 0 1.008 1.232 1.54 1.876 2.324 2.856 3.5 4.312 5.292 6.524 8.008 9.352 10.892 12.684 14.784 17.248 20.104 23.436 27.328 31.864 37.156 43.316 50.484 58.856 68.628 80.024 89.768 100.716 113.008 126.812 142.268 159.628 179.116 200.956 225.484 253.008 283.864 318.5 357.364 400.96 449.876 504.784 566.384 635.488 713.02 800.016 837.508 876.792 917.896 960.904 1005.956 1053.108 1102.5 1154.16 1208.284 1264.928 1324.232 1386.308 1451.296 1519.336 1590.568 1665.132 1743.168 1824.9 1910.44 2000.012 2070.544 2143.568 2219.14 2297.4 2378.432 2462.292 2549.148 2639.028 2732.1 2828.448 2928.184 3031.448 3138.352 3249.036 3363.612 3482.22 3605.028 3732.148 3863.748 4000.024 4141.06 4287.108 4438.28 4594.8 4756.836 4924.584 5098.268 5278.056 5464.172 5656.868 5856.368 6062.868 6276.676 6498.044 6727.196 6964.412 7210.028 7464.268 7727.496 8000.02 8163.848 8331.064 8501.668 8675.8 8853.46 9034.788 9219.812 9408.644 9601.34 9797.984 9998.632 10203.424 10412.388 10625.636 10843.252 11065.32 11291.924 11523.176 11759.188 12000.016 12310.452 12628.924 12955.656 13290.816 13634.656 13987.372 14349.244 14720.44 15101.268 15491.952 15892.716 16303.868 16725.66 17158.372 17602.256 18057.62 18524.772 19004.02 19495.644 20000.008 20000.008 20000.008 20000.008 20000.008 20000.008 20000.008 20000.008 20000.008 20000.008 20000.008 20000.008 20000.008 20000.008 20000.008 20000.008 20000.008 20000.008 20000.008 20000.008 20000.008]"
"cargo_circ_25","[0 0 0 0 0 0 0 0 0 0 0 0 0 0 0 0 0 0 0 28 0 0 0 0 0 0 54.32 342.16 2267.72 0 0 0 0 0 0 0 450.24 519.68 631.96 730.8 847 990.08 1152.48 1326.64 1529.08 1758.4 1429.68 1532.72 1631.84 1716.96 1792 1835.68 1846.04 1814.4 1718.08 1540 1797.6 2094.4 2444.4 2847.6 3320.8 2847.6 3194.8 3584 4020.8 4510.8 5065.2 5681.2 6372.8 7151.2 8024.8 9002 10102.4 11334.4 12717.6 14268.8 16010.4 17964.8 20157.2 22612.8 25376.4 10939.6 11449.2 11989.6 12549.6 13140.4 13753.6 14400.4 15072.4 15783.6 16520 17295.6 18107.6 18953.2 19846.4 20773.2 21747.6 22766.8 23836.4 24950.8 26124 20571.6 21296.8 22047.2 22825.6 23629.2 22751.148 21780.36 20713.168 19543.104 18265.52 16873.36 15360.996 13719.552 11943.008 10025.4 10379.04 10745.28 11123.28 11516.4 11922.12 16408.56 17177.16 17982.72 18825.24 19708.08 19119.0608 18431.7952 17636.6736 16728.2416 15695.064 14528.304 13217.7304 11752.3728 10120.5216 8309.728 8699.04 9107.168 9534.112 9980.768 10448.928 0 0 0 0 0 0 0 0 0 0 0 0 0 0 0 0 0 0 0 0 0 0 0 0 0 0 0 0 0 0 0 0 0 0 0 0 0 0 0 0 0 0 0 0 0 0 0 0 0 0 0 0 0 0 0 0 0 0 0 0]"
"cargo_circuits","[0 0 0 0 0 0 0 0 0 0 0 0 0 0 0 0 0 0 0 28 0 0 0 0 0 0 54.32 342.16 2267.72 0 0 0 0 0 0 0 450.24 519.68 631.96 730.8 847 990.08 1152.48 1326.64 1529.08 1758.4 1429.68 1532.72 1631.84 1716.96 1792 1835.68 1846.04 1814.4 1718.08 1540 1797.6 2094.4 2444.4 2847.6 3320.8 2847.6 3194.8 3584 4020.8 4510.8 5065.2 5681.2 6372.8 7151.2 8024.8 9002 10102.4 11334.4 12717.6 14268.8 16010.4 17964.8 20157.2 22612.8 25376.4 10939.6 11449.2 11989.6 12549.6 13140.4 13753.6 14400.4 15072.4 15783.6 16520 17295.6 18107.6 18953.2 19846.4 20773.2 21747.6 22766.8 23836.4 24950.8 26124 20571.6 21296.8 22047.2 22825.6 23629.2 22751.148 21780.36 20713.168 19543.104 18265.52 16873.36 15360.996 13719.552 11943.008 10025.4 10379.04 10745.28 11123.28 11516.4 11922.12 12342.96 12778.08 13228.32 13695.36 14177.52 13601.7616 12966.912 12270.5856 11509.3104 10678.304 9774.912 8794.5144 7732.8384 6584.7936 5347.104 5535.264 5730.816 5932.64 6141.856 6358.688 3823.008 3901.184 3981.152 4062.688 4145.792 4230.912 4317.376 4405.856 4496.128 4588.192 4682.272 4777.92 4876.032 4975.712 5077.632 5181.568 5287.968 5395.936 5506.592 5619.488 7243.488 7431.2 7623.168 7820.512 8023.008 8230.432 8443.232 8661.856 8885.632 9115.904 9351.552 9593.248 9841.664 10096.352 10357.536 10625.216 10900.288 11182.304 11471.712 11768.288 0 0 0 0 0 0 0 0 0 0 0 0 0 0 0 0 0 0 0 0]"
"cargo_construction","[0 0 0 0 0 0 0 0 0 0 0 0 0 0 0 0 0 0 0 0 0 0 0 0 0 177.4 0 0 62 0 0 0 0 0 0 0 0 0 0 0 0 0 0 0 0 0 0 0 0 0 0 0 0 0 0 0 0 0 0 0 0 0 0 0 0 0 0 0 0 0 0 0 0 0 0 0 0 0 0 0 0 0 0 0 0 0 0 0 0 0 0 0 0 0 0 0 0 0 0 0 0 0 0 0 0 0 0 0 0 0 0 0 0 0 0 0 0 0 0 0 0 0 0 0 0 0 0 0 0 0 0 0 0 0 0 0 0 0 0 0 0 0 0 0 0 0 0 0 0 0 0 0 0 0 0 0 0 0 0 0 0 0 0 0 0 0 0 0 0 0 0 0 0 0 0 0 0 0 0 0 0 0 0 0 0 0 0 0 0 0 0 0 0 0 0 0 0 0 0 0 0]"
"cargo_construction_fleet","[10.3333333333 10.3333333333 10.3333333333 10.3333333333 10.3333333333 10.3333333333 10.3333333333 10.3333333333 10.3333333333 10.3333333333 10.3333333333 10.3333333333 10.3333333333 10.3333333333 10.3333333333 10.3333333333 10.3333333333 10.3333333333 10.3333333333 14.3713333333 10.3413333333 10.3413333333 10.3413333333 10.3413333333 10.3413333333 10.3413333333 14.0413333333 14.0413333333 14.2913333333 10.3413333333 10.3413333333 10.3413333333 10.3413333333 10.3413333333 10.3413333333 10.3413333333 14.2913333333 14.0413333333 14.2913333333 14.0413333333 14.2913333333 14.2913333333 14.5413333333 14.3793333333 14.5493333333 14.5493333333 14.5493333333 14.6373333333 14.8073333333 17.0953333333 17.0153333333 17.3533333333 17.5233333333 19.8113333333 20.0693333333 21.8273333333 24.3733333333 24.5513333333 27.3473333333 31.3133333333 31.8293333333 31.3453333333 31.3613333333 34.4153333333 36.6393333333 40.8633333333 43.6753333333 47.9073333333 50.8893333333 54.9593333333 60.4873333333 67.0233333333 73.7293333333 81.0233333333 87.8253333333 97.0853333333 106.691333333 118.337333333 129.797333333 145.505333333 161.809333333 74.1233333333 78.1373333333 80.4893333333 83.0113333333 87.0333333333 89.1433333333 93.1733333333 95.7913333333 101.779333333 104.155333333 107.951333333 112.785333333 116.427333333 122.689333333 127.289333333 138.109333333 145.055333333 151.591333333 156.965333333 163.759333333 132.139333333 138.659333333 141.567333333 145.895333333 150.761333333 155.347333333 162.059333333 165.073333333 171.793333333 178.65 181.994666667 189.006 196.355333333 203.712666667 209.428 216.801333333 224.182666667 234.080666667 241.22 248.955333333 258.877333333 268.975333333 276.316666667 286.680666667 296.472666667 306.684666667 318.560666667 328.796666667 339.208666667 353.295333333 363.981333333 378.342 391.060666667 405.775333333 418.856 433.514666667 448.357333333 463.994666667 481.04 496.172666667 306.641333333 312.444666667 317.309333333 324.440666667 332.16 337.737333333 344.884666667 352.708 359.871333333 365.972666667 373.232 380.911333333 388.516666667 398.308666667 405.93 413.391333333 423.537333333 431.344666667 438.91 449.168 571.05 586.262666667 603.42 616.838666667 633.938 649.376666667 666.59 684.399333333 701.812666667 719.574 737.431333333 757.489333333 775.636666667 797.296666667 817.910666667 838.460666667 860.426666667 881.346666667 905.699333333 928.309333333 43.6693333333 43.6693333333 43.6693333333 43.6693333333 43.6693333333 43.6693333333 43.6693333333 43.6693333333 43.6693333333 43.6693333333 43.6693333333 43.6693333333 43.6693333333 43.6693333333 43.6693333333 43.6693333333 43.6693333333 43.6693333333 43.6693333333 43.6693333333]"
"cargo_conv_25","[0 0 0 0 0 0 0 0 0 0 0 0 0 0 0 0 0 0 0 0 0 0 0 0 0 0 0 0 0 0 0 0 0 0 0 0 0 0 0 0 0 2.17637640824 3.18249090444 4.53744201812 6.34873859633 8.75495207288 9.97743203539 12.6000416454 15.8182540177 19.7575131856 24.5684936176 30.4320192314 37.5649201445 46.2270029217 56.7293425883 69.4441431335 84.8164587162 103.378121571 125.764286206 152.733074648 185.188896339 178.119377017 206.698575957 239.600223343 277.453654637 320.977431595 370.991746911 428.432527608 494.367467046 570.01424622 656.761239919 756.191042868 870.107195736 1000.56454163 1149.90370117 1320.79021917 1516.25900981 1739.76481046 1995.23944865 2287.15683385 2620.60670639 1461.04481703 1554.07793706 1652.62286551 1756.99192799 1867.51462027 1984.53853182 2108.43031804 2239.57672404 2378.38566241 2525.28734792 2680.73549212 2845.20856086 3019.21109815 3203.2751197 3397.9615798 2563.17040614 2683.33243707 2809.12769224 2940.82025853 3078.68660328 2424.46351409 2509.96203528 2598.47565529 2690.11070138 2784.97725039 2883.18926103 2984.86471074 3090.12573744 3199.09878623 3311.91476129 3428.70918311 3549.62235133 3674.79951321 3804.39103818 3938.5525984 4077.44535583 4221.23615577 4370.09772732 4524.20889086 4683.75477283 6446.03230932 6748.22381865 7064.58213694 7395.77140754 7742.48690896 8105.45651455 8485.44222055 8883.24174573 9299.69020613 9735.6618682 10192.0719842 10669.8787138 11170.085135 11693.7413509 12241.9466932 12815.8520307 13416.6621853 14045.6384612 14704.1012927 15393.4330164 0 0 0 0 0 0 0 0 0 0 0 0 0 0 0 0 0 0 0 0 0 0 0 0 0 0 0 0 0 0 0 0 0 0 0 0 0 0 0 0 0 0 0 0 0 0 0 0 0 0 0 0 0 0 0 0 0 0 0 0]"
"cargo_conveyors","[0 0 0 0 0 0 0 0 0 0 0 0 0 0 0 0 0 0 0 0 0 0 0 0 0 0 0 0 0 0 0 0 0 0 0 0 0 0 0 0 0 2.17637640824 3.18249090444 4.53744201812 6.34873859633 8.75495207288 9.97743203539 12.6000416454 15.8182540177 19.7575131856 24.5684936176 30.4320192314 37.5649201445 46.2270029217 56.7293425883 69.4441431335 84.8164587162 103.378121571 125.764286206 152.733074648 185.188896339 178.119377017 206.698575957 239.600223343 277.453654637 320.977431595 370.991746911 428.432527608 494.367467046 570.01424622 656.761239919 756.191042868 870.107195736 1000.56454163 1149.90370117 1320.79021917 1516.25900981 1739.76481046 1995.23944865 2287.15683385 2620.60670639 1461.04481703 1554.07793706 1652.62286551 1756.99192799 1867.51462027 1984.53853182 2108.43031804 2239.57672404 2378.38566241 2525.28734792 2680.73549212 2845.20856086 3019.21109815 3203.2751197 3397.9615798 2563.17040614 2683.33243707 2809.12769224 2940.82025853 3078.68660328 2424.46351409 2509.96203528 2598.47565529 2690.11070138 2784.97725039 2883.18926103 2984.86471074 3090.12573744 3199.09878623 3311.91476129 3428.70918311 3549.62235133 3674.79951321 3804.39103818 3938.5525984 4077.44535583 4221.23615577 4370.09772732 4524.20889086 4683.75477283 4848.92702819 5019.92407055 5196.95131059 5380.22140276 5569.95450078 5766.37852205 5969.72942147 6180.25147487 6398.19757246 6623.82952257 6857.41836622 7099.24470266 7349.59902643 7608.78207636 7877.10519681 8154.89071166 8442.47231154 8740.19545464 9048.41778171 9367.50954567 5632.0422536 5747.38734431 5865.09472021 5985.21276125 6107.79083822 6232.87933305 6360.52965947 6490.79428418 6623.72674843 6759.38168997 6897.81486556 7039.08317385 7183.2446788 7330.35863352 7480.48550464 7633.68699715 7790.02607977 7949.56701081 8112.37536464 8278.51805857 10671.4799975 10947.5539014 11230.7699074 11521.3127836 11819.3720779 12125.1422421 12438.8227582 12760.6182691 13090.7387118 13429.3994544 13776.8214366 14133.2313139 14498.8616055 14873.9508458 15258.7437401 15653.4913247 16058.4511297 16473.8873479 16900.0710068 17337.2801455 0 0 0 0 0 0 0 0 0 0 0 0 0 0 0 0 0 0 0 0]"
"cargo_dro_infra","[0 0 0 0 0 0 0 0 0 0 0 0 0 0 0 0 0 0 0 0 0 0 0 0 0 0 0 0 0 0 0 0 0 0 0 0 0 0 0 0 0 0 0 0 0 0 0 0 0 0 0 0 0 0 0 0 0 0 0 0 0 0 0 0 0 0 0 0 0 0 110 0 0 0 0 0 0 0 0 0 50 0 0 0 0 50 0 0 0 0 0 0 0 0 0 30 0 0 0 0 0 0 0 0 0 40 0 0 0 0 0 0 0 0 0 30 0 0 0 0 0 0 0 0 0 60 0 0 0 0 0 0 0 0 0 0 0 0 0 0 0 0 0 0 0 0 0 0 0 0 0 0 0 0 0 0 0 0 0 0 0 0 0 0 0 0 0 0 0 0 0 0 0 0 0 0 0 0 0 0 0 0 0 0 0 0 0 0 0 0 0 0 0 0 0 0 0 0 0 0 0]"
"cargo_fsp","[0 0 0 0 0 0 0 0 0 0 0 0 0 0 0 0 0 0 0 66 0 0 0 0 0 0 132 858 5874 0 0 0 0 0 0 0 732.6 679.8 666.6 495 231 0 0 0 0 0 0 0 0 0 0 0 0 0 0 0 0 0 0 0 0 0 0 0 0 0 0 0 0 0 0 0 0 0 0 0 0 0 0 0 0 0 0 0 0 0 0 0 0 0 0 0 0 0 0 0 0 0 0 0 0 0 0 0 0 0 0 0 0 0 0 0 0 0 0 0 0 0 0 0 0 0 0 0 0 0 0 0 0 0 0 0 0 0 0 0 0 0 0 0 0 0 0 0 0 0 0 0 0 0 0 0 0 0 0 0 0 0 0 0 0 0 0 0 0 0 0 0 0 0 0 0 0 0 0 0 0 0 0 0 0 0 0 0 0 0 0 0 0 0 0 0 0 0 0 0 0 0 0 0 0]"
"cargo_haul_25","[0 0 0 0 0 0 0 0 0 0 0 0 0 0 0 0 0 0 0 1.45 0 0 0 0 0 0 4.226025 28.71435 188.29555 0 0 0 0 0 0 0 38.821575 44.8427 53.853725 61.87295 73.881125 81.2464 94.18185 108.04095 123.65745 141.5345 121.5825 139.664 161.4865 185.803 213.8605 246.2825 284.316 326.714 376.594 433.956 499.4235 574.2435 661.5335 760.67 874.7705 718.272 794.339 879.135 971.413 1073.667 1187.144 1311.844 1449.014 1599.901 1766.999 1950.308 2152.9455 2374.288 2619.3235 2888.052 3182.9675 3507.811 3863.8295 4254.764 4683.732 1467.719 1496.4 1523.2105 1550.021 1576.208 1601.148 1624.841 1647.287 1667.8625 1687.8145 1704.649 1720.86 1733.33 1743.9295 1752.035 3486.612 3650.5925 3821.4315 4000.376 4188.0495 3298.315 3414.9095 3534.6215 3659.3215 3789.0095 3921.815 4060.8555 4203.637 4352.03 4505.411 4663.78 4829.0075 4999.223 5175.05 5357.7355 5547.2795 5742.435 5944.449 6154.5685 6371.5465 8769.5275 9179.7905 9610.629 10060.796 10532.7855 11025.974 11543.479 12084.0535 12651.4385 13243.7635 13864.7695 14515.08 15195.3185 15907.979 16653.685 17433.6835 18251.7155 19107.1575 20003.127 20940.2475 0 0 0 0 0 0 0 0 0 0 0 0 0 0 0 0 0 0 0 0 0 0 0 0 0 0 0 0 0 0 0 0 0 0 0 0 0 0 0 0 0 0 0 0 0 0 0 0 0 0 0 0 0 0 0 0 0 0 0 0]"
"cargo_haulers","[0 0 0 0 0 0 0 0 0 0 0 0 0 0 0 0 0 0 0 1.45 0 0 0 0 0 0 4.226025 28.71435 188.29555 0 0 0 0 0 0 0 38.821575 44.8427 53.853725 61.87295 73.881125 81.2464 94.18185 108.04095 123.65745 141.5345 121.5825 139.664 161.4865 185.803 213.8605 246.2825 284.316 326.714 376.594 433.956 499.4235 574.2435 661.5335 760.67 874.7705 718.272 794.339 879.135 971.413 1073.667 1187.144 1311.844 1449.014 1599.901 1766.999 1950.308 2152.9455 2374.288 2619.3235 2888.052 3182.9675 3507.811 3863.8295 4254.764 4683.732 1467.719 1496.4 1523.2105 1550.021 1576.208 1601.148 1624.841 1647.287 1667.8625 1687.8145 1665.006 1640.82 1612.4 1581.7035 1548.31 3000.108 3056.31 3110.4675 3163.088 3214.0845 2531.265 2620.7445 2712.6165 2808.3165 2907.8445 3009.765 3116.4705 3226.047 3339.93 3457.641 3579.18 3705.9825 3836.613 3971.55 4111.7505 4257.2145 4406.985 4562.019 4723.2735 4889.7915 5062.53 5241.0105 5425.233 5617.1115 5815.2105 6020.0085 6232.4625 6452.094 6679.86 6915.282 7158.8385 7411.4865 7673.226 7943.5785 8223.501 8513.9505 8813.97 9124.5165 9446.547 9779.583 5880.2865 5999.9115 6123.3645 6248.7315 6376.491 6507.1215 6640.1445 6776.517 6915.282 7056.4395 7201.425 7348.803 7499.5305 7652.6505 7809.5985 7969.896 8132.586 8299.5825 8468.9715 8643.1455 11140.9155 11428.9725 11725.164 12028.0545 12339.558 12658.7175 12986.0115 13321.9185 13666.917 14020.5285 14382.753 14755.026 15136.869 15528.282 15930.222 16342.2105 16765.2045 17198.7255 17643.7305 18099.741 0 0 0 0 0 0 0 0 0 0 0 0 0 0 0 0 0 0 0 0]"
"cargo_hubs","[0 0 0 0 0 0 0 0 0 0 0 0 0 0 0 0 0 0 0 0.25 0 0 0 0 0 0 0 0 0.25 0 0 0 0 0 0 0 0.25 0 0.25 0 0.25 0.25 0.5 0.25 0.5 0.5 0.5 0.5 0.75 0.75 0.75 1 1.25 1.25 1.5 1.75 2 2.25 2.75 3 3.5 3 3 3.75 3.75 4.25 4.75 5.25 6 6.25 7.25 7.75 8.5 9.75 10.5 11.5 12.75 14 15.5 17 19 5.75 6 6 6.25 6.5 6.25 6.5 6.75 6.75 6.75 6.75 7 6.75 7 7 14 14.75 15.25 16 16.75 13.25 13.75 14.25 14.75 15 15.75 16.25 17 17.5 18 18.75 19.25 20 20.75 21.5 22.25 23 24 24.5 25.5 26.5 27.5 28.25 29.5 30.25 31.5 32.5 33.75 35 36 37.5 38.75 40 41.5 43 44.5 46 47.75 49.25 51 30.75 31.5 32 32.5 33.5 34 34.5 35.5 36 37 37.5 38.5 39.25 40 40.75 41.5 42.5 43.5 44.25 45.25 58 59.75 61.25 63 64.25 66.25 67.75 69.75 71.25 73.25 75.25 77 79.25 81 83.25 85.5 87.5 90 92 94.5 0 0 0 0 0 0 0 0 0 0 0 0 0 0 0 0 0 0 0 0]"
"cargo_k","[0 0 0 0 0 0 0 0 0 0 0 0 0 0 0 0 0 0 0 28 0 0 0 0 0 0 54.32 342.16 2267.72 0 0 0 0 0 0 0 450.24 519.68 631.96 730.8 847 990.08 1152.48 1326.64 1529.08 1758.4 1429.68 1532.72 1631.84 1716.96 1792 1835.68 1846.04 1814.4 1718.08 1540 1797.6 2094.4 2444.4 2847.6 3320.8 2847.6 3194.8 3584 4020.8 4510.8 5065.2 5681.2 6372.8 7151.2 8024.8 9002 10102.4 11334.4 12717.6 14268.8 16010.4 17964.8 20157.2 22612.8 25376.4 10939.6 11449.2 11989.6 12549.6 13140.4 13753.6 14400.4 15072.4 15783.6 16520 17295.6 18107.6 18953.2 19846.4 20773.2 21747.6 22766.8 23836.4 24950.8 26124 20571.6 21296.8 22047.2 22825.6 23629.2 24463.6 25326 26219.2 27143.2 28100.8 29092 30119.6 31180.8 32278.4 33418 34596.8 35817.6 37077.6 38388 39740.4 41143.2 42593.6 44094.4 45651.2 47258.4 48927.2 50652 52438.4 54289.2 56201.6 58184 60236.4 62361.6 64556.8 66838.8 69190.8 71635.2 74158 76773.2 79483.6 47787.6 48764.8 49764.4 50783.6 51822.4 52886.4 53967.2 55073.2 56201.6 57352.4 58528.4 59724 60950.4 62196.4 63470.4 64769.6 66099.6 67449.2 68832.4 70243.6 90543.6 92890 95289.6 97756.4 100287.6 102880.4 105540.4 108273.2 111070.4 113948.8 116894.4 119915.6 123020.8 126204.4 129469.2 132815.2 136253.6 139778.8 143396.4 147103.6 0 0 0 0 0 0 0 0 0 0 0 0 0 0 0 0 0 0 0 0]"
"cargo_mkiii_leo","[0 0 0 0 0 0 0 0 0 0 0 0 0 0 0 0 0 0 0 0 0 0 0 0 0 0 0 0 0 0 0 0 0 0 0 0 0 0 0 0 0 0 0 0 0 0 0 0 0 0 0 0 0 0 0 0 0 0 0 0 102.84 109.696 116.552 123.408 130.264 137.12 143.976 150.832 157.688 164.544 171.4 178.256 185.112 191.968 198.824 205.68 212.536 219.392 226.248 233.104 137.12 137.12 137.12 137.12 137.12 137.12 137.12 137.12 137.12 137.12 137.12 137.12 137.12 137.12 137.12 137.12 137.12 137.12 137.12 137.12 137.12 137.12 137.12 137.12 137.12 137.12 137.12 137.12 137.12 137.12 137.12 137.12 137.12 137.12 137.12 24 24 24 24 24 24 24 24 24 24 24 24 24 24 24 24 24 24 24 24 24 24 24 24 24 24 24 24 24 24 24 24 24 24 24 24 24 24 24 24 24 24 24 24 24 24 24 24 24 24 24 24 24 24 24 24 24 24 24 24 24 24 24 24 24 24 24 24 24 24 24 24 24 24 24 24 24 24 24 24 24 24 24 24 24 24]"
"cargo_molei","[6.966 0 0 0.387 0 0 0.387 45.279 0 0.387 1.935 2.322 1.548 2.322 1.935 2.322 2.709 3.096 2.709 3.096 3.096 2.709 3.483 2.709 3.096 3.096 3.87 4.257 4.644 3.87 4.644 3.87 4.257 4.644 3.87 4.644 0 0 0 0 0 0 0 0 0 0 0.774 1.161 0.774 0.774 1.161 0.774 0.774 1.161 0.774 0.774 1.161 0.774 0.774 1.161 0.774 0 0 0 0 0 0 0 0 0 0 0 0 0 0 0 0 0 0 0 0 0 0 0 0 0 0 0 0 0 0 0 0 0 0 0 0 0 0 0 0 0 0 0 0 0 0 0 0 0 0 0 0 0 0 0 0 0 0 0 0 0 0 0 0 0 0 0 0 0 0 0 0 0 0 0 0 0 0 0 0 0 0 0 0 0 0 0 0 0 0 0 0 0 0 0 0 0 0 0 0 0 0 0 0 0 0 0 0 0 0 0 0 0 0 0 0 0 0 0 0 0 0 0 0 0 0 0 0 0 0 0 0 0 0 0 0 0 0 0 0]"
"cargo_msr","[0 0 0 0 0 0 0 0 0 0 0 0 0 0 0 0 0 0 0 0 0 0 0 0 0 0 0 0 0 0 0 0 0 0 0 0 50 0 0 0 0 0 50 0 50 50 0 48 47 46 45 44 43 84 82 80 117 114 111 144 175 136 132 192 155 210 203 224 243 260 300 312 322 352 399 400 437 450 493 528 540 225 255 255 270 285 285 315 315 345 360 360 390 405 435 435 465 495 510 540 555 435 465 465 495 510 510 555 555 585 600 630 645 660 690 720 735 780 795 810 855 885 915 945 975 1020 1035 1095 1125 1155 1215 1245 1290 1335 1380 1425 1485 1545 1590 1635 1710 1020 1050 1065 1080 1110 1140 1155 1185 1200 1230 1260 1275 1305 1335 1365 1380 1410 1455 1470 1515 1935 1995 2040 2085 2160 2205 2250 2325 2385 2430 2505 2580 2640 2700 2775 2850 2910 3000 3075 3150 0 0 0 0 0 0 0 0 0 0 0 0 0 0 0 0 0 0 0 0]"
"cargo_msr_25","[0 0 0 0 0 0 0 0 0 0 0 0 0 0 0 0 0 0 0 0 0 0 0 0 0 0 0 0 0 0 0 0 0 0 0 0 0 0 0 0 0 0 0 0 0 200 0 48 47 46 45 44 43 84 82 80 117 114 111 144 175 136 132 192 155 210 203 224 243 260 300 312 322 352 399 400 437 450 493 528 540 225 255 255 270 285 285 315 315 345 360 360 390 405 435 435 465 495 510 540 555 435 465 465 495 510 510 555 555 585 600 630 645 660 690 720 735 780 795 810 855 1170 1230 1290 1335 1410 1470 1545 1620 1695 1770 1845 1950 2025 2130 2220 2325 2445 2550 2685 2790 0 0 0 0 0 0 0 0 0 0 0 0 0 0 0 0 0 0 0 0 0 0 0 0 0 0 0 0 0 0 0 0 0 0 0 0 0 0 0 0 0 0 0 0 0 0 0 0 0 0 0 0 0 0 0 0 0 0 0 0]"
"cargo_probes","[0 0 0 0.8 0 0 0.8 0 0 0.8 3.2 4 3.2 4 3.2 4 4.8 5.6 4.8 5.6 5.6 4.8 5.6 4.8 5.6 5.6 7.2 7.2 8 7.2 8 7.2 7.2 8 7.2 8 3.2 3.2 3.2 3.2 3.2 3.2 3.2 3.2 3.2 3.2 1.6 1.6 1.6 1.6 1.6 1.6 1.6 1.6 1.6 1.6 1.6 1.6 1.6 1.6 1.6 0 0 0 0 0 0 0 0 0 0 0 0 0 0 0 0 0 0 0 0 0 0 0 0 0 0 0 0 0 0 0 0 0 0 0 0 0 0 0 0 0 0 0 0 0 0 0 0 0 0 0 0 0 0 0 0 0 0 0 0 0 0 0 0 0 0 0 0 0 0 0 0 0 0 0 0 0 0 0 0 0 0 0 0 0 0 0 0 0 0 0 0 0 0 0 0 0 0 0 0 0 0 0 0 0 0 0 0 0 0 0 0 0 0 0 0 0 0 0 0 0 0 0 0 0 0 0 0 0 0 0 0 0 0 0 0 0 0 0 0]"
"cargo_reagent","[0 0 0 0 0 0 0 0 0 0 0 0 0 0 0 0 0 0 0 0.0343 0.03283 0.03136 0.02989 0.02842 0.02695 0.02548 0.07203 0.36064 2.21235 2.058 1.90365 1.7493 1.59495 1.4406 1.28625 1.1319 1.20099 1.23872 1.24215 1.176 1.01185 0.71148 0.43806 0.539 0.66346 0.81732 0.95256 1.11034 1.29458 1.5092 1.76008 2.05212 2.39218 2.78908 3.25164 3.79064 4.4198 5.15284 6.00838 7.00504 8.16732 9.16398 10.28216 11.53656 12.94384 14.52262 16.29544 18.28386 20.51434 23.01726 25.82594 28.97664 32.51248 36.47952 40.93068 45.92476 51.5284 57.81608 64.8711 72.78558 81.66732 85.49618 89.5034 93.69976 98.09212 102.69126 107.50502 112.54516 117.8205 123.34476 129.12676 135.18022 141.51788 148.1515 155.09774 162.36836 169.98002 177.9484 186.29114 195.02392 204.16732 211.36738 218.82126 226.53778 234.52674 242.79696 251.35922 260.22332 269.40004 278.90016 288.73544 298.91764 309.4595 320.37278 331.67022 343.36652 355.4754 368.01156 380.98872 394.42452 408.33366 422.73378 437.64154 453.07458 469.0525 485.59294 502.71746 520.44566 538.7991 557.80032 577.47088 597.83528 618.91802 640.74458 663.33946 686.73304 710.94982 736.02214 761.97744 788.84806 816.66732 833.39298 850.46066 867.8782 885.65246 903.7903 922.30054 941.18906 960.46468 980.13524 1000.20858 1020.69352 1041.59692 1062.92956 1084.6983 1106.91294 1129.5823 1152.71716 1176.32438 1200.41572 1225.00098 1256.69124 1289.20274 1322.5541 1356.76884 1391.8695 1427.87764 1464.81678 1502.7124 1541.58704 1581.46912 1622.38216 1664.35262 1707.4099 1751.58144 1796.89566 1843.38098 1891.06974 1939.99232 1990.18106 2041.66732 2041.66732 2041.66732 2041.66732 2041.66732 2041.66732 2041.66732 2041.66732 2041.66732 2041.66732 2041.66732 2041.66732 2041.66732 2041.66732 2041.66732 2041.66732 2041.66732 2041.66732 2041.66732 2041.66732 2041.66732]"
"cargo_sentinel","[0 0 0 0 0 0 0 0 0 0 0 0 0 0 0 0 0 0 0 0.08 0 0 0 0 0 0 0 0 0 0 0 0 0 0 0 0 0 0 0 0 0 0 0 0.08 0 0 0 0.08 0 0.08 0 0.08 0 0.08 0.08 0.08 0.16 0.08 0.16 0.16 0.16 0.16 0.16 0.24 0.24 0.24 0.32 0.32 0.32 0.4 0.48 0.56 0.56 0.64 0.72 0.8 0.96 0.96 1.2 1.28 1.44 0.64 0.64 0.72 0.72 0.72 0.8 0.8 0.88 0.88 0.96 0.96 1.04 1.12 1.12 1.2 1.2 1.36 1.36 1.44 1.44 1.2 1.2 1.28 1.28 1.36 1.36 1.52 1.44 1.6 1.6 1.68 1.68 1.76 1.84 1.92 2 2.08 2.08 2.16 2.32 2.32 2.48 2.48 2.64 2.72 2.72 2.96 2.96 3.12 3.2 3.36 3.44 3.52 3.68 3.84 3.92 4.16 4.24 4.32 4.56 2.72 2.8 2.88 2.88 2.96 3.04 3.04 3.2 3.2 3.28 3.36 3.36 3.52 3.52 3.68 3.68 3.76 3.84 3.92 4.08 5.12 5.36 5.44 5.52 5.76 5.92 6 6.16 6.4 6.48 6.64 6.88 7.04 7.2 7.44 7.6 7.76 8 8.16 8.4 0 0 0 0 0 0 0 0 0 0 0 0 0 0 0 0 0 0 0 0]"
"cargo_sinter_build","[0 0 0 0 0 0 0 0 0 0 0 0 0 0 0 0 0 0 0 2.2 0 0 0 0 0 0 2.2 2.2 2.2 0 0 0 0 0 0 0 2.2 2.2 2.2 2.2 2.2 2.2 2.2 2.2 2.2 2.2 2.2 2.2 2.2 4.4 4.4 4.4 4.4 6.6 6.6 6.6 8.8 8.8 11 13.2 13.2 13.2 13.2 15.4 17.6 19.8 22 24.2 26.4 28.6 33 37.4 41.8 46.2 50.6 57.2 63.8 72.6 79.2 90.2 101.2 44 46.2 48.4 50.6 52.8 55 57.2 59.4 63.8 66 68.2 72.6 74.8 79.2 83.6 85.8 90.2 94.6 99 103.4 81.4 85.8 88 90.2 94.6 96.8 101.2 103.4 107.8 112.2 114.4 118.8 123.2 127.6 132 136.4 140.8 147.4 151.8 156.2 162.8 169.4 173.8 180.4 187 193.6 200.2 206.8 213.4 222.2 228.8 237.6 246.4 255.2 264 272.8 281.6 292.6 303.6 312.4 189.2 193.6 195.8 200.2 204.6 209 213.4 217.8 222.2 226.6 231 235.4 239.8 246.4 250.8 255.2 261.8 266.2 270.6 277.2 356.4 365.2 376.2 385 396 404.8 415.8 426.8 437.8 448.8 459.8 473 484 497.2 510.4 523.6 536.8 550 565.4 578.6 0 0 0 0 0 0 0 0 0 0 0 0 0 0 0 0 0 0 0 0]"
"cargo_spa_msr","[0 0 0 0 0 0 0 0 0 0 0 0 0 0 0 0 0 0 0 0 0 0 0 0 0 0 0 0 0 0 0 0 0 0 0 0 0 0 0 0 0 0 0 0 0 0 0 0 0 0 0 0 0 0 0 0 0 0 0 0 0 0 0 0 0 0 0 0 0 0 0 0 0 0 0 0 0 0 0 0 0 0 0 0 0 0 0 0 0 0 0 0 0 0 0 0 0 0 0 0 0 0 0 0 0 15 0 0 0 0 0 0 0 0 0 0 0 0 0 0 0 0 0 0 0 15 0 0 0 0 0 0 0 0 0 0 0 0 0 0 15 0 0 0 0 0 0 0 0 0 0 0 0 0 0 0 0 0 0 0 0 0 0 0 0 0 0 0 0 0 0 0 0 0 0 0 0 0 0 0 0 0 0 0 0 0 0 0 0 0 0 0 0 0 0 0 0 0 0 0 0]"
"cargo_spa_ops","[18 18 18 18 18 18 18 23 23 30 30 30 30 30 30 20 20 20 20 20 20 20 20 20 20 15 15 15 15 15 15 15 15 15 15 15 15 15 15 15 15 15 15 15 15 15 15 15 15 15 15 15 15 15 15 15 15 15 15 15 15 15 15 15 15 15 15 15 15 15 15 15 15 15 15 15 15 15 15 15 15 15 15 15 15 15 15 15 15 15 15 15 15 15 15 15 15 15 15 15 15 15 15 15 15 15 15 15 15 15 15 15 15 15 15 15 15 15 15 15 15 15 15 15 15 15 15 15 15 15 15 15 15 15 15 15 15 15 15 15 15 15 15 15 15 15 15 15 15 15 15 15 15 15 15 15 15 15 15 15 15 15 15 15 15 15 15 15 15 15 15 15 15 15 15 15 15 15 15 15 15 15 15 15 15 15 15 15 15 15 15 15 15 15 15 15 15 15 15 15 15]"
"cargo_stack","[0 0 0 0 0 0 0 0 0 0 0 0 0 0 0 0 0 0 0 28 0 0 0 0 0 0 54.32 342.16 2267.72 0 0 0 0 0 0 0 450.24 519.68 631.96 730.8 847 990.08 1152.48 1326.64 1529.08 1758.4 1429.68 1532.72 1631.84 1716.96 1792 1835.68 1846.04 1814.4 1718.08 1540 1797.6 2094.4 2444.4 2847.6 3320.8 2847.6 3194.8 3584 4020.8 4510.8 5065.2 5681.2 6372.8 7151.2 8024.8 9002 10102.4 11334.4 12717.6 14268.8 16010.4 17964.8 20157.2 22612.8 25376.4 10939.6 11449.2 11989.6 12549.6 13140.4 13753.6 14400.4 15072.4 15783.6 16520 17295.6 18107.6 18953.2 19846.4 20773.2 21747.6 22766.8 23836.4 24950.8 26124 20571.6 21296.8 22047.2 22825.6 23629.2 22751.148 21780.36 20713.168 19543.104 18265.52 16873.36 15360.996 13719.552 11943.008 10025.4 10379.04 10745.28 11123.28 11516.4 11922.12 12342.96 12778.08 13228.32 13695.36 14177.52 13601.7616 12966.912 12270.5856 11509.3104 10678.304 9774.912 8794.5144 7732.8384 6584.7936 5347.104 5535.264 5730.816 5932.64 6141.856 6358.688 3823.008 3901.184 3981.152 4062.688 4145.792 4230.912 4317.376 4405.856 4496.128 4588.192 4682.272 4777.92 4876.032 4975.712 5077.632 5181.568 5287.968 5395.936 5506.592 5619.488 7243.488 7431.2 7623.168 7820.512 8023.008 8230.432 8443.232 8661.856 8885.632 9115.904 9351.552 9593.248 9841.664 10096.352 10357.536 10625.216 10900.288 11182.304 11471.712 11768.288 0 0 0 0 0 0 0 0 0 0 0 0 0 0 0 0 0 0 0 0 0 0 0 0 0 0 0 0 0 0 0 0 0 0 0 0 0 0 0 1.45 0 0 0 0 0 0 4.226025 28.71435 188.29555 0 0 0 0 0 0 0 38.821575 44.8427 53.853725 61.87295 73.881125 81.2464 94.18185 108.04095 123.65745 141.5345 121.5825 139.664 161.4865 185.803 213.8605 246.2825 284.316 326.714 376.594 433.956 499.4235 574.2435 661.5335 760.67 874.7705 718.272 794.339 879.135 971.413 1073.667 1187.144 1311.844 1449.014 1599.901 1766.999 1950.308 2152.9455 2374.288 2619.3235 2888.052 3182.9675 3507.811 3863.8295 4254.764 4683.732 1467.719 1496.4 1523.2105 1550.021 1576.208 1601.148 1624.841 1647.287 1667.8625 1687.8145 1665.006 1640.82 1612.4 1581.7035 1548.31 3000.108 3056.31 3110.4675 3163.088 3214.0845 2531.265 2620.7445 2712.6165 2808.3165 2907.8445 3009.765 3116.4705 3226.047 3339.93 3457.641 3579.18 3705.9825 3836.613 3971.55 4111.7505 4257.2145 4406.985 4562.019 4723.2735 4889.7915 5062.53 5241.0105 5425.233 5617.1115 5815.2105 6020.0085 6232.4625 6452.094 6679.86 6915.282 7158.8385 7411.4865 7673.226 7943.5785 8223.501 8513.9505 8813.97 9124.5165 9446.547 9779.583 5880.2865 5999.9115 6123.3645 6248.7315 6376.491 6507.1215 6640.1445 6776.517 6915.282 7056.4395 7201.425 7348.803 7499.5305 7652.6505 7809.5985 7969.896 8132.586 8299.5825 8468.9715 8643.1455 11140.9155 11428.9725 11725.164 12028.0545 12339.558 12658.7175 12986.0115 13321.9185 13666.917 14020.5285 14382.753 14755.026 15136.869 15528.282 15930.222 16342.2105 16765.2045 17198.7255 17643.7305 18099.741 0 0 0 0 0 0 0 0 0 0 0 0 0 0 0 0 0 0 0 0 0 0 0 0 0 0 0 0 0 0 0 0 0 0 0 0 0 0 0 0 0 0 0 0 0 0 0 0 0 0 0 0 0 0 0 0 0 0 0 0 0 2.17637640824 3.18249090444 4.53744201812 6.34873859633 8.75495207288 9.97743203539 12.6000416454 15.8182540177 19.7575131856 24.5684936176 30.4320192314 37.5649201445 46.2270029217 56.7293425883 69.4441431335 84.8164587162 103.378121571 125.764286206 152.733074648 185.188896339 178.119377017 206.698575957 239.600223343 277.453654637 320.977431595 370.991746911 428.432527608 494.367467046 570.01424622 656.761239919 756.191042868 870.107195736 1000.56454163 1149.90370117 1320.79021917 1516.25900981 1739.76481046 1995.23944865 2287.15683385 2620.60670639 1461.04481703 1554.07793706 1652.62286551 1756.99192799 1867.51462027 1984.53853182 2108.43031804 2239.57672404 2378.38566241 2525.28734792 2680.73549212 2845.20856086 3019.21109815 3203.2751197 3397.9615798 2563.17040614 2683.33243707 2809.12769224 2940.82025853 3078.68660328 2424.46351409 2509.96203528 2598.47565529 2690.11070138 2784.97725039 2883.18926103 2984.86471074 3090.12573744 3199.09878623 3311.91476129 3428.70918311 3549.62235133 3674.79951321 3804.39103818 3938.5525984 4077.44535583 4221.23615577 4370.09772732 4524.20889086 4683.75477283 4848.92702819 5019.92407055 5196.95131059 5380.22140276 5569.95450078 5766.37852205 5969.72942147 6180.25147487 6398.19757246 6623.82952257 6857.41836622 7099.24470266 7349.59902643 7608.78207636 7877.10519681 8154.89071166 8442.47231154 8740.19545464 9048.41778171 9367.50954567 5632.0422536 5747.38734431 5865.09472021 5985.21276125 6107.79083822 6232.87933305 6360.52965947 6490.79428418 6623.72674843 6759.38168997 6897.81486556 7039.08317385 7183.2446788 7330.35863352 7480.48550464 7633.68699715 7790.02607977 7949.56701081 8112.37536464 8278.51805857 10671.4799975 10947.5539014 11230.7699074 11521.3127836 11819.3720779 12125.1422421 12438.8227582 12760.6182691 13090.7387118 13429.3994544 13776.8214366 14133.2313139 14498.8616055 14873.9508458 15258.7437401 15653.4913247 16058.4511297 16473.8873479 16900.0710068 17337.2801455 0 0 0 0 0 0 0 0 0 0 0 0 0 0 0 0 0 0 0 0 0 0 0 0 0 0 0 0 0 0 0 0 0 0 0 0 0 0 0 0 0 0 0 0 0 0 0 0 0 0 0 0 0 0 0 1.008 1.232 1.54 1.876 2.324 2.856 3.5 4.312 5.292 6.524 8.008 9.352 10.892 12.684 14.784 17.248 20.104 23.436 27.328 31.864 37.156 43.316 50.484 58.856 68.628 80.024 89.768 100.716 113.008 126.812 142.268 159.628 179.116 200.956 225.484 253.008 283.864 318.5 357.364 400.96 449.876 504.784 566.384 635.488 713.02 800.016 837.508 876.792 917.896 960.904 1005.956 1053.108 1102.5 1154.16 1208.284 1264.928 1324.232 1386.308 1451.296 1519.336 1590.568 1665.132 1743.168 1824.9 1910.44 2000.012 2070.544 2143.568 2219.14 2297.4 2378.432 2462.292 2549.148 2639.028 2732.1 2828.448 2928.184 3031.448 3138.352 3249.036 3363.612 3482.22 3605.028 3732.148 3863.748 4000.024 4141.06 4287.108 4438.28 4594.8 4756.836 4924.584 5098.268 5278.056 5464.172 5656.868 5856.368 6062.868 6276.676 6498.044 6727.196 6964.412 7210.028 7464.268 7727.496 8000.02 8163.848 8331.064 8501.668 8675.8 8853.46 9034.788 9219.812 9408.644 9601.34 9797.984 9998.632 10203.424 10412.388 10625.636 10843.252 11065.32 11291.924 11523.176 11759.188 12000.016 12310.452 12628.924 12955.656 13290.816 13634.656 13987.372 14349.244 14720.44 15101.268 15491.952 15892.716 16303.868 16725.66 17158.372 17602.256 18057.62 18524.772 19004.02 19495.644 20000.008 20000.008 20000.008 20000.008 20000.008 20000.008 20000.008 20000.008 20000.008 20000.008 20000.008 20000.008 20000.008 20000.008 20000.008 20000.008 20000.008 20000.008 20000.008 20000.008 20000.008 0 0 0 0 0 0 0 0 0 0 0 0 0 0 0 0 0 0 0 66 0 0 0 0 0 0 132 858 5874 0 0 0 0 0 0 0 782.6 679.8 666.6 495 231 0 50 0 50 50 0 48 47 46 45 44 43 84 82 80 117 114 111 144 175 136 132 192 155 210 203 224 243 260 300 312 322 352 399 400 437 450 493 528 540 225 255 255 270 285 285 315 315 345 360 360 390 405 435 435 465 495 510 540 555 435 465 465 495 510 510 555 555 585 600 630 645 660 690 720 735 780 795 810 855 885 915 945 975 1020 1035 1095 1125 1155 1215 1245 1290 1335 1380 1425 1485 1545 1590 1635 1710 1020 1050 1065 1080 1110 1140 1155 1185 1200 1230 1260 1275 1305 1335 1365 1380 1410 1455 1470 1515 1935 1995 2040 2085 2160 2205 2250 2325 2385 2430 2505 2580 2640 2700 2775 2850 2910 3000 3075 3150 0 0 0 0 0 0 0 0 0 0 0 0 0 0 0 0 0 0 0 0 0 0 0 0 0 0 0 0 0 0 0 0 0 0 0 0 0 0 0 0.0343 0.03283 0.03136 0.02989 0.02842 0.02695 0.02548 0.07203 0.36064 2.21235 2.058 1.90365 1.7493 1.59495 1.4406 1.28625 1.1319 1.20099 1.23872 1.24215 1.176 1.01185 0.71148 0.43806 0.539 0.66346 0.81732 0.95256 1.11034 1.29458 1.5092 1.76008 2.05212 2.39218 2.78908 3.25164 3.79064 4.4198 5.15284 6.00838 7.00504 8.16732 9.16398 10.28216 11.53656 12.94384 14.52262 16.29544 18.28386 20.51434 23.01726 25.82594 28.97664 32.51248 36.47952 40.93068 45.92476 51.5284 57.81608 64.8711 72.78558 81.66732 85.49618 89.5034 93.69976 98.09212 102.69126 107.50502 112.54516 117.8205 123.34476 129.12676 135.18022 141.51788 148.1515 155.09774 162.36836 169.98002 177.9484 186.29114 195.02392 204.16732 211.36738 218.82126 226.53778 234.52674 242.79696 251.35922 260.22332 269.40004 278.90016 288.73544 298.91764 309.4595 320.37278 331.67022 343.36652 355.4754 368.01156 380.98872 394.42452 408.33366 422.73378 437.64154 453.07458 469.0525 485.59294 502.71746 520.44566 538.7991 557.80032 577.47088 597.83528 618.91802 640.74458 663.33946 686.73304 710.94982 736.02214 761.97744 788.84806 816.66732 833.39298 850.46066 867.8782 885.65246 903.7903 922.30054 941.18906 960.46468 980.13524 1000.20858 1020.69352 1041.59692 1062.92956 1084.6983 1106.91294 1129.5823 1152.71716 1176.32438 1200.41572 1225.00098 1256.69124 1289.20274 1322.5541 1356.76884 1391.8695 1427.87764 1464.81678 1502.7124 1541.58704 1581.46912 1622.38216 1664.35262 1707.4099 1751.58144 1796.89566 1843.38098 1891.06974 1939.99232 1990.18106 2041.66732 2041.66732 2041.66732 2041.66732 2041.66732 2041.66732 2041.66732 2041.66732 2041.66732 2041.66732 2041.66732 2041.66732 2041.66732 2041.66732 2041.66732 2041.66732 2041.66732 2041.66732 2041.66732 2041.66732 2041.66732 6.966 0 0 1.187 0 0 1.187 45.279 0 1.187 5.135 6.322 4.748 6.322 5.135 6.322 7.509 8.696 7.509 8.696 8.696 7.509 9.083 7.509 8.696 8.696 11.07 11.457 12.644 11.07 12.644 11.07 11.457 12.644 11.07 12.644 3.2 3.2 3.2 3.2 3.2 3.2 3.2 3.2 3.2 3.2 2.374 2.761 2.374 2.374 2.761 2.374 2.374 2.761 2.374 2.374 2.761 2.374 2.374 2.761 2.374 0 0 0 0 0 0 0 0 0 0 0 0 0 0 0 0 0 0 0 0 0 0 0 0 0 0 0 0 0 0 0 0 0 0 0 0 0 0 0 0 0 0 0 0 0 0 0 0 0 0 0 0 0 0 0 0 0 0 0 0 0 0 0 0 0 0 0 0 0 0 0 0 0 0 0 0 0 0 0 0 0 0 0 0 0 0 0 0 0 0 0 0 0 0 0 0 0 0 0 0 0 0 0 0 0 0 0 0 0 0 0 0 0 0 0 0 0 0 0 0 0 0 0 0 0 0 0 0 0 0 0 0 0 0 0 0 0 0 0 0 0 0 0 0 0 0 0 0 0 0 0 0 0 0 0 0 0 0 0 0.149 0.149 0.149 0.149 0.149 0.149 0.149 0.4434 2.3306 14.88 14.439 13.998 13.557 13.116 12.675 12.234 11.793 16.4542 18.9338 21.961 25.435 29.463 34.112281882 41.9999943366 48.1554815467 57.6966252396 68.232 73.4824871602 81.3426873684 89.2533786385 97.0707662044 104.672608673 111.814968769 118.242193369 125.709128384 131.565975097 135.241595813 156.912678106 180.940568714 207.790390145 239.722055518 277.179 307.775596885 340.949089765 380.257090882 421.120359155 468.627246313 520.094205047 577.428367685 641.080205021 711.580276252 790.794082451 878.037037666 974.126573644 1081.02339635 1200.66991486 1331.90586595 1477.934161 1639.04098506 1818.4261823 2017.49196647 2237.185 2331.62422409 2430.99061377 2533.9387281 2641.34568774 2753.38726084 2869.4399535 2991.18810509 3117.27598871 3249.41091702 3387.00035376 3506.85324052 3632.16714379 3762.34115277 3898.37652837 4038.95189441 4202.09335109 4372.07245514 4548.33481453 4731.80438094 4921.97251163 5095.24073618 5275.35405798 5460.98808742 5653.85368744 5853.39827136 5807.71788139 5752.91992448 5686.02991037 5607.80158198 5516.69840974 5412.6375017 5294.01748834 5159.90988544 5010.10200761 4843.60320177 5014.08700064 5191.53283723 5374.60084215 5563.48265404 5759.84442326 5963.12967235 6173.52180898 6391.20946786 6616.41837487 6850.09623575 6932.96868678 7014.36834998 7092.43757377 7166.80964898 7238.5812725 7305.8373554 7368.89722571 7427.30259991 7480.55633122 7528.15256353 7793.7491743 8069.09212749 8353.66544429 8647.72434809 8953.02012651 9136.17521499 9323.52465311 9514.3944681 9708.83218121 9907.64246749 10110.8894009 10317.8770455 10529.4269016 10744.8458032 10964.9408577 11189.791292 11418.7036567 11652.5030866 11891.2467189 12135.0160738 12383.1349535 12636.4159006 12895.6949273 13159.5363455 13429.5370967 13776.6770763 14133.2939853 14498.812233 14873.3920313 15258.721048 15653.472989 16057.8317046 16473.4912155 16899.9001388 17336.5079817 17785.0097558 18245.6256873 18717.8236176 19201.8203412 19698.5988096 20208.386323 20730.6797628 21267.2181847 21817.5080532 22381.7991963 22381.7991963 22381.7991963 22381.7991963 22381.7991963 22381.7991963 22381.7991963 22381.7991963 22381.7991963 22381.7991963 22381.7991963 22381.7991963 22381.7991963 22381.7991963 22381.7991963 22381.7991963 22381.7991963 22381.7991963 22381.7991963 22381.7991963 22381.7991963 18 18 18 18 18 18 18 23 23 30 30 30 30 30 30 20 20 20 20 20 20 20 50 50 20 192.4 15 15 77 15 15 15 15 15 15 65 15 15 15 15 15 15 15 45 15 15 15 15 15 15 15 15 15 15 15 15 15 15 15 15 15 15 15 15 15 15 15 15 15 15 15 15 15 15 15 15 15 15 15 15 15 15 15 15 15 15 15 15 15 15 15 15 15 15 15 15 15 15 15 15 15 15 15 15 15 15 15 15 15 15 15 15 15 15 15 15 15 15 15 15 15 15 15 15 15 15 15 15 15 15 15 15 15 15 15 15 15 15 15 15 15 15 15 15 15 15 15 15 15 15 15 15 15 15 15 15 15 15 15 15 15 15 15 15 15 15 15 15 15 15 15 15 15 15 15 15 15 15 15 15 15 15 15 15 15 15 15 15 15 15 15 15 15 15 15 15 15 15 15 15 15]"
"cargo_tugs_leo","[0 0 0 0 0 0 0 0 0 0 0 0 0 0 0 0 0 0 0 0 0 0 0 0 0 0 0 0 0 0 0 0 0 0 0 0 0 0 0 0 0 0 0 0 0 0 0 0 0 0 0 0 0 0 0 0 0 0 0 0 0 0 0 0 0 105 5 5 5 5 5 5 5 5 5 5 5 5 5 5 5 5 5 5 5 57.5 7.5 7.5 7.5 7.5 7.5 7.5 7.5 7.5 7.5 7.5 7.5 7.5 7.5 7.5 7.5 7.5 7.5 7.5 7.5 112.5 12.5 12.5 12.5 12.5 12.5 12.5 12.5 12.5 12.5 12.5 12.5 12.5 12.5 12.5 12.5 12.5 12.5 12.5 12.5 12.5 12.5 12.5 12.5 12.5 12.5 12.5 12.5 12.5 12.5 12.5 12.5 12.5 12.5 12.5 12.5 12.5 12.5 12.5 12.5 12.5 12.5 12.5 12.5 12.5 12.5 12.5 12.5 12.5 12.5 12.5 12.5 12.5 12.5 12.5 12.5 12.5 12.5 12.5 12.5 12.5 12.5 12.5 12.5 12.5 12.5 12.5 12.5 12.5 12.5 12.5 12.5 12.5 12.5 12.5 12.5 12.5 12.5 12.5 12.5 12.5 12.5 12.5 12.5 12.5 12.5 12.5 12.5 12.5 12.5 12.5 12.5 12.5 12.5 12.5 12.5]"
"cargo_ybco","[0 0 0 0 0 0 0 0 0 0 0 0 0 0 0 0 0 0 0 0 0 0 30 30 0 0 0 0 0 0 0 0 0 0 0 50 0 0 0 0 0 0 0 30 0 0 0 0 0 0 0 0 0 0 0 0 0 0 0 0 0 0 0 0 0 0 0 0 0 0 0 0 0 0 0 0 0 0 0 0 0 0 0 0 0 0 0 0 0 0 0 0 0 0 0 0 0 0 0 0 0 0 0 0 0 0 0 0 0 0 0 0 0 0 0 0 0 0 0 0 0 0 0 0 0 0 0 0 0 0 0 0 0 0 0 0 0 0 0 0 0 0 0 0 0 0 0 0 0 0 0 0 0 0 0 0 0 0 0 0 0 0 0 0 0 0 0 0 0 0 0 0 0 0 0 0 0 0 0 0 0 0 0 0 0 0 0 0 0 0 0 0 0 0 0 0 0 0 0 0 0]"
"cd.name","Optimised (1.2 t/yr)"
"cd.reo_yr",1.2
"cd.mass_kg",28000
"cd.power_kw",400
"check_y","[25 35 45 60 80 100 120 140 160 200]"
"ci_25","[0 0 0 0 0 0 0 0 0 0 0 0 0 0 0 0 0 0 0 0 0 0 0 0 0 0 0.1803975 2.357565 24.188445 0 0 0 0 0 0 0 23.9488425 31.56273 43.5736275 57.027705 74.8168875 102.337475176 134.850547718 175.738044834 229.358858333 299.155958938 278.505870867 339.981679126 414.677032634 503.672975053 612.629087873 741.29958654 896.057748275 1083.69990555 1307.49835092 1575.46827195 1845.19392156 2157.49908098 2526.60379379 2953.86584183 3456.53685304 2996.47961633 3373.34339432 3797.37692435 4274.65064381 4811.90042003 5420.92991913 6100.99740245 6866.89678739 7731.18696782 8704.39645585 9797.09218145 11030.7541219 12416.7638291 13977.8696822 15734.2562164 17712.1803686 19938.8620399 22444.6170024 25261.1215843 28438.7795421 12816.1832523 13455.3880804 14132.5373945 14838.3925632 15583.5769785 16361.1084105 17181.7635043 18038.7170757 18945.2615086 19889.7795111 20885.402535 21930.8502656 23024.1480865 24179.1547774 25384.2535016 24905.0425717 26072.3673804 27296.6644653 28573.5608912 29916.2645962 23558.1391768 24388.721917 25248.1265951 26139.3231826 27060.0008257 28186.4132959 29357.5064004 30576.3484011 31844.0742938 33164.1149464 34537.4334479 35967.9071175 37453.6515751 38998.4371725 40608.921387 42041.3792261 43524.627196 45056.4427819 46648.1950426 48291.9224184 63141.7423536 65982.605184 68955.4211901 72060.9250153 75310.1510015 78857.6327619 82575.0226308 86463.6630423 90544.3452277 94815.8274929 99290.7911458 103979.357745 108891.57627 114037.506435 119427.549974 124832.979802 130491.993592 136405.413014 142585.193285 149054.176037 11716.5661318 11956.3843042 12201.3520184 12451.2305964 12706.1964926 12966.4280828 13231.940403 13502.9984399 13779.538622 14061.6647609 14349.7307446 14643.5967303 14943.5383397 15249.5028537 15561.8531088 15880.6236946 16205.7689516 16537.7415705 16876.3355428 17222.0912613 22200.1519453 22774.4476626 23363.7184241 23968.0673388 24588.1851481 25224.2760099 25876.8015906 26546.2333614 27233.0528525 27937.5866134 28660.2544296 29401.7348965 30162.3871504 30942.6644069 31743.1969063 32564.3789668 33406.8651963 34271.074911 35157.688363 36067.1511765 0 0 0 0 0 0 0 0 0 0 0 0 0 0 0 0 0 0 0 0]"
"circ_25","[0 0 0 0 0 0 0 0 0 0 0 0 0 0 0 0 0 0 0 1 1 1 1 1 1 1 3 16 105 105 105 105 105 105 105 105 129 158 195 240 295 363 447 550 677 834 972 1133 1321 1540 1796 2094 2441 2846 3318 3868 4510 5258 6131 7148 8334 9351 10492 11772 13208 14819 16628 18657 20933 23487 26353 29568 33176 37224 41766 46862 52580 58996 66195 74271 83334 87241 91330 95612 100094 104787 109699 114842 120225 125862 131762 137939 144406 151175 158263 165682 173449 181580 190093 199004 208334 215681 223287 231161 239313 247752 256489 265534 274898 284592 294628 305018 315775 326911 338439 350374 362730 375522 388764 402474 416667 436201 456650 478058 500469 523931 548493 574207 601125 629306 658808 689693 722026 755875 791311 828408 867243 907900 950463 995020 1041667 1041667 1041667 1041667 1041667 1041667 1041667 1041667 1041667 1041667 1041667 1041667 1041667 1041667 1041667 1041667 1041667 1041667 1041667 1041667 1041667 1041667 1041667 1041667 1041667 1041667 1041667 1041667 1041667 1041667 1041667 1041667 1041667 1041667 1041667 1041667 1041667 1041667 1041667 1041667 1041667 1041667 1041667 1041667 1041667 1041667 1041667 1041667 1041667 1041667 1041667 1041667 1041667 1041667 1041667 1041667 1041667 1041667 1041667 1041667 1041667]"
"circ_k","[0 0 0 0 0 0 0 0 0 0 0 0 0 0 0 0 0 0 0 1 1 1 1 1 1 1 3 16 105 105 105 105 105 105 105 105 129 158 195 240 295 363 447 550 677 834 972 1133 1321 1540 1796 2094 2441 2846 3318 3868 4510 5258 6131 7148 8334 9351 10492 11772 13208 14819 16628 18657 20933 23487 26353 29568 33176 37224 41766 46862 52580 58996 66195 74271 83334 87241 91330 95612 100094 104787 109699 114842 120225 125862 131762 137939 144406 151175 158263 165682 173449 181580 190093 199004 208334 215681 223287 231161 239313 247752 256489 265534 274898 284592 294628 305018 315775 326911 338439 350374 362730 375522 388764 402474 416667 431361 446573 462321 478625 495503 512977 531067 549795 569184 589256 610036 631549 653821 676877 700748 725459 751043 777528 804947 833334 850401 867817 885590 903727 922235 941123 960397 980066 1000138 1020621 1041524 1062854 1084622 1106835 1129503 1152635 1176242 1200331 1224914 1250001 1282338 1315513 1349545 1384458 1420275 1457018 1494711 1533380 1573048 1613744 1655492 1698319 1742255 1787328 1833567 1881001 1929663 1979584 2030797 2083334 2083334 2083334 2083334 2083334 2083334 2083334 2083334 2083334 2083334 2083334 2083334 2083334 2083334 2083334 2083334 2083334 2083334 2083334 2083334 2083334]"
"circuit.reo_yr",1.2
"circuit.mass_kg",28000
"circuit.power_kw",400
"circuit.life_yr",20
"circuit.maint_frac",0.005
"circuit_designs.name","ARRAY_OF_STRUCTS_SKIPPED"
"circuit_designs.reo_yr","ARRAY_OF_STRUCTS_SKIPPED"
"circuit_designs.mass_kg","ARRAY_OF_STRUCTS_SKIPPED"
"circuit_designs.power_kw","ARRAY_OF_STRUCTS_SKIPPED"
"circuits_needed","[0 0 0 0 0 0 0 0 0 0 0 0 0 0 0 0 0 0 0 1 1 1 1 1 1 1 3 16 105 105 105 105 105 105 105 105 129 158 195 240 295 363 447 550 677 834 972 1133 1321 1540 1796 2094 2441 2846 3318 3868 4510 5258 6131 7148 8334 9351 10492 11772 13208 14819 16628 18657 20933 23487 26353 29568 33176 37224 41766 46862 52580 58996 66195 74271 83334 87241 91330 95612 100094 104787 109699 114842 120225 125862 131762 137939 144406 151175 158263 165682 173449 181580 190093 199004 208334 215681 223287 231161 239313 247752 256489 265534 274898 284592 294628 305018 315775 326911 338439 350374 362730 375522 388764 402474 416667 431361 446573 462321 478625 495503 512977 531067 549795 569184 589256 610036 631549 653821 676877 700748 725459 751043 777528 804947 833334 850401 867817 885590 903727 922235 941123 960397 980066 1000138 1020621 1041524 1062854 1084622 1106835 1129503 1152635 1176242 1200331 1224914 1250001 1282338 1315513 1349545 1384458 1420275 1457018 1494711 1533380 1573048 1613744 1655492 1698319 1742255 1787328 1833567 1881001 1929663 1979584 2030797 2083334 2083334 2083334 2083334 2083334 2083334 2083334 2083334 2083334 2083334 2083334 2083334 2083334 2083334 2083334 2083334 2083334 2083334 2083334 2083334 2083334]"
"cl_25","[317.694 255 255 265.683 255 255 265.683 707.511 300 373.683 409.215 419.898 405.732 419.898 409.215 329.898 340.581 351.264 340.581 1248.3057 352.97247 342.27624 626.42901 612.24978 352.91955 1142.703792 1248.333057 6869.145186 45635.63346 285.705 290.98971 279.27522 278.15013 281.34504 269.63055 550.35846 6860.916531 6997.193388 7600.414725 7270.28613 6562.097865 6165.81650677 7151.4129343 8374.23471725 9445.78587871 5546.24026352 4192.37578132 4646.81850587 4978.89511497 5290.88453181 5584.71503906 5812.73235333 5974.72156712 6161.8488616 6093.82072755 5846.9742807 6864.05692539 7911.31090905 9150.18472421 10673.5812587 12425.8326242 10832.6107181 12065.3653976 13622.3805189 15092.9554678 16991.8140781 18952.5718132 21208.0302216 23719.0533635 26527.8902895 30009.1889893 33233.5001347 37153.3027068 41580.3569783 46578.0328234 52043.5854461 58256.4110104 65147.3855221 72932.1289107 81616.3092841 91416.0408993 43592.7888861 45612.7532104 47653.6429674 49812.4151726 52207.9761861 54396.2070966 56907.6947912 59435.7788652 62181.6679319 64983.2807375 67882.0901917 70994.6796205 74188.3501525 77591.5579954 81118.0339654 86523.8173113 90601.2887441 94830.6228282 99277.8376971 103911.501892 86446.7388625 89536.4081409 92642.2119366 95943.3658356 99456.7074738 97862.8537161 96303.3385993 94378.6945877 92286.1324446 89887.7632834 87232.4162694 84250.3770527 80942.3508846 77331.7946684 73438.5777597 75924.2587536 78648.3446887 81390.5787392 84225.7483425 87233.0351654 110915.27171 116105.277182 121529.061437 127162.684556 133321.807746 135128.485907 137056.49503 138847.561744 140504.413843 142004.575518 143320.321848 144526.320942 145432.365516 146180.70271 146621.074146 153459.536007 160648.294237 168117.700891 176003.132469 184195.869858 59794.8343833 59852.0119167 59907.7174333 59969.9814167 60034.62435 60094.8432833 60159.9329167 60227.6803 60294.7650333 60360.2017167 60429.5624 60501.0192333 60573.3641667 60652.2660167 60726.85595 60802.1826833 60885.3848333 60963.9212167 61043.0629 61130.17105 61514.1017 61633.4121167 61759.68385 61878.7673667 62009.26735 62137.8843667 62273.26555 62412.5279333 62553.2478667 62697.3564 62844.2823333 62999.3534833 63152.3650167 63316.9438667 63481.7644167 63649.3527167 63823.4896167 63998.0960667 64184.4495833 64369.6902333 62158.0902333 62158.0902333 62158.0902333 62158.0902333 62158.0902333 62158.0902333 62158.0902333 62158.0902333 62158.0902333 62158.0902333 62158.0902333 62158.0902333 62158.0902333 62158.0902333 62158.0902333 62158.0902333 62158.0902333 62158.0902333 62158.0902333 62158.0902333]"
"cl_k","[158.847 127.5 127.5 132.8415 127.5 127.5 132.8415 353.7555 150 186.8415 204.6075 209.949 202.866 209.949 204.6075 164.949 170.2905 175.632 170.2905 624.15285 176.486235 171.13812 313.214505 306.12489 176.459775 571.351896 624.1665285 3434.572593 22817.81673 142.8525 145.494855 139.63761 139.075065 140.67252 134.815275 275.17923 3572.2082655 3505.346694 3806.9573625 3641.893065 3287.7989325 3089.65825338 3724.20646715 4200.61735862 4878.14293936 2585.62013176 2096.18789066 2323.40925293 2489.44755749 2645.4422659 2792.35751953 2906.36617667 2987.36078356 3080.9244308 3046.91036377 2923.48714035 3432.02846269 3955.65545452 4575.0923621 5336.79062937 6212.91631209 5416.30535904 6032.68269882 6811.19025945 7546.47773391 8495.90703905 9476.28590661 10604.0151108 11859.5266818 13263.9451448 15004.5944946 16616.7500673 18576.6513534 20790.1784892 23289.0164117 26021.7927231 29128.2055052 32573.6927611 36466.0644554 40808.1546421 45708.0204497 21796.3944431 22806.3766052 23826.8214837 24906.2075863 26103.9880931 27198.1035483 28453.8473956 29717.8894326 31090.833966 32491.6403688 33863.1978575 35339.2586475 36853.7838553 38471.0977768 40148.3114594 42457.7413882 44318.3582819 46240.1406001 48254.927366 50345.8528353 41858.2749545 43354.8864832 44858.1566951 46457.1287027 48160.2003939 47308.2108697 46470.9947357 45449.5275264 44341.8473269 43079.1700138 41685.8892394 40126.5752996 38402.10364 36523.9979156 34501.8015252 35666.2649873 36947.4807746 38234.9291952 39565.6074561 40979.4401118 42426.1827673 43921.2370661 45462.6417814 47062.9660554 48828.951554 48883.2272944 49040.2812476 49103.1235191 49108.5462601 49093.8867605 48970.8365437 48800.9365605 48553.6570913 48226.6846261 47812.6577504 49510.2615908 51265.2953905 53059.669882 54916.7594872 56892.3613236 43515.7783524 44416.5065301 45316.3620271 46235.7324614 47192.9437571 48167.3206341 49142.5516645 50158.2990822 51173.1969062 52225.4346179 53301.361347 54378.3381049 55496.7161151 56638.5490238 57801.3192731 58967.25998 60178.0035921 61429.817356 62666.5216627 63971.3775441 73653.7277673 75572.0477417 77520.9658005 79512.404027 81597.9387824 83693.2742971 85842.2214285 88084.5801475 90362.6049467 92678.2043201 95088.6176072 97562.5866932 100076.441487 102656.104617 105317.989096 108044.992743 110822.650249 113705.903024 116645.967942 119655.401744 55605.465312 55605.465312 55605.465312 55605.465312 55605.465312 55605.465312 55605.465312 55605.465312 55605.465312 55605.465312 55605.465312 55605.465312 55605.465312 55605.465312 55605.465312 55605.465312 55605.465312 55605.465312 55605.465312 55605.465312]"
"co2_avoided_h2","[0 0 0 2362.5 4725 7087.5 11812.5 16537.5 21262.5 28350 44887.5 73237.5 111037.5 160650 219712.5 290587.5 375637.5 477225 592987.5 725287.5 874125 1037137.5 1216687.5 1408050 1615950 1840387.5 2083725 2348325 2636550 2943675 3264975 3595725 3938287.5 4292662.5 4658850 5036850 5410125 5776312.5 6137775 6492150 6839437.5 7182000 7517475 7848225 8171887.5 8488462.5 8788500 9072000 9336600 9584662.5 9813825 10026450 10222537.5 10399725 10560375 10702125 10839150 10971450 11099025 11221875 11340000 11523920.625 11773636.875 12089148.75 12470456.25 12917559.375 13435183.125 14023327.5 14681992.5 15411178.125 16210884.375 17083473.75 18028946.25 19047301.875 20138540.625 21302662.5 22539667.5 23849555.625 25232326.875 26687981.25 28216518.75 29660360.625 31019506.875 32293957.5 33483712.5 39516271.875 45473585.625 51355653.75 57162476.25 62894053.125 68550384.375 74129107.5 79630222.5 85053729.375 90399628.125 95667918.75 100858601.25 105971675.625 111007141.875 115965000 120845250 125734950 130634100 135542700 140460750 140460750 140460750 140460750 140460750 140460750 140460750 140460750 140460750 140460750 140460750 138790462.5 137120175 135449887.5 133779600 132109312.5 130439025 128768737.5 127098450 125428162.5 123757875 122087587.5 120417300 118747012.5 117076725 115406437.5 113736150 112065862.5 110395575 108725287.5 107055000 107055000 107055000 107055000 107055000 107055000 107055000 107055000 107055000 107055000 107055000 107055000 107055000 107055000 107055000 107055000 107055000 107055000 107055000 107055000 107055000 107055000 107055000 107055000 107055000 107055000 107055000 107055000 107055000 107055000 107055000 107055000 107055000 107055000 107055000 107055000 107055000 107055000 107055000 107055000 107055000 107055000 107055000 107055000 107055000 107055000 107055000 107055000 107055000 107055000 107055000 107055000 107055000 107055000 107055000 107055000 107055000 107055000 107055000 107055000 107055000 107055000 107055000 107055000 107055000 107055000 107055000]"
"co2_avoided_reo","[0 0 0 0 0 0 0 0 0 0 0 0 0 0 0 0 0 0 0 0.508144194029 0.860701739751 1.45786863948 2.4693582827 4.18263358111 7.0846032333 12 81.4325284978 552.604724796 3750 3750 3750 3750 3750 3750 3750 3750 4616.79155004 5683.93712441 6997.74743653 8615.23766248 10606.6017178 13058.2584494 16076.601938 19792.6186616 24367.5718907 30000 34977.4320354 40780.6917264 47546.7957738 55435.4939227 64633.040701 75356.5929453 87859.3369388 102436.466215 119432.151166 139247.665008 162350.857964 189287.203344 220692.676338 257308.769577 300000 336605.536291 377677.623538 423761.263387 475467.957738 533483.823012 598578.694491 671616.341571 753565.929453 845514.879379 948683.298051 1064440.1677 1194321.51166 1340050.77645 1503561.70088 1687023.97557 1892872.03344 2123837.35315 2382984.70417 2673752.8144 3000000 3140640.70493 3287874.67916 3442011.01669 3603373.30194 3772300.28905 3949146.613 4134283.53418 4328099.71772 4531002.04949 4743416.49025 4965788.96991 5198586.32366 5442297.27206 5697433.44699 5964530.46575 6244149.05551 6536876.23047 6843326.52417 7164143.27964 7500000 7764486.92881 8038300.96902 8321771.04051 8615237.66248 8919053.36252 9233583.10009 9559204.70489 9896309.3308 10245301.9257 10606601.7178 10980642.7196 11367874.2488 11768761.4685 12183785.9453 12613446.2288 13058258.4494 13518756.9392 13995494.8731 14489044.9339 15000000 15528973.8576 16076601.938 16643542.081 17230475.325 17838106.725 18467166.2002 19118409.4098 19792618.6616 20490603.8513 21213203.4356 21961285.4392 22735748.4977 23537522.9369 24367571.8907 25226892.4576 26116516.8989 27037513.8783 27990989.7461 28978089.8677 30000000 30614404.6095 31241392.3198 31881220.8347 32534153.1359 33200457.591 33880408.0637 34574284.0266 35282370.6757 36004959.0483 36742346.1417 37494835.0362 38262735.0188 39046361.711 39846037.1983 40662090.1624 41494856.0167 42344677.0436 43211902.5356 44096888.9391 45000000 46164161.4543 47358440.0617 48583614.9607 49840485.4462 51129871.491 52452614.2811 53809576.7638 55201644.2113 56629724.7981 58094750.1931 59597676.168 61139483.2204 62721177.2138 64343790.0333 66008380.2595 67716033.8586 69467864.8909 71265016.2379 73108660.3478 75000000 75000000 75000000 75000000 75000000 75000000 75000000 75000000 75000000 75000000 75000000 75000000 75000000 75000000 75000000 75000000 75000000 75000000 75000000 75000000 75000000]"
"co2_reo_25","[0 0 0 0 0 0 0 0 0 0 0 0 0 0 0 0 0 0 0 0.508144194029 0.860701739751 1.45786863948 2.4693582827 4.18263358111 7.0846032333 12 81.4325284978 552.604724796 3750 3750 3750 3750 3750 3750 3750 3750 4616.79155004 5683.93712441 6997.74743653 8615.23766248 10606.6017178 13058.2584494 16076.601938 19792.6186616 24367.5718907 30000 34977.4320354 40780.6917264 47546.7957738 55435.4939227 64633.040701 75356.5929453 87859.3369388 102436.466215 119432.151166 139247.665008 162350.857964 189287.203344 220692.676338 257308.769577 300000 336605.536291 377677.623538 423761.263387 475467.957738 533483.823012 598578.694491 671616.341571 753565.929453 845514.879379 948683.298051 1064440.1677 1194321.51166 1340050.77645 1503561.70088 1687023.97557 1892872.03344 2123837.35315 2382984.70417 2673752.8144 3000000 3140640.70493 3287874.67916 3442011.01669 3603373.30194 3772300.28905 3949146.613 4134283.53418 4328099.71772 4531002.04949 4743416.49025 4965788.96991 5198586.32366 5442297.27206 5697433.44699 5964530.46575 6244149.05551 6536876.23047 6843326.52417 7164143.27964 7500000 7764486.92881 8038300.96902 8321771.04051 8615237.66248 8919053.36252 9233583.10009 9559204.70489 9896309.3308 10245301.9257 10606601.7178 10980642.7196 11367874.2488 11768761.4685 12183785.9453 12613446.2288 13058258.4494 13518756.9392 13995494.8731 14489044.9339 15000000 15703203.5247 16439373.3958 17210055.0834 18016866.5097 18861501.4452 19745733.065 20671417.6709 21640498.5886 22655010.2475 23717082.4513 24828944.8495 25992931.6183 27211486.3603 28487167.235 29822652.3288 31220745.2776 32684381.1523 34216632.6208 35820716.3982 37500000 37500000 37500000 37500000 37500000 37500000 37500000 37500000 37500000 37500000 37500000 37500000 37500000 37500000 37500000 37500000 37500000 37500000 37500000 37500000 37500000 37500000 37500000 37500000 37500000 37500000 37500000 37500000 37500000 37500000 37500000 37500000 37500000 37500000 37500000 37500000 37500000 37500000 37500000 37500000 37500000 37500000 37500000 37500000 37500000 37500000 37500000 37500000 37500000 37500000 37500000 37500000 37500000 37500000 37500000 37500000 37500000 37500000 37500000 37500000 37500000]"
"co2_rockets","[13590.2433333 10908.3333333 10908.3333333 11365.3283333 10908.3333333 10908.3333333 11365.3283333 30265.7483333 12833.3333333 15985.3283333 17505.3083333 17962.3033333 17356.3133333 17962.3033333 17505.3083333 14112.3033333 14569.2983333 15026.2933333 14569.2983333 53399.7438333 15099.3778833 14641.8169333 26797.2409833 26190.6850333 15097.1140833 46554.5989333 50858.0134333 279854.063133 1859229.51133 11639.8333333 11855.1363333 11226.5535382 11030.6100073 11004.8633405 10400.549082 20930.9475797 267841.529667 259029.541368 277191.615485 261226.245306 232264.729032 214918.916741 255022.624185 283093.605856 323467.851589 227534.571595 176786.198135 187438.718071 191714.84585 194037.89932 194585.433748 191884.107716 186288.831102 180837.94039 167680.61805 150179.5344 163731.78187 174222.888839 184746.804674 195956.278329 205026.238299 171290.65698 182488.651639 196673.118742 207528.137682 221955.571395 234538.076189 247868.853215 260909.586999 273568.868611 288838.444022 297024.407454 306514.747331 314451.449648 320223.975661 322019.684948 320410.260557 313521.792825 300845.031757 280556.063164 251394.112473 119880.169437 125435.071329 131047.51816 136984.141725 143571.934512 149589.569516 156496.160676 163448.391879 170999.586813 178704.022028 186675.748027 195235.368957 204017.962919 213376.784487 223074.593405 237940.497606 249153.544046 260784.212777 273014.053667 285756.630202 237728.531872 246225.122387 254766.082826 263844.256048 273397.664303 269117.691469 264829.024898 259536.253866 253781.707973 247186.341279 239884.136991 231683.529145 222586.457183 212657.427588 201951.081089 208786.703822 216277.940144 223819.083783 231615.800192 239885.838955 248355.036715 257107.278308 266131.949664 275502.398796 285694.620056 286703.958866 288197.791801 289195.018408 289900.23389 290518.0267 290563.941714 290378.721312 289794.725438 288798.491923 287351.814528 297549.77177 308092.553525 318882.979145 330051.947046 341797.39421 260382.611488 265766.265593 271156.807454 276662.439029 282385.021722 288211.924706 294052.510198 300127.014964 306206.004304 312499.592314 318935.804949 325387.209094 332077.830956 338907.043785 345864.106755 352850.405861 360092.997763 367575.469321 374984.917136 382784.405153 441576.050421 453070.623071 464759.339182 476704.981041 489195.465146 501765.401248 514656.990558 528090.388802 541749.265968 555643.380909 570087.809003 584913.923423 599990.829587 615461.389737 631418.185764 647766.460984 664428.980901 681707.242967 699335.279084 717381.485417 327399.041292 327399.041292 327399.041292 327399.041292 327399.041292 327399.041292 327399.041292 327399.041292 327399.041292 327399.041292 327399.041292 327399.041292 327399.041292 327399.041292 327399.041292 327399.041292 327399.041292 327399.041292 327399.041292 327399.041292]"
"contingency","[1.5 1.5 1.5 1.5 1.5 1.5 1.5 1.5 1.5 1.5 1.5 1.5 1.5 1.5 1.5 1.5 1.5 1.5 1.5 1.5 1.5 1.5 1.5 1.5 1.5 1.35 1.35 1.35 1.35 1.35 1.35 1.35 1.35 1.35 1.35 1.35 1.35 1.35 1.35 1.35 1.35 1.35 1.35 1.35 1.35 1.25 1.25 1.25 1.25 1.25 1.25 1.25 1.25 1.25 1.25 1.25 1.25 1.25 1.25 1.25 1.25 1.25 1.25 1.25 1.25 1.25 1.25 1.25 1.25 1.25 1.25 1.25 1.25 1.25 1.25 1.25 1.25 1.25 1.25 1.25 1.25 1.25 1.25 1.25 1.25 1.25 1.25 1.25 1.25 1.25 1.25 1.25 1.25 1.25 1.25 1.25 1.25 1.25 1.25 1.25 1.25 1.25 1.25 1.25 1.25 1.25 1.25 1.25 1.25 1.25 1.25 1.25 1.25 1.25 1.25 1.25 1.25 1.25 1.25 1.25 1.25 1.25 1.25 1.25 1.25 1.25 1.25 1.25 1.25 1.25 1.25 1.25 1.25 1.25 1.25 1.25 1.25 1.25 1.25 1.25 1.25 1.25 1.25 1.25 1.25 1.25 1.25 1.25 1.25 1.25 1.25 1.25 1.25 1.25 1.25 1.25 1.25 1.25 1.25 1.25 1.25 1.25 1.25 1.25 1.25 1.25 1.25 1.25 1.25 1.25 1.25 1.25 1.25 1.25 1.25 1.25 1.25 1.25 1.25 1.25 1.25 1.25 1.25 1.25 1.25 1.25 1.25 1.25 1.25 1.25 1.25 1.25 1.25 1.25 1.25 1.25 1.25 1.25 1.25 1.25 1.25]"
"conv.mass_per_km",100000
"conv.earth_frac",0.05
"conv.maint_frac_yr",0.005
"conv_25","[0 0 0 0 0 0 0 0 0 0 0 0 0 0 0 0 0 0 0 0 0 0 0 0 0 0 0 0 0 0 0 0 0 0 0 0 0 0 0 0 0 0.435275281648 1.07177346254 1.97926186616 3.24900958542 5 6.99548640708 9.51549473615 12.6791455397 16.6306481768 21.5443469003 27.6307507466 35.1437347755 44.3891353598 55.7350038775 69.6238325042 86.5871242474 107.262748562 132.415605803 162.962220732 200 235.623875403 276.963590595 324.883635263 380.374366191 444.56985251 518.768201892 604.454707413 703.328200823 817.331050067 948.683298051 1099.92150662 1273.94294577 1474.0558541 1704.03659433 1968.19463817 2271.44644013 2619.39940222 3018.44729195 3475.87865872 4000 4292.20896341 4603.02455082 4933.54912392 5284.94750952 5658.45043357 6055.35813994 6477.04420355 6924.95954835 7400.63668084 7905.69415042 8441.84124884 9010.88296102 9614.72518065 10255.3802046 10934.9725205 11447.6066018 11984.2730892 12546.0986276 13134.2626793 13750 14234.8927028 14736.8851099 15256.5802409 15794.6023812 16351.5978313 16928.2356835 17525.2086256 18143.2337731 18783.0535304 19445.4364826 20131.1783193 20841.1027895 21576.0626922 22336.9408998 23124.6514195 23940.1404906 24784.3877218 25658.4072673 26563.2490454 27500 28789.2064619 30138.8512256 31551.767653 33030.9219345 34579.4193163 36200.5106192 37897.5990633 39674.2474124 41534.1854537 43481.3178273 45519.7322242 47653.7079669 49887.7249939 52226.4732641 54674.8626027 57238.0330089 59921.3654459 62730.4931382 65671.3133967 68750 68750 68750 68750 68750 68750 68750 68750 68750 68750 68750 68750 68750 68750 68750 68750 68750 68750 68750 68750 68750 68750 68750 68750 68750 68750 68750 68750 68750 68750 68750 68750 68750 68750 68750 68750 68750 68750 68750 68750 68750 68750 68750 68750 68750 68750 68750 68750 68750 68750 68750 68750 68750 68750 68750 68750 68750 68750 68750 68750 68750]"
"conv_km_needed","[0 0 0 0 0 0 0 0 0 0 0 0 0 0 0 0 0 0 0 0 0 0 0 0 0 0 0 0 0 0 0 0 0 0 0 0 0 0 0 0 0 0.435275281648 1.07177346254 1.97926186616 3.24900958542 5 6.99548640708 9.51549473615 12.6791455397 16.6306481768 21.5443469003 27.6307507466 35.1437347755 44.3891353598 55.7350038775 69.6238325042 86.5871242474 107.262748562 132.415605803 162.962220732 200 235.623875403 276.963590595 324.883635263 380.374366191 444.56985251 518.768201892 604.454707413 703.328200823 817.331050067 948.683298051 1099.92150662 1273.94294577 1474.0558541 1704.03659433 1968.19463817 2271.44644013 2619.39940222 3018.44729195 3475.87865872 4000 4292.20896341 4603.02455082 4933.54912392 5284.94750952 5658.45043357 6055.35813994 6477.04420355 6924.95954835 7400.63668084 7905.69415042 8441.84124884 9010.88296102 9614.72518065 10255.3802046 10934.9725205 11447.6066018 11984.2730892 12546.0986276 13134.2626793 13750 14234.8927028 14736.8851099 15256.5802409 15794.6023812 16351.5978313 16928.2356835 17525.2086256 18143.2337731 18783.0535304 19445.4364826 20131.1783193 20841.1027895 21576.0626922 22336.9408998 23124.6514195 23940.1404906 24784.3877218 25658.4072673 26563.2490454 27500 28469.7854056 29473.7702197 30513.1604819 31589.2047624 32703.1956626 33856.471367 35050.4172513 36286.4675463 37566.1070607 38890.8729653 40262.3566385 41682.205579 43152.1253843 44673.8817996 46249.302839 47880.2809813 49568.7754436 51316.8145345 53126.4980909 55000 56126.4084507 57275.8859196 58448.9048636 59645.9474159 60867.5055835 62114.0814501 63386.187382 64684.3462389 66009.0915885 67360.9679265 68740.5308996 70148.3475344 71584.9964702 73051.0681969 74547.1652978 76073.9026972 77631.9079132 79221.8213154 80844.2963883 82500 84634.2959995 86823.8067798 89069.9607613 91374.223318 93738.0977336 96163.126182 98650.8907336 101203.014387 103821.16213 106507.042021 109262.406308 112089.052571 114988.824892 117963.615061 121015.363809 124146.062074 127357.7523 130652.52977 134032.543971 137500 137500 137500 137500 137500 137500 137500 137500 137500 137500 137500 137500 137500 137500 137500 137500 137500 137500 137500 137500 137500]"
"cost_asteroid_processing","[0 0 0 0 0 0 0 0 0 0 0 0 0 0 0 0 0 0 0 0 0 0 0 0 0 0 0 0 0 0 0 0 0 0 0 0 0 0 0 0 0 0 0 0 0 0 0 0 0 0 0 0 0 0 0 0 0 0 0 0 0 0 0 0 0 0 0 0 0 0 0 0 0 0 0 0 0 0 0 0 0 0 0 0 0 0 0 0 0 0 0 0 0 0 0 0 0 0 0 0 0 0 0 0 0 500 500 500 500 500 500 500 500 500 500 500 500 500 500 500 500 500 500 500 500 1300 1300 1300 1300 1300 1300 1300 1300 1300 1300 1300 1300 1300 1300 1300 1300 1300 1300 1300 1300 1300 1300 1300 1300 1300 1300 1300 1300 1300 1300 1300 1300 1300 1300 1300 1300 1300 1300 1300 1300 1300 1300 1300 1300 1300 1300 1300 1300 1300 1300 1300 1300 1300 1300 1300 1300 1300 1300 1300 1300 1300 1300 1300 1300 1300 1300 1300 1300 1300 1300 1300 1300 1300 1300 1300 1300]"
"cost_dro_ops","[0 0 0 0 0 0 0 0 0 0 0 0 0 0 0 0 0 0 0 0 0 0 0 0 0 0 0 0 0 0 0 0 0 0 0 0 0 0 0 0 0 0 0 0 0 0 0 0 0 0 0 0 0 0 0 0 0 0 0 0 0 0 0 0 0 0 0 0 0 0 0 0 0 0 0 0 0 0 0 0 0 0 0 0 0 200 200 200 200 200 200 200 200 200 200 200 200 200 200 200 200 200 200 200 200 200 200 200 200 200 200 200 200 200 200 200 200 200 200 200 200 200 200 200 200 200 200 200 200 200 200 200 200 200 200 200 200 200 200 200 200 200 200 200 200 200 200 200 200 200 200 200 200 200 200 200 200 200 200 200 200 200 200 200 200 200 200 200 200 200 200 200 200 200 200 200 200 200 200 200 200 200 200 200 200 200 200 200 200 200 200 200 200 200 200 200 200 200 200 200 200]"
"cost_insitu","[0 0 0 0 0 0 0 0 0 0 0 0 0 0 0 0 0 0 0 0 0 0 0 0 0 0 0.1803975 2.357565 24.188445 0 0 0 0 0 0 0 23.9488425 31.56273 43.5736275 57.027705 74.8168875 102.337475176 134.850547718 175.738044834 229.358858333 299.155958938 278.505870867 339.981679126 414.677032634 503.672975053 612.629087873 741.29958654 896.057748275 1083.69990555 1307.49835092 1575.46827195 1845.19392156 2157.49908098 2526.60379379 2953.86584183 3456.53685304 2996.47961633 3373.34339432 3797.37692435 4274.65064381 4811.90042003 5420.92991913 6100.99740245 6866.89678739 7731.18696782 8704.39645585 9797.09218145 11030.7541219 12416.7638291 13977.8696822 15734.2562164 17712.1803686 19938.8620399 22444.6170024 25261.1215843 28438.7795421 12816.1832523 13455.3880804 14132.5373945 14838.3925632 15583.5769785 16361.1084105 17181.7635043 18038.7170757 18945.2615086 19889.7795111 20885.402535 21930.8502656 23024.1480865 24179.1547774 25384.2535016 24905.0425717 26072.3673804 27296.6644653 28573.5608912 29916.2645962 23558.1391768 24388.721917 25248.1265951 26139.3231826 27060.0008257 28015.1680959 29002.9424004 30025.7452011 31084.0646938 32180.5869464 33315.5694479 34492.0467175 35707.5267751 36964.8979725 38269.661387 39619.6032261 41017.395196 42461.0107819 43961.0350426 45510.0944184 47116.2783536 48777.361184 50496.2531901 52278.7290153 54119.9190015 56030.4188419 58005.8021508 60051.4904023 62170.6493877 64361.1738929 66631.2215458 68981.490785 71415.0535502 73929.8785951 76541.8427739 79236.6038022 82034.7903919 84924.6242138 87919.5500853 91022.7088368 54725.4061318 55844.7043042 56989.3120184 58156.4705964 59346.3564926 60564.1880828 61802.420403 63068.8784399 64360.978622 65678.8247609 67025.2907446 68395.1967303 69798.8983397 71226.2628537 72685.2131088 74173.2636946 75695.4089516 77242.0215705 78825.4955428 80441.3312613 103689.391945 106375.447663 109124.358424 111948.827339 114847.025148 117816.63601 120863.161591 123992.113361 127196.412852 130491.506613 133865.21443 137325.774896 140881.10715 144526.624407 148265.476906 152098.058967 156035.105196 160071.994911 164214.448363 168460.391176 0 0 0 0 0 0 0 0 0 0 0 0 0 0 0 0 0 0 0 0]"
"cost_launch","[317.694 255 255 265.683 255 255 265.683 707.511 300 373.683 409.215 419.898 405.732 419.898 409.215 329.898 340.581 351.264 340.581 1248.3057 352.97247 342.27624 626.42901 612.24978 352.91955 1142.703792 1248.333057 6869.145186 45635.63346 285.705 290.98971 279.27522 278.15013 281.34504 269.63055 550.35846 7144.416531 7010.693388 7613.914725 7283.78613 6575.597865 6179.31650677 7448.4129343 8401.23471725 9756.28587871 5171.24026352 4192.37578132 4646.81850587 4978.89511497 5290.88453181 5584.71503906 5812.73235333 5974.72156712 6161.8488616 6093.82072755 5846.9742807 6864.05692539 7911.31090905 9150.18472421 10673.5812587 12425.8326242 10832.6107181 12065.3653976 13622.3805189 15092.9554678 16991.8140781 18952.5718132 21208.0302216 23719.0533635 26527.8902895 30009.1889893 33233.5001347 37153.3027068 41580.3569783 46578.0328234 52043.5854461 58256.4110104 65147.3855221 72932.1289107 81616.3092841 91416.0408993 43592.7888861 45612.7532104 47653.6429674 49812.4151726 52207.9761861 54396.2070966 56907.6947912 59435.7788652 62181.6679319 64983.2807375 67726.3957149 70678.517295 73707.5677106 76942.1955535 80296.6229189 84915.4827764 88636.7165638 92480.2812003 96509.854732 100691.705671 83716.549909 86709.7729665 89716.3133901 92914.2574054 96320.4007877 94616.4217394 92941.9894714 90899.0550529 88683.6946539 86158.3400276 83371.7784787 80253.1505992 76804.20728 73047.9958311 69003.6030504 71332.5299745 73894.9615492 76469.8583903 79131.2149122 81958.8802236 84852.3655347 87842.4741322 90925.2835628 94125.9321108 97657.903108 97766.4545887 98080.5624953 98206.2470383 98217.0925203 98187.773521 97941.6730874 97601.8731209 97107.3141825 96453.3692523 95625.3155008 99020.5231816 102530.590781 106119.339764 109833.518974 113784.722647 87031.5567048 88833.0130602 90632.7240541 92471.4649228 94385.8875143 96334.6412682 98285.103329 100316.598164 102346.393812 104450.869236 106602.722694 108756.67621 110993.43223 113277.098048 115602.638546 117934.51996 120356.007184 122859.634712 125333.043325 127942.755088 147307.455535 151144.095483 155041.931601 159024.808054 163195.877565 167386.548594 171684.442857 176169.160295 180725.209893 185356.40864 190177.235214 195125.173386 200152.882975 205312.209234 210635.978191 216089.985486 221645.300498 227411.806048 233291.935883 239310.803488 111210.930624 111210.930624 111210.930624 111210.930624 111210.930624 111210.930624 111210.930624 111210.930624 111210.930624 111210.930624 111210.930624 111210.930624 111210.930624 111210.930624 111210.930624 111210.930624 111210.930624 111210.930624 111210.930624 111210.930624]"
"cost_mkiii","[0 0 0 0 0 0 0 0 0 0 0 0 0 0 0 0 0 0 0 0 0 0 0 0 0 0 0 0 0 0 0 0 0 0 0 0 0 0 0 0 0 0 0 0 0 0 0 0 0 0 0 0 0 0 0 0 0 0 0 0 64.275 68.56 72.845 77.13 81.415 85.7 89.985 94.27 98.555 102.84 107.125 111.41 115.695 119.98 124.265 128.55 132.835 137.12 141.405 145.69 85.7 85.7 85.7 85.7 85.7 85.7 85.7 85.7 85.7 85.7 85.7 85.7 85.7 85.7 85.7 85.7 85.7 85.7 85.7 85.7 85.7 85.7 85.7 85.7 85.7 85.7 85.7 85.7 85.7 85.7 85.7 85.7 85.7 85.7 85.7 15 15 15 15 15 15 15 15 15 15 15 15 15 15 15 15 15 15 15 15 15 15 15 15 15 15 15 15 15 15 15 15 15 15 15 15 15 15 15 15 15 15 15 15 15 15 15 15 15 15 15 15 15 15 15 15 15 15 15 15 15 15 15 15 15 15 15 15 15 15 15 15 15 15 15 15 15 15 15 15 15 15 15 15 15 15]"
"cost_rd","[500 500 500 500 500 500 500 500 500 500 500 500 500 500 500 500 500 500 500 500 500 500 500 500 500 1000 1000 1000 1000 1000 1000 1000 1000 1000 1000 1000 1000 1000 1000 1000 1000 1000 1000 1000 1000 1500 1500 1500 1500 1500 1500 1500 1500 1500 1500 1500 1500 1500 1500 1500 2000 2000 2000 2000 2000 2000 2000 2000 2000 2000 2000 2000 2000 2000 2000 2000 2000 2000 2000 2000 2000 2000 2000 2000 2000 2000 2000 2000 2000 2000 2000 2000 2000 2000 2000 2000 2000 2000 2000 2000 2000 2000 2000 2000 2000 2000 2000 2000 2000 2000 2000 2000 2000 2000 2000 2000 2000 2000 2000 2000 2000 2000 2000 2000 2000 2000 2000 2000 2000 2000 2000 2000 2000 2000 2000 2000 2000 2000 2000 2000 2000 2000 2000 2000 2000 2000 2000 2000 2000 2000 2000 2000 2000 2000 2000 2000 2000 2000 2000 2000 2000 2000 2000 2000 2000 2000 2000 2000 2000 2000 2000 2000 2000 2000 2000 2000 2000 2000 2000 2000 2000 2000 2000 2000 2000 2000 2000 2000 2000 2000 2000 2000 2000 2000 2000 2000 2000 2000 2000 2000 2000]"
"cost_total","[817.694 755 755 765.683 755 755 765.683 1207.511 800 873.683 909.215 919.898 905.732 919.898 909.215 829.898 840.581 851.264 840.581 1748.3057 852.97247 842.27624 1126.42901 1112.24978 852.91955 2142.703792 2248.5134545 7871.502751 46659.821905 1285.705 1290.98971 1279.27522 1278.15013 1281.34504 1269.63055 1550.35846 8168.3653735 8042.256118 8657.4883525 8340.813835 7650.4147525 7281.65398194 8583.26348202 9576.97276208 10985.644737 6970.39622245 5970.88165219 6486.80018499 6893.57214761 7294.55750686 7697.34412693 8054.03193987 8370.77931539 8745.54876715 8901.31907846 8922.44255265 10209.250847 11568.80999 13176.788518 15127.4471006 17946.6444772 15897.6503344 17511.553792 19496.8874432 21449.0211116 23955.0394981 26466.6117324 29406.422624 32687.6301509 36365.0422573 40823.8354451 45145.1273161 50302.8768287 56120.2258074 62683.2925056 69909.5166626 78104.551379 87226.492562 97521.2759132 109026.245868 121943.645441 58497.7971385 61156.9662908 63875.0053618 66739.6327358 70113.1906646 73047.7030071 76379.8457954 79764.8834409 83417.3169405 87163.4477486 90902.18575 94899.7550606 99022.1032971 103411.737831 107971.26392 112110.912848 116999.471444 122067.333166 127373.803123 132898.357767 109565.076586 113388.882383 117254.827485 121343.968088 126236.414113 125425.102335 124738.444372 123718.312754 122561.271848 121132.439474 119480.860427 117538.709817 115305.246555 112806.406304 109996.076937 113674.945701 117635.169245 121653.681672 125815.062455 130191.787142 134691.456388 139342.647816 144144.349253 149127.473626 155300.634609 157319.685931 159609.177146 161780.549941 163910.554408 166071.759914 168095.707133 170106.176406 172045.180233 173906.060347 175689.970775 181779.939484 188088.193673 194566.776478 201275.88156 208330.243984 145279.775337 148200.529864 151144.848573 154150.748019 157255.056507 160421.641851 163610.336232 166908.289104 170230.184934 173652.506497 177150.825939 180674.68544 184315.14307 188026.173401 191810.664155 195630.596154 199574.228636 203624.468782 207681.351368 211906.89885 254519.65998 261042.355646 267689.102525 274496.447893 281565.715213 288725.997104 296070.416948 303684.086156 311444.435246 319370.727754 327565.262144 335973.760783 344556.802625 353361.646141 362424.267597 371710.856953 381203.218194 391006.613459 401029.196746 411294.007164 114733.743124 114733.743124 114733.743124 114733.743124 114733.743124 114733.743124 114733.743124 114733.743124 114733.743124 114733.743124 114733.743124 114733.743124 114733.743124 114733.743124 114733.743124 114733.743124 114733.743124 114733.743124 114733.743124 114733.743124]"
"cost_tugs","[0 0 0 0 0 0 0 0 0 0 0 0 0 0 0 0 0 0 0 0 0 0 0 0 0 0 0 0 0 0 0 0 0 0 0 0 0 0 0 0 0 0 0 0 0 0 0 0 0 0 0 0 0 0 0 0 0 0 0 0 0 0 0 0 0 65.625 3.125 3.125 3.125 3.125 3.125 3.125 3.125 3.125 3.125 3.125 3.125 3.125 3.125 3.125 3.125 3.125 3.125 3.125 3.125 35.9375 4.6875 4.6875 4.6875 4.6875 4.6875 4.6875 4.6875 4.6875 4.6875 4.6875 4.6875 4.6875 4.6875 4.6875 4.6875 4.6875 4.6875 4.6875 4.6875 70.3125 7.8125 7.8125 7.8125 7.8125 7.8125 7.8125 7.8125 7.8125 7.8125 7.8125 7.8125 7.8125 7.8125 7.8125 7.8125 7.8125 7.8125 7.8125 7.8125 7.8125 7.8125 7.8125 7.8125 7.8125 7.8125 7.8125 7.8125 7.8125 7.8125 7.8125 7.8125 7.8125 7.8125 7.8125 7.8125 7.8125 7.8125 7.8125 7.8125 7.8125 7.8125 7.8125 7.8125 7.8125 7.8125 7.8125 7.8125 7.8125 7.8125 7.8125 7.8125 7.8125 7.8125 7.8125 7.8125 7.8125 7.8125 7.8125 7.8125 7.8125 7.8125 7.8125 7.8125 7.8125 7.8125 7.8125 7.8125 7.8125 7.8125 7.8125 7.8125 7.8125 7.8125 7.8125 7.8125 7.8125 7.8125 7.8125 7.8125 7.8125 7.8125 7.8125 7.8125 7.8125 7.8125 7.8125 7.8125 7.8125 7.8125 7.8125 7.8125 7.8125 7.8125 7.8125 7.8125]"
"cr_25","[13590.2433333 10908.3333333 10908.3333333 11365.3283333 10908.3333333 10908.3333333 11365.3283333 30265.7483333 12833.3333333 15985.3283333 17505.3083333 17962.3033333 17356.3133333 17962.3033333 17505.3083333 14112.3033333 14569.2983333 15026.2933333 14569.2983333 53399.7438333 15099.3778833 14641.8169333 26797.2409833 26190.6850333 15097.1140833 46554.5989333 50858.0134333 279854.063133 1859229.51133 11639.8333333 11855.1363333 11226.5535382 11030.6100073 11004.8633405 10400.549082 20930.9475797 257213.219667 258530.746368 276700.135485 260742.080306 231787.879032 214449.381741 244853.784185 282183.795856 313173.281589 244034.571595 176786.198135 187438.718071 191714.84585 194037.89932 194585.433748 191884.107716 186288.831102 180837.94039 167680.61805 150179.5344 163731.78187 174222.888839 184746.804674 195956.278329 205026.238299 171290.65698 182488.651639 196673.118742 207528.137682 221955.571395 234538.076189 247868.853215 260909.586999 273568.868611 288838.444022 297024.407454 306514.747331 314451.449648 320223.975661 322019.684948 320410.260557 313521.792825 300845.031757 280556.063164 251394.112473 119880.169437 125435.071329 131047.51816 136984.141725 143571.934512 149589.569516 156496.160676 163448.391879 170999.586813 178704.022028 186675.748027 195235.368957 204017.962919 213376.784487 223074.593405 237940.497606 249153.544046 260784.212777 273014.053667 285756.630202 237728.531872 246225.122387 254766.082826 263844.256048 273505.945553 269122.847719 264834.181148 259541.410116 253786.864223 247191.349029 239889.144741 231688.536895 222591.464933 212662.435338 201956.088839 208791.711572 216282.947894 223824.091533 231620.807942 239890.846705 305016.997204 319289.512249 334204.918953 349697.38253 366634.971302 371603.336244 376905.361331 381830.794797 386387.138068 390512.582675 394130.885082 397447.382591 399939.00517 401996.932451 403207.9539 422013.724018 441782.809152 462323.67745 484008.61429 506538.642109 164435.794554 164593.032771 164746.222942 164917.448896 165095.216963 165260.819029 165439.815521 165626.120825 165810.603842 165990.554721 166181.2966 166377.802892 166576.751458 166793.731546 166998.853863 167206.002379 167434.808292 167650.783346 167868.422975 168107.970388 169163.779675 169491.883321 169839.130588 170166.610258 170525.485213 170879.182008 171251.480263 171634.451817 172021.431633 172417.7301 172821.776417 173248.222079 173669.003796 174121.595633 174574.852146 175035.719971 175514.596446 175994.764183 176507.236354 177016.648142 170934.748142 170934.748142 170934.748142 170934.748142 170934.748142 170934.748142 170934.748142 170934.748142 170934.748142 170934.748142 170934.748142 170934.748142 170934.748142 170934.748142 170934.748142 170934.748142 170934.748142 170934.748142 170934.748142 170934.748142]"
"ct_25","[817.694 755 755 765.683 755 755 765.683 1207.511 800 873.683 909.215 919.898 905.732 919.898 909.215 829.898 840.581 851.264 840.581 1748.3057 852.97247 842.27624 1126.42901 1112.24978 852.91955 2142.703792 2248.5134545 7871.502751 46659.821905 1285.705 1290.98971 1279.27522 1278.15013 1281.34504 1269.63055 1550.35846 7884.8653735 8028.756118 8643.9883525 8327.313835 7636.9147525 7268.15398194 8286.26348202 9549.97276208 10675.144737 7345.39622245 5970.88165219 6486.80018499 6893.57214761 7294.55750686 7697.34412693 8054.03193987 8370.77931539 8745.54876715 8901.31907846 8922.44255265 10209.250847 11568.80999 13176.788518 15127.4471006 17946.6444772 15897.6503344 17511.553792 19496.8874432 21449.0211116 23955.0394981 26466.6117324 29406.422624 32687.6301509 36365.0422573 40823.8354451 45145.1273161 50302.8768287 56120.2258074 62683.2925056 69909.5166626 78104.551379 87226.492562 97521.2759132 109026.245868 121943.645441 58497.7971385 61156.9662908 63875.0053618 66739.6327358 70113.1906646 73047.7030071 76379.8457954 79764.8834409 83417.3169405 87163.4477486 91057.8802267 95215.9173862 99502.885739 104061.100273 108792.674967 113719.247383 118964.043625 124417.674793 130141.786088 136118.153988 112295.265539 116215.517558 120180.726032 124373.076518 129372.7208 128842.779512 128454.3575 127748.555489 126923.719238 125845.39073 124563.362217 123011.79667 121189.51496 119123.744341 116770.311647 120688.45048 124895.784385 129169.834021 133596.755885 138247.770084 176779.826564 184810.694866 193207.295127 201946.422072 212154.771248 217508.931169 223154.33016 228834.037287 234571.571571 240343.215511 246133.925494 252028.491187 257846.754287 263741.021645 269571.43662 281815.328309 294663.100329 308045.926405 322111.138254 336772.858394 75034.2130152 75331.2087209 75631.8819517 75944.024513 76263.6333426 76584.0838661 76914.6858197 77253.4912399 77597.1161554 77944.6789776 78302.1056446 78667.4284636 79039.7150064 79424.5813704 79811.5215588 80205.6188779 80613.9662849 81024.4752872 81442.2109428 81875.0748113 87237.0661453 87930.6722793 88646.2147741 89369.6472055 90120.2649981 90884.9728766 91672.8796406 92481.5737947 93309.1132192 94157.7555134 95027.3492629 95923.9008798 96837.5646671 97782.4207736 98747.7738229 99736.5441835 100753.167313 101791.983478 102864.950446 103959.65391 65680.9027333 65680.9027333 65680.9027333 65680.9027333 65680.9027333 65680.9027333 65680.9027333 65680.9027333 65680.9027333 65680.9027333 65680.9027333 65680.9027333 65680.9027333 65680.9027333 65680.9027333 65680.9027333 65680.9027333 65680.9027333 65680.9027333 65680.9027333]"
"ct_k","[658.847 627.5 627.5 632.8415 627.5 627.5 632.8415 853.7555 650 686.8415 704.6075 709.949 702.866 709.949 704.6075 664.949 670.2905 675.632 670.2905 1124.15285 676.486235 671.13812 813.214505 806.12489 676.459775 1571.351896 1624.346926 4436.930158 23842.005175 1142.8525 1145.494855 1139.63761 1139.075065 1140.67252 1134.815275 1275.17923 4596.157108 4536.909424 4850.53099 4698.92077 4362.61582 4191.99572856 4859.05701487 5376.35540346 6107.50179769 4384.7760907 3874.69376153 4163.39093206 4404.12459012 4649.11524096 4904.9866074 5147.66576321 5383.41853183 5664.62433635 5854.40871469 5998.9554123 6777.22238426 7613.15453551 8601.6961559 9790.6564712 11669.4531651 10412.7849754 11406.0260931 12608.5671838 13821.1283777 15307.8074591 16897.2158257 18705.0125132 20726.4234691 22995.1321126 25708.9909505 28413.8422488 31607.4054753 35206.9423183 39266.8860939 43756.0489395 48840.3858738 54512.5548009 60910.6814578 68069.2762264 76146.7999918 36612.5776954 38261.7646856 39959.3588782 41744.6001495 43687.5650716 45559.2119588 47635.6108999 49756.6065083 52036.0954745 54381.4198798 56748.6003925 59270.1089131 61877.9319418 64650.2525542 67532.564961 69362.7839599 72390.7256624 75536.8050654 78828.4882572 82262.1174315 67416.4141313 69743.6084003 72106.2832901 74596.4518853 77220.2012196 77323.3789656 77473.9371361 77475.2727276 77425.9120208 77259.7569602 77001.4586873 76618.6220171 76109.6304151 75488.8958881 74771.4629122 77285.8682133 79964.8759706 82695.9399771 85526.6424987 88489.5345302 91542.4611209 94698.5982501 97958.8949715 101341.695071 104948.870555 106913.646136 109046.083398 111154.613921 113279.195648 115455.060653 117602.05809 119782.427346 121968.710641 124156.563221 126354.500524 130746.865393 135300.085782 139984.294096 144836.309572 149915.07016 100241.184484 102261.210834 104305.674045 106392.203058 108539.30025 110731.508717 112944.972068 115227.177522 117534.175528 119904.259379 122326.652092 124773.534835 127295.614455 129864.811878 132486.532382 135140.523675 137873.412544 140671.838927 143492.017206 146412.708805 179343.119713 183947.495404 188645.324225 193461.231366 198444.96393 203509.910307 208705.383019 214076.693509 219559.017799 225169.710934 230953.832037 236888.36159 242957.548638 249182.729024 255583.466002 262143.05171 268857.755445 275777.897935 282860.416305 290115.79292 57605.465312 57605.465312 57605.465312 57605.465312 57605.465312 57605.465312 57605.465312 57605.465312 57605.465312 57605.465312 57605.465312 57605.465312 57605.465312 57605.465312 57605.465312 57605.465312 57605.465312 57605.465312 57605.465312 57605.465312]"
"ctype_reduction",0.07
"cum_cost","[817.694 1572.694 2327.694 3093.377 3848.377 4603.377 5369.06 6576.571 7376.571 8250.254 9159.469 10079.367 10985.099 11904.997 12814.212 13644.11 14484.691 15335.955 16176.536 17924.8417 18777.81417 19620.09041 20746.51942 21858.7692 22711.68875 24854.392542 27102.9059965 34974.4087475 81634.2306525 82919.9356525 84210.9253625 85490.2005825 86768.3507125 88049.6957525 89319.3263025 90869.6847625 99038.050136 107080.306254 115737.794606 124078.608441 131729.023194 139010.677176 147593.940658 157170.91342 168156.558157 175126.95438 181097.836032 187584.636217 194478.208364 201772.765871 209470.109998 217524.141938 225894.921253 234640.470021 243541.789099 252464.231652 262673.482499 274242.292489 287419.081007 302546.528107 320493.172584 336390.822919 353902.376711 373399.264154 394848.285266 418803.324764 445269.936496 474676.35912 507363.989271 543729.031528 584552.866974 629697.99429 680000.871118 736121.096926 798804.389431 868713.906094 946818.457473 1034044.95003 1131566.22595 1240592.47182 1362536.11726 1421033.9144 1482190.88069 1546065.88605 1612805.51878 1682918.70945 1755966.41246 1832346.25825 1912111.14169 1995528.45863 2082691.90638 2173594.09213 2268493.84719 2367515.95049 2470927.68832 2578898.95224 2691009.86509 2808009.33653 2930076.6697 3057450.47282 3190348.83059 3299913.90717 3413302.78956 3530557.61704 3651901.58513 3778137.99925 3903563.10158 4028301.54595 4152019.85871 4274581.13055 4395713.57003 4515194.43045 4632733.14027 4748038.38683 4860844.79313 4970840.87007 5084515.81577 5202150.98501 5323804.66669 5449619.72914 5579811.51628 5714502.97267 5853845.62049 5997989.96974 6147117.44337 6302418.07797 6459737.76391 6619346.94105 6781127.49099 6945038.0454 7111109.80531 7279205.51245 7449311.68885 7621356.86909 7795262.92943 7970952.90021 8152732.83969 8340821.03336 8535387.80984 8736663.6914 8944993.93539 9090273.71072 9238474.24059 9389619.08916 9543769.83718 9701024.89369 9861446.53554 10025056.8718 10191965.1609 10362195.3458 10535847.8523 10712998.6782 10893673.3637 11077988.5068 11266014.6802 11457825.3443 11653455.9405 11853030.1691 12056654.6379 12264335.9893 12476242.8881 12730762.5481 12991804.9037 13259494.0063 13533990.4541 13815556.1694 14104282.1665 14400352.5834 14704036.6696 15015481.1048 15334851.8326 15662417.0947 15998390.8555 16342947.6581 16696309.3043 17058733.5719 17430444.4288 17811647.647 18202654.2605 18603683.4572 19014977.4644 19129711.2075 19244444.9506 19359178.6937 19473912.4369 19588646.18 19703379.9231 19818113.6662 19932847.4094 20047581.1525 20162314.8956 20277048.6387 20391782.3819 20506516.125 20621249.8681 20735983.6112 20850717.3544 20965451.0975 21080184.8406 21194918.5837 21309652.3269]"
"cum_rev","[-2.58214623333 -4.65472956667 -6.7273129 -7.56285028333 -7.86268361667 -7.71364195 -5.87867933333 -6.73704651667 -3.38550485 1.58878276667 12.9163991833 33.91868655 65.7181120167 111.203774383 171.4981408 250.278428167 350.381386483 475.82414075 628.598599067 805.258775151 1023.60118816 1278.25467838 1570.84112866 1905.15676515 2287.21476029 2712.07849149 3190.43898768 3684.83232918 3952.1105201 4636.6595038 5390.96458381 6216.10659835 7114.2477209 8088.47498897 9140.26770534 10270.6296495 11431.0635613 12669.4024427 13980.3527155 15369.9497578 16840.4214963 18390.0239268 20008.1702185 21698.3111796 23459.3014894 25318.8185664 27261.4484961 29274.8236592 31359.4100185 33515.7538553 35744.4689291 38047.5390652 40427.6281713 42887.245356 45431.8559511 48067.0213994 50795.6508409 53628.7434404 56578.5848718 59659.5211274 62888.980382 66295.732802 69896.9106521 74023.4826319 78431.3186698 83153.8682864 88229.0720515 93697.2461292 99602.1125894 105991.00007 112914.683514 120431.594069 128602.716462 137495.195108 147182.571265 157745.753436 169273.393106 181863.27482 195623.089911 210671.839025 227141.010978 244358.931196 262303.77095 280980.656641 300395.629163 323316.901515 347933.044587 374254.955569 402294.845805 432066.028118 463583.161708 496861.75451 531918.633022 568790.706635 607521.761335 648136.044827 690658.664777 735118.260515 781544.635032 829969.578508 880427.007249 932694.249756 986792.510773 1042754.74718 1100614.87608 1159471.68909 1219362.24861 1280322.14881 1342388.36832 1405599.01592 1469993.54444 1535612.6933 1602498.59123 1670694.76164 1740246.15383 1810263.2094 1881409.02159 1953732.84104 2027285.65503 2102120.08187 2178290.41831 2255852.78378 2334865.10422 2415387.18297 2497480.73882 2581209.3845 2666640.67405 2753842.42211 2842884.7851 2933840.09473 3026782.91767 3121790.24695 3218941.40633 3318318.20867 3420004.98903 3524406.02679 3631608.59424 3741704.81961 3854789.62206 3970960.73175 4090318.74024 4211605.60194 4334840.89819 4460061.3107 4587304.11772 4716607.20234 4848009.10027 4981549.00255 5117266.70326 5255202.69169 5395398.07531 5537894.63983 5682429.7719 5829038.22979 5977757.41071 6128625.27081 6281680.34455 6436961.68531 6594508.91372 6754362.27576 6916562.49672 7081769.06542 7250057.76574 7421496.4958 7596154.27786 7774101.2124 7955408.61622 8140148.88115 8328395.46926 8520223.00363 8715707.19279 8914924.75663 9117953.4994 9324872.28082 9535760.9391 9750700.27222 9969772.04173 10193058.9337 10420644.4472 10652612.9577 10889049.6053 11125560.3494 11362071.0936 11598581.8378 11835092.582 12071603.3262 12308114.0703 12544624.8145 12781135.5587 13017646.3029 13254157.0471 13490667.7913 13727178.5354 13963689.2796 14200200.0238 14436710.768 14673221.5122 14909732.2564 15146243.0005 15382753.7447 15619264.4889]"
"current_molei",53
"d",3
"d_circ_25","[0 0 0 0 0 0 0 0 0 0 0 0 0 0 0 0 0 0 0 1 0 0 0 0 0 0 2 13 89 0 0 0 0 0 0 0 24 29 37 45 55 68 84 103 127 157 138 161 188 219 256 298 347 405 472 550 642 748 873 1017 1186 1017 1141 1280 1436 1611 1809 2029 2276 2554 2866 3215 3608 4048 4542 5096 5718 6416 7199 8076 9063 3907 4089 4282 4482 4693 4912 5143 5383 5637 5900 6177 6467 6769 7088 7419 7767 8131 8513 8911 9330 7347 7606 7874 8152 8439 8737 9045 9364 9694 10036 10390 10757 11136 11528 11935 12356 12792 13242 13710 14193 19534 20449 21408 22411 23462 24562 25714 26918 28181 29502 30885 32333 33849 35436 37097 38835 40657 42563 44557 46647 0 0 0 0 0 0 0 0 0 0 0 0 0 0 0 0 0 0 0 0 0 0 0 0 0 0 0 0 0 0 0 0 0 0 0 0 0 0 0 0 0 0 0 0 0 0 0 0 0 0 0 0 0 0 0 0 0 0 0 0]"
"d_circ_k","[0 0 0 0 0 0 0 0 0 0 0 0 0 0 0 0 0 0 0 1 0 0 0 0 0 0 2 13 89 0 0 0 0 0 0 0 24 29 37 45 55 68 84 103 127 157 138 161 188 219 256 298 347 405 472 550 642 748 873 1017 1186 1017 1141 1280 1436 1611 1809 2029 2276 2554 2866 3215 3608 4048 4542 5096 5718 6416 7199 8076 9063 3907 4089 4282 4482 4693 4912 5143 5383 5637 5900 6177 6467 6769 7088 7419 7767 8131 8513 8911 9330 7347 7606 7874 8152 8439 8737 9045 9364 9694 10036 10390 10757 11136 11528 11935 12356 12792 13242 13710 14193 14694 15212 15748 16304 16878 17474 18090 18728 19389 20072 20780 21513 22272 23056 23871 24711 25584 26485 27419 28387 17067 17416 17773 18137 18508 18888 19274 19669 20072 20483 20903 21330 21768 22213 22668 23132 23607 24089 24583 25087 32337 33175 34032 34913 35817 36743 37693 38669 39668 40696 41748 42827 43936 45073 46239 47434 48662 49921 51213 52537 0 0 0 0 0 0 0 0 0 0 0 0 0 0 0 0 0 0 0 0]"
"d_circuits","[0 0 0 0 0 0 0 0 0 0 0 0 0 0 0 0 0 0 0 1 0 0 0 0 0 0 2 13 89 0 0 0 0 0 0 0 24 29 37 45 55 68 84 103 127 157 138 161 188 219 256 298 347 405 472 550 642 748 873 1017 1186 1017 1141 1280 1436 1611 1809 2029 2276 2554 2866 3215 3608 4048 4542 5096 5718 6416 7199 8076 9063 3907 4089 4282 4482 4693 4912 5143 5383 5637 5900 6177 6467 6769 7088 7419 7767 8131 8513 8911 9330 7347 7606 7874 8152 8439 8737 9045 9364 9694 10036 10390 10757 11136 11528 11935 12356 12792 13242 13710 14193 14694 15212 15748 16304 16878 17474 18090 18728 19389 20072 20780 21513 22272 23056 23871 24711 25584 26485 27419 28387 17067 17416 17773 18137 18508 18888 19274 19669 20072 20483 20903 21330 21768 22213 22668 23132 23607 24089 24583 25087 32337 33175 34032 34913 35817 36743 37693 38669 39668 40696 41748 42827 43936 45073 46239 47434 48662 49921 51213 52537 0 0 0 0 0 0 0 0 0 0 0 0 0 0 0 0 0 0 0 0]"
"d_conv_25","[0 0 0 0 0 0 0 0 0 0 0 0 0 0 0 0 0 0 0 0 0 0 0 0 0 0 0 0 0 0 0 0 0 0 0 0 0 0 0 0 0 0.435275281648 0.636498180888 0.907488403623 1.26974771927 1.75099041458 1.99548640708 2.52000832907 3.16365080354 3.95150263711 4.91369872352 6.08640384629 7.5129840289 9.24540058433 11.3458685177 13.8888286267 16.9632917432 20.6756243142 25.1528572411 30.5466149295 37.0377792677 35.6238754034 41.3397151913 47.9200446685 55.4907309274 64.1954863191 74.1983493822 85.6865055215 98.8734934092 114.002849244 131.352247984 151.238208574 174.021439147 200.112908327 229.980740235 264.158043833 303.251801962 347.952962093 399.047889731 457.431366769 524.121341278 292.208963405 310.815587413 330.524573103 351.398385597 373.502924055 396.907706364 421.686063609 447.915344809 475.677132482 505.057469584 536.147098424 569.041712172 603.84221963 640.65502394 679.59231596 512.634081229 536.666487414 561.825538448 588.164051707 615.737320656 484.892702819 501.992407055 519.695131059 538.022140276 556.995450078 576.637852205 596.972942147 618.025147487 639.819757246 662.382952257 685.741836622 709.924470266 734.959902643 760.878207636 787.710519681 815.489071166 844.247231154 874.019545464 904.841778171 936.750954567 1289.20646186 1349.64476373 1412.91642739 1479.15428151 1548.49738179 1621.09130291 1697.08844411 1776.64834915 1859.93804123 1947.13237364 2038.41439685 2133.97574275 2234.01702701 2338.74827018 2448.38933863 2563.17040614 2683.33243707 2809.12769224 2940.82025853 3078.68660328 0 0 0 0 0 0 0 0 0 0 0 0 0 0 0 0 0 0 0 0 0 0 0 0 0 0 0 0 0 0 0 0 0 0 0 0 0 0 0 0 0 0 0 0 0 0 0 0 0 0 0 0 0 0 0 0 0 0 0 0]"
"d_conv_km","[0 0 0 0 0 0 0 0 0 0 0 0 0 0 0 0 0 0 0 0 0 0 0 0 0 0 0 0 0 0 0 0 0 0 0 0 0 0 0 0 0 0.435275281648 0.636498180888 0.907488403623 1.26974771927 1.75099041458 1.99548640708 2.52000832907 3.16365080354 3.95150263711 4.91369872352 6.08640384629 7.5129840289 9.24540058433 11.3458685177 13.8888286267 16.9632917432 20.6756243142 25.1528572411 30.5466149295 37.0377792677 35.6238754034 41.3397151913 47.9200446685 55.4907309274 64.1954863191 74.1983493822 85.6865055215 98.8734934092 114.002849244 131.352247984 151.238208574 174.021439147 200.112908327 229.980740235 264.158043833 303.251801962 347.952962093 399.047889731 457.431366769 524.121341278 292.208963405 310.815587413 330.524573103 351.398385597 373.502924055 396.907706364 421.686063609 447.915344809 475.677132482 505.057469584 536.147098424 569.041712172 603.84221963 640.65502394 679.59231596 512.634081229 536.666487414 561.825538448 588.164051707 615.737320656 484.892702819 501.992407055 519.695131059 538.022140276 556.995450078 576.637852205 596.972942147 618.025147487 639.819757246 662.382952257 685.741836622 709.924470266 734.959902643 760.878207636 787.710519681 815.489071166 844.247231154 874.019545464 904.841778171 936.750954567 969.785405638 1003.98481411 1039.39026212 1076.04428055 1113.99090016 1153.27570441 1193.94588429 1236.05029497 1279.63951449 1324.76590451 1371.48367324 1419.84894053 1469.91980529 1521.75641527 1575.42103936 1630.97814233 1688.49446231 1748.03909093 1809.68355634 1873.50190913 1126.40845072 1149.47746886 1173.01894404 1197.04255225 1221.55816764 1246.57586661 1272.10593189 1298.15885684 1324.74534969 1351.87633799 1379.56297311 1407.81663477 1436.64893576 1466.0717267 1496.09710093 1526.73739943 1558.00521595 1589.91340216 1622.47507293 1655.70361171 2134.29599951 2189.51078028 2246.15398148 2304.26255672 2363.87441558 2425.02844842 2487.76455164 2552.12365383 2618.14774237 2685.87989088 2755.36428732 2826.64626279 2899.7723211 2974.79016915 3051.74874803 3130.69826493 3211.69022593 3294.77746958 3380.01420137 3467.4560291 0 0 0 0 0 0 0 0 0 0 0 0 0 0 0 0 0 0 0 0]"
"d_fsp","[0 0 0 0 0 0 0 0 0 0 0 0 0 0 0 0 0 0 0 10 0 0 0 0 0 0 20 130 890 0 0 0 0 0 0 0 111 103 101 75 35 0 0 0 0 0 0 0 0 0 0 0 0 0 0 0 0 0 0 0 0 0 0 0 0 0 0 0 0 0 0 0 0 0 0 0 0 0 0 0 0 0 0 0 0 0 0 0 0 0 0 0 0 0 0 0 0 0 0 0 0 0 0 0 0 0 0 0 0 0 0 0 0 0 0 0 0 0 0 0 0 0 0 0 0 0 0 0 0 0 0 0 0 0 0 0 0 0 0 0 0 0 0 0 0 0 0 0 0 0 0 0 0 0 0 0 0 0 0 0 0 0 0 0 0 0 0 0 0 0 0 0 0 0 0 0 0 0 0 0 0 0 0 0 0 0 0 0 0 0 0 0 0 0 0 0 0 0 0 0 0]"
"d_haul_25","[0 0 0 0 0 0 0 0 0 0 0 0 0 0 0 0 0 0 0 1 0 0 0 0 0 0 3 21 142 0 0 0 0 0 0 0 39 47 59 71 89 103 126 153 186 227 195 224 259 298 343 395 456 524 604 696 801 921 1061 1220 1403 1152 1274 1410 1558 1722 1904 2104 2324 2566 2834 3128 3453 3808 4201 4632 5105 5626 6197 6824 7512 2354 2400 2443 2486 2528 2568 2606 2642 2675 2707 2734 2760 2780 2797 2810 5592 5855 6129 6416 6717 5290 5477 5669 5869 6077 6290 6513 6742 6980 7226 7480 7745 8018 8300 8593 8897 9210 9534 9871 10219 14065 14723 15414 16136 16893 17684 18514 19381 20291 21241 22237 23280 24371 25514 26710 27961 29273 30645 32082 33585 0 0 0 0 0 0 0 0 0 0 0 0 0 0 0 0 0 0 0 0 0 0 0 0 0 0 0 0 0 0 0 0 0 0 0 0 0 0 0 0 0 0 0 0 0 0 0 0 0 0 0 0 0 0 0 0 0 0 0 0]"
"d_haulers","[0 0 0 0 0 0 0 0 0 0 0 0 0 0 0 0 0 0 0 1 0 0 0 0 0 0 3 21 142 0 0 0 0 0 0 0 39 47 59 71 89 103 126 153 186 227 195 224 259 298 343 395 456 524 604 696 801 921 1061 1220 1403 1152 1274 1410 1558 1722 1904 2104 2324 2566 2834 3128 3453 3808 4201 4632 5105 5626 6197 6824 7512 2354 2400 2443 2486 2528 2568 2606 2642 2675 2707 2734 2760 2780 2797 2810 5592 5855 6129 6416 6717 5290 5477 5669 5869 6077 6290 6513 6742 6980 7226 7480 7745 8018 8300 8593 8897 9210 9534 9871 10219 10580 10953 11338 11739 12153 12581 13025 13484 13960 14452 14961 15489 16036 16601 17186 17793 18420 19069 19742 20438 12289 12539 12797 13059 13326 13599 13877 14162 14452 14747 15050 15358 15673 15993 16321 16656 16996 17345 17699 18063 23283 23885 24504 25137 25788 26455 27139 27841 28562 29301 30058 30836 31634 32452 33292 34153 35037 35943 36873 37826 0 0 0 0 0 0 0 0 0 0 0 0 0 0 0 0 0 0 0 0]"
"d_hubs","[0 0 0 0 0 0 0 0 0 0 0 0 0 0 0 0 0 0 0 1 0 0 0 0 0 0 0 0 1 0 0 0 0 0 0 0 1 0 1 0 1 1 2 1 2 2 2 2 3 3 3 4 5 5 6 7 8 9 11 12 14 12 12 15 15 17 19 21 24 25 29 31 34 39 42 46 51 56 62 68 76 23 24 24 25 26 25 26 27 27 27 27 28 27 28 28 56 59 61 64 67 53 55 57 59 60 63 65 68 70 72 75 77 80 83 86 89 92 96 98 102 106 110 113 118 121 126 130 135 140 144 150 155 160 166 172 178 184 191 197 204 123 126 128 130 134 136 138 142 144 148 150 154 157 160 163 166 170 174 177 181 232 239 245 252 257 265 271 279 285 293 301 308 317 324 333 342 350 360 368 378 0 0 0 0 0 0 0 0 0 0 0 0 0 0 0 0 0 0 0 0]"
"d_molei","[18 0 0 1 0 0 1 117 0 1 5 6 4 6 5 6 7 8 7 8 8 7 9 7 8 8 10 11 12 10 12 10 11 12 10 12 0 0 0 0 0 0 0 0 0 0 2 3 2 2 3 2 2 3 2 2 3 2 2 3 2 0 0 0 0 0 0 0 0 0 0 0 0 0 0 0 0 0 0 0 0 0 0 0 0 0 0 0 0 0 0 0 0 0 0 0 0 0 0 0 0 0 0 0 0 0 0 0 0 0 0 0 0 0 0 0 0 0 0 0 0 0 0 0 0 0 0 0 0 0 0 0 0 0 0 0 0 0 0 0 0 0 0 0 0 0 0 0 0 0 0 0 0 0 0 0 0 0 0 0 0 0 0 0 0 0 0 0 0 0 0 0 0 0 0 0 0 0 0 0 0 0 0 0 0 0 0 0 0 0 0 0 0 0 0 0 0 0 0 0 0]"
"d_msr","[0 0 0 0 0 0 0 0 0 0 0 0 0 0 0 0 0 0 0 0 0 0 0 0 0 0 0 0 0 0 0 0 0 0 0 0 1 0 0 0 0 0 1 0 1 1 0 1 1 1 1 1 1 2 2 2 3 3 3 4 5 4 4 6 5 7 7 8 9 10 12 13 14 16 19 20 23 25 29 33 36 15 17 17 18 19 19 21 21 23 24 24 26 27 29 29 31 33 34 36 37 29 31 31 33 34 34 37 37 39 40 42 43 44 46 48 49 52 53 54 57 59 61 63 65 68 69 73 75 77 81 83 86 89 92 95 99 103 106 109 114 68 70 71 72 74 76 77 79 80 82 84 85 87 89 91 92 94 97 98 101 129 133 136 139 144 147 150 155 159 162 167 172 176 180 185 190 194 200 205 210 0 0 0 0 0 0 0 0 0 0 0 0 0 0 0 0 0 0 0 0]"
"d_msr_25","[0 0 0 0 0 0 0 0 0 0 0 0 0 0 0 0 0 0 0 0 0 0 0 0 0 0 0 0 0 0 0 0 0 0 0 0 0 0 0 0 0 0 0 0 0 4 0 1 1 1 1 1 1 2 2 2 3 3 3 4 5 4 4 6 5 7 7 8 9 10 12 13 14 16 19 20 23 25 29 33 36 15 17 17 18 19 19 21 21 23 24 24 26 27 29 29 31 33 34 36 37 29 31 31 33 34 34 37 37 39 40 42 43 44 46 48 49 52 53 54 57 78 82 86 89 94 98 103 108 113 118 123 130 135 142 148 155 163 170 179 186 0 0 0 0 0 0 0 0 0 0 0 0 0 0 0 0 0 0 0 0 0 0 0 0 0 0 0 0 0 0 0 0 0 0 0 0 0 0 0 0 0 0 0 0 0 0 0 0 0 0 0 0 0 0 0 0 0 0 0 0]"
"d_probes","[0 0 0 1 0 0 1 0 0 1 4 5 4 5 4 5 6 7 6 7 7 6 7 6 7 7 9 9 10 9 10 9 9 10 9 10 4 4 4 4 4 4 4 4 4 4 2 2 2 2 2 2 2 2 2 2 2 2 2 2 2 0 0 0 0 0 0 0 0 0 0 0 0 0 0 0 0 0 0 0 0 0 0 0 0 0 0 0 0 0 0 0 0 0 0 0 0 0 0 0 0 0 0 0 0 0 0 0 0 0 0 0 0 0 0 0 0 0 0 0 0 0 0 0 0 0 0 0 0 0 0 0 0 0 0 0 0 0 0 0 0 0 0 0 0 0 0 0 0 0 0 0 0 0 0 0 0 0 0 0 0 0 0 0 0 0 0 0 0 0 0 0 0 0 0 0 0 0 0 0 0 0 0 0 0 0 0 0 0 0 0 0 0 0 0 0 0 0 0 0 0]"
"d_sentinel","[0 0 0 0 0 0 0 0 0 0 0 0 0 0 0 0 0 0 0 1 0 0 0 0 0 0 0 0 0 0 0 0 0 0 0 0 0 0 0 0 0 0 0 1 0 0 0 1 0 1 0 1 0 1 1 1 2 1 2 2 2 2 2 3 3 3 4 4 4 5 6 7 7 8 9 10 12 12 15 16 18 8 8 9 9 9 10 10 11 11 12 12 13 14 14 15 15 17 17 18 18 15 15 16 16 17 17 19 18 20 20 21 21 22 23 24 25 26 26 27 29 29 31 31 33 34 34 37 37 39 40 42 43 44 46 48 49 52 53 54 57 34 35 36 36 37 38 38 40 40 41 42 42 44 44 46 46 47 48 49 51 64 67 68 69 72 74 75 77 80 81 83 86 88 90 93 95 97 100 102 105 0 0 0 0 0 0 0 0 0 0 0 0 0 0 0 0 0 0 0 0]"
"d_spa_msr","[0 0 0 0 0 0 0 0 0 0 0 0 0 0 0 0 0 0 0 0 0 0 0 0 0 0 0 0 0 0 0 0 0 0 0 0 0 0 0 0 0 0 0 0 0 0 0 0 0 0 0 0 0 0 0 0 0 0 0 0 0 0 0 0 0 0 0 0 0 0 0 0 0 0 0 0 0 0 0 0 0 0 0 0 0 0 0 0 0 0 0 0 0 0 0 0 0 0 0 0 0 0 0 0 0 1 0 0 0 0 0 0 0 0 0 0 0 0 0 0 0 0 0 0 0 1 0 0 0 0 0 0 0 0 0 0 0 0 0 0 1 0 0 0 0 0 0 0 0 0 0 0 0 0 0 0 0 0 0 0 0 0 0 0 0 0 0 0 0 0 0 0 0 0 0 0 0 0 0 0 0 0 0 0 0 0 0 0 0 0 0 0 0 0 0 0 0 0 0 0 0]"
"d_tugs","[0 0 0 0 0 0 0 0 0 0 0 0 0 0 0 0 0 0 0 0 0 0 0 0 0 0 0 0 0 0 0 0 0 0 0 0 0 0 0 0 0 0 0 0 0 0 0 0 0 0 0 0 0 0 0 0 0 0 0 0 0 0 0 0 0 2 0 0 0 0 0 0 0 0 0 0 0 0 0 0 0 0 0 0 0 1 0 0 0 0 0 0 0 0 0 0 0 0 0 0 0 0 0 0 0 2 0 0 0 0 0 0 0 0 0 0 0 0 0 0 0 0 0 0 0 0 0 0 0 0 0 0 0 0 0 0 0 0 0 0 0 0 0 0 0 0 0 0 0 0 0 0 0 0 0 0 0 0 0 0 0 0 0 0 0 0 0 0 0 0 0 0 0 0 0 0 0 0 0 0 0 0 0 0 0 0 0 0 0 0 0 0 0 0 0 0 0 0 0 0 0]"
"df","[0.970873786408 0.942595909134 0.915141659353 0.888487047916 0.862608784384 0.837484256684 0.813091511343 0.789409234314 0.766416732344 0.744093914897 0.722421276599 0.701379880193 0.680951339993 0.661117805819 0.641861947397 0.62316693922 0.605016445845 0.587394607616 0.570286026812 0.553675754186 0.537549275909 0.521892500883 0.50669174843 0.49193373634 0.477605569262 0.463694727439 0.450189055766 0.43707675317 0.424346362301 0.411986759516 0.399987145161 0.390231361133 0.380713523056 0.371427827372 0.36236861207 0.353530353239 0.344907661697 0.336495279704 0.32828807776 0.320281051473 0.312469318511 0.30484811562 0.297412795727 0.2901588251 0.283081780585 0.276177346912 0.269441314061 0.262869574693 0.256458121652 0.250203045514 0.244100532209 0.238146860692 0.232338400675 0.226671610414 0.221143034551 0.215749302001 0.210487123903 0.205353291613 0.200344674744 0.195458219263 0.190690945622 0.186039946948 0.181502387267 0.177075499772 0.172756585144 0.168543009896 0.164432204777 0.160421663197 0.156508939704 0.152691648492 0.148967461943 0.145334109213 0.141789374842 0.138331097407 0.134957168202 0.131665529953 0.129083852895 0.126552796956 0.124071369565 0.121638597612 0.119253527071 0.116915222619 0.114622767273 0.112375262033 0.110171825522 0.108011593649 0.105893719264 0.103817371827 0.101781737086 0.0997860167506 0.0978294281868 0.0959112041047 0.0940305922596 0.0921868551564 0.0903792697612 0.0886071272169 0.0868697325656 0.085166404476 0.0834964749765 0.0818592891926 0.0802542050908 0.0786805932263 0.0771378364964 0.0756253298984 0.0741424802926 0.0726887061692 0.0712634374208 0.0698661151184 0.0684961912925 0.0671531287182 0.0658364007041 0.0645454908864 0.0632798930259 0.0620391108097 0.0608226576565 0.059630056526 0.0584608397314 0.0573145487563 0.0561907340748 0.0550889549753 0.0540087793875 0.0529497837132 0.05191155266 0.0508936790785 0.0498957638024 0.0489174154926 0.0479582504829 0.0470178926303 0.046095973167 0.0451921305558 0.0443060103489 0.0434372650479 0.0425855539685 0.0417505431064 0.0409319050063 0.0401293186336 0.0393424692486 0.038571048283 0.0378147532186 0.0370732874692 0.0363463602639 0.0356336865333 0.0349349867973 0.0342499870562 0.0335784186826 0.0329200183162 0.032274527761 0.0316416938833 0.0310212685131 0.0304130083462 0.0298166748492 0.0292320341659 0.0286588570254 0.0280969186523 0.0275459986787 0.0270058810576 0.026476353978 0.0259572097824 0.0254482448847 0.0249492596909 0.0244600585205 0.0239804495299 0.0235102446371 0.0230492594482 0.0225973131845 0.0221542286122 0.0217198319728 0.0212939529145 0.020876424426 0.0204670827705 0.0200657674221 0.0196723210021 0.0192865892177 0.0189084208017 0.0185376674526 0.0181741837771 0.0178178272324 0.017468458071 0.0171259392853 0.0167901365542 0.0164609181904 0.0161381550886 0.0158217206751 0.015511490858 0.0152073439784 0.0149091607631 0.0146168242776 0.01433021988 0.0140492351765 0.0137737599769 0.0135036862519 0.0132389080901 0.0129793216569 0.0127248251539 0.0124753187783 0.0122307046846 0.0119908869457 0.0117557715154 0.0115252661916 0.01129928058 0.0110777260588]"
"df_k","[0.966183574879 0.933510700366 0.901942705668 0.871442227699 0.841973166859 0.813500644308 0.785990960684 0.759411556216 0.73373097219 0.70891881371 0.684945713729 0.661783298289 0.639404152936 0.617781790277 0.596890618625 0.576705911715 0.557203779435 0.53836113955 0.520155690387 0.502565884432 0.485570902833 0.469150630756 0.453285633581 0.437957133894 0.42314698927 0.408837670792 0.395012242311 0.381654340397 0.368748154973 0.356278410602 0.344230348408 0.332589708607 0.32134271363 0.310476051816 0.299976861658 0.289832716578 0.28003161022 0.270561942242 0.261412504581 0.252572468195 0.244031370236 0.235779101678 0.227805895341 0.220102314339 0.212659240907 0.205467865611 0.198519676919 0.191806451129 0.185320242637 0.179053374528 0.172998429496 0.167148241059 0.161495885081 0.156034671576 0.150758136788 0.145660035544 0.140734333859 0.135975201796 0.131377006566 0.126934305861 0.122641841412 0.118494532765 0.114487471271 0.110615914271 0.106875279489 0.103261139603 0.0997692170077 0.0963953787514 0.0931356316438 0.0899861175303 0.0869431087249 0.0840030035989 0.0811623223178 0.0784177027225 0.0757658963503 0.0732037645896 0.0707282749658 0.0683364975515 0.0660256014991 0.0637928516899 0.0616356054975 0.0595513096594 0.0575374972555 0.0555917847879 0.0537118693603 0.051895525952 0.0501406047845 0.0484450287773 0.0468067910892 0.0452239527432 0.0436946403316 0.0422170437986 0.0407894142982 0.0394100621238 0.038077354709 0.0367897146947 0.0355456180625 0.0343435923309 0.0331822148125 0.03206011093 0.0309759525893 0.029928456608 0.0289163831962 0.0279385344891 0.0269937531295 0.0260809208981 0.0251989573895 0.0243468187338 0.0235234963611 0.0227280158079 0.0219594355632 0.0212168459547 0.0204993680722 0.0198061527268 0.0191363794462 0.0184892555035 0.0178640149793 0.0172599178544 0.0166762491346 0.0161123180045 0.0155674570092 0.0150410212649 0.0145323876956 0.0140409542952 0.0135661394157 0.0131073810779 0.0126641363072 0.01223588049 0.0118221067537 0.0114223253659 0.0110360631554 0.0106628629521 0.0103022830455 0.00995389666232 0.00961729146118 0.00929206904462 0.00897784448755 0.00867424588169 0.00838091389536 0.00809750134817 0.00782367280017 0.00755910415475 0.00730348227512 0.00705650461364 0.00681787885376 0.00658732256402 0.00636456286379 0.00614933610028 0.0059413875365 0.00574047104976 0.00554634884035 0.00535879115009 0.00517757599043 0.00500248887964 0.00483332258903 0.00466987689761 0.00451195835518 0.00435938005331 0.00421196140417 0.00406952792673 0.00393191104032 0.00379894786504 0.00367048102903 0.00354635848215 0.00342643331609 0.00331056359042 0.00319861216466 0.0030904465359 0.00298593868203 0.00288496491018 0.00278740571032 0.00269314561383 0.00260207305684 0.00251408024816 0.0024290630417 0.00234692081323 0.00226755634129 0.00219087569207 0.00211678810828 0.00204520590172 0.00197604434948 0.0019092215937 0.00184465854464 0.00178227878709 0.00172200848995 0.00166377631879 0.00160751335149 0.00155315299661 0.00150063091459 0.00144988494164 0.00140085501607 0.00135348310732 0.00130771314717 0.00126349096345 0.00122076421589 0.00117948233419 0.00113959645816 0.00110105937986 0.00106382548779 0.00102785071284 0.000993092476175]"
"dr","[0.03 0.03 0.03 0.03 0.03 0.03 0.03 0.03 0.03 0.03 0.03 0.03 0.03 0.03 0.03 0.03 0.03 0.03 0.03 0.03 0.03 0.03 0.03 0.03 0.03 0.03 0.03 0.03 0.03 0.03 0.03 0.025 0.025 0.025 0.025 0.025 0.025 0.025 0.025 0.025 0.025 0.025 0.025 0.025 0.025 0.025 0.025 0.025 0.025 0.025 0.025 0.025 0.025 0.025 0.025 0.025 0.025 0.025 0.025 0.025 0.025 0.025 0.025 0.025 0.025 0.025 0.025 0.025 0.025 0.025 0.025 0.025 0.025 0.025 0.025 0.025 0.02 0.02 0.02 0.02 0.02 0.02 0.02 0.02 0.02 0.02 0.02 0.02 0.02 0.02 0.02 0.02 0.02 0.02 0.02 0.02 0.02 0.02 0.02 0.02 0.02 0.02 0.02 0.02 0.02 0.02 0.02 0.02 0.02 0.02 0.02 0.02 0.02 0.02 0.02 0.02 0.02 0.02 0.02 0.02 0.02 0.02 0.02 0.02 0.02 0.02 0.02 0.02 0.02 0.02 0.02 0.02 0.02 0.02 0.02 0.02 0.02 0.02 0.02 0.02 0.02 0.02 0.02 0.02 0.02 0.02 0.02 0.02 0.02 0.02 0.02 0.02 0.02 0.02 0.02 0.02 0.02 0.02 0.02 0.02 0.02 0.02 0.02 0.02 0.02 0.02 0.02 0.02 0.02 0.02 0.02 0.02 0.02 0.02 0.02 0.02 0.02 0.02 0.02 0.02 0.02 0.02 0.02 0.02 0.02 0.02 0.02 0.02 0.02 0.02 0.02 0.02 0.02 0.02 0.02 0.02 0.02 0.02 0.02 0.02 0.02]"
"dr_opts","[0.014 0.02 0.03 0.035]"
"earth_cargo","[35.2993333333 28.3333333333 28.3333333333 29.5203333333 28.3333333333 28.3333333333 29.5203333333 78.6123333333 33.3333333333 41.5203333333 45.4683333333 46.6553333333 45.0813333333 46.6553333333 45.4683333333 36.6553333333 37.8423333333 39.0293333333 37.8423333333 138.700633333 39.2191633333 38.0306933333 69.6032233333 68.0277533333 39.2132833333 211.611813333 231.172788333 1272.06392333 8451.04323333 52.9083333333 53.8869833333 51.7176333333 51.5092833333 52.1009333333 49.9315833333 101.918233333 1323.04009833 1298.27655333 1409.98420833 1348.84928333 1217.70330833 1144.31787162 1379.33572857 1555.7842069 1806.71960717 2068.49610541 1676.95031253 1858.72740235 1991.55804599 2116.35381272 2233.88601562 2325.09294133 2389.88862685 2464.73954464 2437.52829102 2338.78971228 2745.62277016 3164.52436362 3660.07388968 4269.4325035 4970.33304967 4333.04428724 4826.14615905 5448.95220756 6037.18218713 6796.72563124 7581.02872529 8483.21208863 9487.6213454 10611.1561158 12003.6755957 13293.4000539 14861.3210827 16632.1427913 18631.2131294 20817.4341785 23302.5644041 26058.9542089 29172.8515643 32646.5237136 36566.4163597 17437.1155544 18245.1012842 19061.4571869 19924.9660691 20883.1904744 21758.4828387 22763.0779165 23774.3115461 24872.6671728 25993.312295 27090.558286 28271.406918 29483.0270843 30776.8782214 32118.6491675 33966.1931106 35454.6866255 36992.1124801 38603.9418928 40276.6822682 33486.6199636 34683.9091866 35886.525356 37165.7029622 38528.1603151 37846.5686957 37176.7957885 36359.6220211 35473.4778615 34463.336011 33348.7113915 32101.2602397 30721.682912 29219.1983325 27601.4412202 28533.0119898 29557.9846197 30587.9433561 31652.4859649 32783.5520894 33940.9462139 35136.9896529 36370.1134251 37650.3728443 39063.1612432 39106.5818355 39232.2249981 39282.4988153 39286.8370081 39275.1094084 39176.669235 39040.7492484 38842.925673 38581.3477009 38250.1262003 39608.2092726 41012.2363124 42447.7359056 43933.4075898 45513.8890588 34812.6226819 35533.2052241 36253.0896216 36988.5859691 37754.3550057 38533.8565073 39314.0413316 40126.6392657 40938.557525 41780.3476943 42641.0890776 43502.6704839 44397.3728921 45310.8392191 46241.0554185 47173.807984 48142.4028737 49143.8538848 50133.2173302 51177.1020353 58922.9822138 60457.6381934 62016.7726404 63609.9232216 65278.3510259 66954.6194377 68673.7771428 70467.664118 72290.0839573 74142.5634561 76070.8940858 78050.0693546 80061.1531898 82124.8836936 84254.3912765 86435.9941943 88658.1201992 90964.7224193 93316.7743534 95724.3213951 44484.3722496 44484.3722496 44484.3722496 44484.3722496 44484.3722496 44484.3722496 44484.3722496 44484.3722496 44484.3722496 44484.3722496 44484.3722496 44484.3722496 44484.3722496 44484.3722496 44484.3722496 44484.3722496 44484.3722496 44484.3722496 44484.3722496 44484.3722496]"
"ec_25","[35.2993333333 28.3333333333 28.3333333333 29.5203333333 28.3333333333 28.3333333333 29.5203333333 78.6123333333 33.3333333333 41.5203333333 45.4683333333 46.6553333333 45.0813333333 46.6553333333 45.4683333333 36.6553333333 37.8423333333 39.0293333333 37.8423333333 138.700633333 39.2191633333 38.0306933333 69.6032233333 68.0277533333 39.2132833333 211.611813333 231.172788333 1272.06392333 8451.04323333 52.9083333333 53.8869833333 51.7176333333 51.5092833333 52.1009333333 49.9315833333 101.918233333 1270.54009833 1295.77655333 1407.48420833 1346.34928333 1215.20330833 1141.81787162 1324.33572857 1550.7842069 1749.21960717 2218.49610541 1676.95031253 1858.72740235 1991.55804599 2116.35381272 2233.88601562 2325.09294133 2389.88862685 2464.73954464 2437.52829102 2338.78971228 2745.62277016 3164.52436362 3660.07388968 4269.4325035 4970.33304967 4333.04428724 4826.14615905 5448.95220756 6037.18218713 6796.72563124 7581.02872529 8483.21208863 9487.6213454 10611.1561158 12003.6755957 13293.4000539 14861.3210827 16632.1427913 18631.2131294 20817.4341785 23302.5644041 26058.9542089 29172.8515643 32646.5237136 36566.4163597 17437.1155544 18245.1012842 19061.4571869 19924.9660691 20883.1904744 21758.4828387 22763.0779165 23774.3115461 24872.6671728 25993.312295 27152.8360767 28397.8718482 29675.340061 31036.6231981 32447.2135861 34609.5269245 36240.5154976 37932.2491313 39711.1350788 41564.6007566 34578.695545 35814.5632564 37056.8847747 38377.3463342 39782.6829895 39145.1414864 38521.3354397 37751.4778351 36914.4529778 35955.1053134 34892.9665078 33700.1508211 32376.9403539 30932.7178673 29375.4311039 30369.7035014 31459.3378755 32556.2314957 33690.299337 34893.2140662 44366.1086842 46442.1108726 48611.6245749 50865.0738226 53328.7230985 54051.3943627 54822.5980118 55539.0246977 56201.7655371 56801.8302072 57328.1287392 57810.5283769 58172.9462066 58472.2810838 58648.4296582 61383.8144026 64259.3176948 67247.0803563 70401.2529876 73678.3479431 23917.9337533 23940.8047667 23963.0869733 23987.9925667 24013.84974 24037.9373133 24063.9731667 24091.07212 24117.9060133 24144.0806867 24171.82496 24200.4076933 24229.3456667 24260.9064067 24290.74238 24320.8730733 24354.1539333 24385.5684867 24417.22516 24452.06842 24605.64068 24653.3648467 24703.87354 24751.5069467 24803.70694 24855.1537467 24909.30622 24965.0111733 25021.2991467 25078.94256 25137.7129333 25199.7413933 25260.9460067 25326.7775467 25392.7057667 25459.7410867 25529.3958467 25599.2384267 25673.7798333 25747.8760933 24863.2360933 24863.2360933 24863.2360933 24863.2360933 24863.2360933 24863.2360933 24863.2360933 24863.2360933 24863.2360933 24863.2360933 24863.2360933 24863.2360933 24863.2360933 24863.2360933 24863.2360933 24863.2360933 24863.2360933 24863.2360933 24863.2360933 24863.2360933]"
"ec_k","[35.2993333333 28.3333333333 28.3333333333 29.5203333333 28.3333333333 28.3333333333 29.5203333333 78.6123333333 33.3333333333 41.5203333333 45.4683333333 46.6553333333 45.0813333333 46.6553333333 45.4683333333 36.6553333333 37.8423333333 39.0293333333 37.8423333333 139.120633333 39.6391633333 38.4506933333 70.0232233333 68.4477533333 39.6332833333 212.031813333 232.394988333 1278.38072333 8491.17423333 91.7163333333 91.3719833333 87.8796333333 86.3482833333 85.6169333333 82.1245833333 132.788233333 1359.34069833 1340.74695333 1459.94320833 1407.31328333 1285.84830833 1223.59707162 1471.32832857 1662.0442069 1928.98580717 2208.60810541 1827.99911253 2020.51980235 2163.55224599 2297.45781272 2422.46601562 2518.57854133 2584.68042685 2655.99074464 2618.69109102 2501.24571228 2935.04277016 3385.36036362 3917.57588968 4569.6485035 5320.36104967 4725.78628724 5266.81015905 5943.37620756 6591.91818713 7419.12363124 8279.40472529 9266.80608863 10366.8073454 11597.6101158 13110.5015957 14535.2560539 16254.7130827 18195.5507913 20385.3851294 22785.6381785 25510.9244041 28536.7862089 31953.0415643 35765.9057136 40066.4443597 21101.2375544 22080.9612842 23077.1611869 24128.9140691 25284.2444744 26365.8408387 27586.4419165 28823.7615461 30158.8711728 31527.316295 32883.996286 34336.458918 35832.3770843 37423.9242214 39077.2931675 41251.0511106 43081.0466255 44976.0184801 46962.1098928 49026.7102682 42545.2219636 44061.9631866 45595.287356 47216.8489622 48933.7443151 50582.9179157 52395.3104285 54219.5701411 56142.0385015 58116.669211 60171.6132315 62288.6307397 64476.175152 66754.0603125 69143.4144202 71540.1859898 74082.3442197 76680.2385561 79372.2391649 82185.1826894 85085.6860139 88084.9910529 91184.4212251 94398.9878443 97811.0966432 101162.225751 104753.72087 108437.704795 112251.692496 116229.320448 120312.968563 124558.492692 128950.630017 133491.885745 138198.87244 143076.935193 148133.860152 153343.832546 158740.24295 164372.170979 125447.221562 128022.618184 130637.516822 133306.035729 136043.219806 138838.174747 141670.452692 144580.005346 147531.602965 150556.236174 153646.054198 156778.178004 159995.796252 163274.632019 166620.948058 170018.448784 173506.195834 177071.283165 180682.30565 184401.268915 212597.803654 218111.791633 223746.23424 229524.866262 235487.635026 241565.735278 247800.684823 254230.902518 260803.726197 267537.730176 274467.143046 281576.168075 288855.24359 296321.492334 303992.212236 311855.313074 319911.337639 328200.788339 336691.601713 345393.003315 158817.74217 158817.74217 158817.74217 158817.74217 158817.74217 158817.74217 158817.74217 158817.74217 158817.74217 158817.74217 158817.74217 158817.74217 158817.74217 158817.74217 158817.74217 158817.74217 158817.74217 158817.74217 158817.74217 158817.74217]"
"ef",0.3
"ef_base",0.008
"ef_h",0.33
"eg_25","[0 0 0 0 0 0 0 0 0 0 0 0 0 0 0 0 0 0 0 0 0 0 0 0 0 0 0 0 0 0 0 0 0 0 0 0 0 0 0 0 0 0 0 0 0 0 0 0 0 0 0 0 0 0 0 0 0 0 0 0 0 0 0 304.263910309 334.695806221 368.171442311 404.995247666 445.502099791 490.060369995 539.075273389 592.992553922 652.302538004 717.544593557 789.312035055 868.257519151 955.098979974 1050.62615806 1155.70778227 1271.29947008 1398.45241801 1538.32296125 1578.86265014 1620.47068841 1663.17523044 1707.0051726 1751.99017275 1798.16067032 1845.54790693 1894.18394752 1944.10170202 1995.33494768 2047.91835185 2101.88749549 2176.91890883 2278.9733788 2385.8121863 2497.65962221 2614.75049219 2737.33060967 2865.65731186 3000 3105.79477152 3215.32038761 3328.7084162 3446.09506499 3567.62134501 3693.43324003 3823.68188196 3958.52373232 4098.12077026 4242.64068712 4392.25708784 4547.14969953 4707.50458738 4873.51437814 5045.37849152 5223.30337978 5407.50277566 5598.19794922 5795.61797355 6000 6281.28140986 6575.74935831 6884.02203338 7206.74660389 7544.6005781 7898.29322601 8268.56706836 8656.19943544 9062.00409898 9486.83298051 9931.57793982 10397.1726473 10884.5945441 11394.866894 11929.0609315 12488.298111 13073.7524609 13686.6530483 14328.2865593 15000 15000 15000 15000 15000 15000 15000 15000 15000 15000 15000 15000 15000 15000 15000 15000 15000 15000 15000 15000 15000 15000 15000 15000 15000 15000 15000 15000 15000 15000 15000 15000 15000 15000 15000 15000 15000 15000 15000 15000 15000 15000 15000 15000 15000 15000 15000 15000 15000 15000 15000 15000 15000 15000 15000 15000 15000 15000 15000 15000 15000]"
"er_25","[0 0 0 0 0 0 0 0 0 0 0 0 0 0 0 0 0 0 0 0.00124834090333 0.00211445727399 0.003581497291 0.00606639018117 0.0102753364976 0.0174045086098 0.02948 0.200052578343 1.35756560725 9.2125 9.2125 9.2125 9.2125 9.2125 9.2125 9.2125 9.2125 11.3419179079 13.963538869 17.1911328691 21.1647671908 26.0568848867 32.0797882575 39.4948520945 48.623866512 59.8630016115 73.7 85.927891367 100.184566008 116.806628284 136.18653007 158.781836655 185.126030002 215.841104413 251.652252002 293.404984698 342.085097037 398.841941065 465.015562882 542.168341537 632.121877261 737 826.927600821 927.828028492 1041.04017039 1168.06628284 1310.5919252 1470.50832613 1649.93747912 1851.26030002 2077.14822034 2330.59863554 2614.97467865 2934.04984698 3292.05807415 3693.74991183 4144.45556665 4650.15562882 5217.56043091 5854.19908992 6568.51941405 7370 7715.50733178 8077.21212846 8455.873731 8852.28707844 9267.28437676 9701.73684594 10156.556549 10632.6983065 11131.1617016 11652.9931777 12199.2882361 12771.1937351 13369.9102984 13996.6948348 14652.8631775 15339.7928464 16058.9259395 16811.772161 17599.9119903 18425 19074.7562218 19747.4260472 20443.8175229 21164.7671908 21911.1410939 22683.8358159 23483.7795584 24311.933256 25169.2917307 26056.8848867 26975.7789478 27927.077738 28911.9240075 29931.5008057 30987.0329021 32079.7882575 33211.0795472 34382.2657381 35594.7537209 36850 38577.5366589 40386.0606423 42279.368655 44261.4353922 46336.4218838 48508.6842297 50782.7827448 53163.4915327 55655.8085079 58264.9658886 60996.4411804 63855.9686757 66849.5514919 69983.4741739 73264.3158877 76698.9642319 80294.6296976 84058.8608052 87999.5599516 92125 92125 92125 92125 92125 92125 92125 92125 92125 92125 92125 92125 92125 92125 92125 92125 92125 92125 92125 92125 92125 92125 92125 92125 92125 92125 92125 92125 92125 92125 92125 92125 92125 92125 92125 92125 92125 92125 92125 92125 92125 92125 92125 92125 92125 92125 92125 92125 92125 92125 92125 92125 92125 92125 92125 92125 92125 92125 92125 92125 92125]"
"exr_25","[-2.58214623333 -2.07258333333 -2.07258333333 -2.15941238333 -2.07258333333 -2.07258333333 -2.15941238333 -5.75049218333 -2.43833333333 -3.03721238333 -3.32600858333 -3.41283763333 -3.29769953333 -3.41283763333 -3.32600858333 -2.68133763333 -2.76816668333 -2.85499573333 -2.76816668333 -10.1459513283 -2.86888179783 -2.78194521733 -5.09147578683 -4.97623015633 -2.86845167583 -8.84537379733 -9.66302255233 -53.1722719953 -353.253607153 -2.21156833333 -2.25247590333 -2.13304517226 -2.09581590138 -2.0909240347 -1.97610432558 -3.97688004014 -48.8705117367 -49.1208418099 -52.5730257421 -49.5409952581 -44.039697016 -40.7453825308 -46.5222189951 -53.6149212126 -59.5029235019 -46.366568603 -33.5893776456 -35.6133564335 -36.4258207114 -36.8672008707 -36.9712324122 -36.457980466 -35.3948779094 -34.3592086741 -31.8593174294 -28.534111536 -31.1090385553 -33.1023488794 -35.1018928881 -37.2316928826 -38.9549852768 -32.5452248262 -34.6728438115 -37.3678925609 -39.4303461597 -42.1715585651 -44.5622344759 -47.0950821108 -49.5728215297 -51.978085036 -54.8793043641 -56.4346374162 -58.2378019929 -59.7457754332 -60.8425553756 -61.1837401401 -60.8779495058 -59.5691406368 -57.1605560338 -53.3056520012 -47.7648813699 -22.777232193 -23.8326635524 -24.8990284504 -26.0269869277 -27.2786675572 -28.422018208 -29.7342705284 -31.0551944571 -32.4899214944 -33.9537641854 -35.4683921252 -37.0947201017 -38.7634129547 -40.5415890526 -42.3841727469 -45.2086945452 -47.3391733688 -49.5490004277 -51.8726701967 -54.2937597383 -45.1684210557 -46.7827732536 -48.4055557369 -50.1304086491 -51.966129655 -51.1333410667 -50.3184944181 -49.3128679221 -48.2195042023 -46.9663563156 -45.5789375008 -44.02082201 -42.2923783372 -40.4058627142 -38.3716568795 -39.6704251987 -41.0937600999 -42.5265773912 -44.0079535089 -45.5792608739 -57.9532294687 -60.6650073274 -63.498934601 -66.4425026807 -69.6606445475 -70.6046338863 -71.6120186529 -72.5478510114 -73.4135562329 -74.1973907082 -74.8848681656 -75.5150026924 -75.9884109823 -76.3794171657 -76.6095112411 -80.1826075634 -83.9387337389 -87.8414987154 -91.961636715 -96.2423420006 -31.2428009653 -31.2726762265 -31.3017823589 -31.3343152902 -31.3680912229 -31.3995556155 -31.433564949 -31.4689629567 -31.5040147299 -31.538205397 -31.574446354 -31.6117825494 -31.6495827771 -31.6908089937 -31.7297822339 -31.769140452 -31.8126135754 -31.8536488357 -31.8950003653 -31.9405143736 -32.1411181383 -32.203457831 -32.2694348116 -32.3316559491 -32.3998421904 -32.4670445816 -32.5377812499 -32.6105458452 -32.6840720103 -32.759368719 -32.8361375192 -32.917162195 -32.9971107212 -33.0831031703 -33.1692219077 -33.2567867945 -33.3477733247 -33.4390051948 -33.5363749073 -33.6331631469 -32.4776021469 -32.4776021469 -32.4776021469 -32.4776021469 -32.4776021469 -32.4776021469 -32.4776021469 -32.4776021469 -32.4776021469 -32.4776021469 -32.4776021469 -32.4776021469 -32.4776021469 -32.4776021469 -32.4776021469 -32.4776021469 -32.4776021469 -32.4776021469 -32.4776021469 -32.4776021469]"
"ext_g_k","[0 0 0 0 0 0 0 0 0 0 0 0 0 0 0 0 0 0 0 0 0 0 0 0 0 0 0 0 0 0 0 0 0 0 0 0 0 0 0 0 0 0 0 0 0 0 0 0 0 0 0 0 0 0 0 0 0 0 0 0 0 0 0 507.106517182 557.826343701 613.619070518 674.992079444 742.503499651 816.767283326 898.458788982 988.320923203 1087.17089667 1195.90765593 1315.52005842 1447.09586525 1591.83163329 1751.04359676 1926.17963711 2118.83245013 2330.75403002 2563.87160208 2631.43775023 2700.78448068 2771.95871741 2845.00862101 2919.98362124 2996.93445053 3075.91317821 3156.97324586 3240.16950337 3325.55824613 3413.19725308 3503.14582581 3628.19818138 3798.28896466 3976.35364384 4162.76603701 4357.91748698 4562.21768278 4776.09551976 5000 5176.32461921 5358.86731268 5547.84736034 5743.49177499 5946.03557501 6155.72206672 6372.8031366 6597.53955386 6830.20128377 7071.06781187 7320.42847973 7578.58283255 7845.84097897 8122.52396356 8408.96415254 8705.50563296 9012.50462611 9330.32991537 9659.36328925 10000 10352.6492384 10717.7346254 11095.6947207 11486.98355 11892.07115 12311.4441334 12745.6062732 13195.0791077 13660.4025675 14142.1356237 14640.8569595 15157.1656651 15691.6819579 16245.0479271 16817.9283051 17411.0112659 18025.0092522 18660.6598307 19318.7265785 20000 20409.603073 20827.5948798 21254.1472231 21689.435424 22133.638394 22586.9387091 23049.5226844 23521.5804505 24003.3060322 24494.8974278 24996.5566908 25000 25000 25000 25000 25000 25000 25000 25000 25000 25000 25000 25000 25000 25000 25000 25000 25000 25000 25000 25000 25000 25000 25000 25000 25000 25000 25000 25000 25000 25000 25000 25000 25000 25000 25000 25000 25000 25000 25000 25000 25000 25000 25000 25000 25000 25000 25000 25000 25000]"
"ext_geo","[0 0 0 0 0 0 0 0 0 0 0 0 0 0 0 0 0 0 0 0 0 0 0 0 0 0 0 0 0 0 0 0 0 0 0 0 0 0 0 0 0 0 0 0 0 0 0 0 0 0 0 0 0 0 0 0 0 0 0 0 0 0 0 304.263910309 334.695806221 368.171442311 404.995247666 445.502099791 490.060369995 539.075273389 592.992553922 652.302538004 717.544593557 789.312035055 868.257519151 955.098979974 1050.62615806 1155.70778227 1271.29947008 1398.45241801 1538.32296125 1578.86265014 1620.47068841 1663.17523044 1707.0051726 1751.99017275 1798.16067032 1845.54790693 1894.18394752 1944.10170202 1995.33494768 2047.91835185 2101.88749549 2176.91890883 2278.9733788 2385.8121863 2497.65962221 2614.75049219 2737.33060967 2865.65731186 3000 3105.79477152 3215.32038761 3328.7084162 3446.09506499 3567.62134501 3693.43324003 3823.68188196 3958.52373232 4098.12077026 4242.64068712 4392.25708784 4547.14969953 4707.50458738 4873.51437814 5045.37849152 5223.30337978 5407.50277566 5598.19794922 5795.61797355 6000 6211.58954305 6430.64077522 6657.41683241 6892.19012998 7135.24269002 7386.86648007 7647.36376392 7917.04746464 8196.24154053 8485.28137424 8784.51417567 9094.29939906 9415.00917476 9747.02875627 10090.756983 10446.6067596 10815.0055513 11196.3958984 11591.2359471 12000 12245.7618438 12496.5569279 12752.4883339 13013.6612544 13280.1830364 13552.1632255 13829.7136106 14112.9482703 14401.9836193 14696.9384567 14997.9340145 15000 15000 15000 15000 15000 15000 15000 15000 15000 15000 15000 15000 15000 15000 15000 15000 15000 15000 15000 15000 15000 15000 15000 15000 15000 15000 15000 15000 15000 15000 15000 15000 15000 15000 15000 15000 15000 15000 15000 15000 15000 15000 15000 15000 15000 15000 15000 15000 15000]"
"ext_h2","[0 0 0 0.448875 0.89775 1.346625 2.244375 3.142125 4.039875 5.3865 8.528625 13.915125 21.097125 30.5235 41.745375 55.211625 71.371125 90.67275 112.667625 137.804625 166.08375 197.056125 231.170625 267.5295 307.0305 349.673625 395.90775 446.18175 500.9445 559.29825 620.34525 683.18775 748.274625 815.605875 885.1815 957.0015 1027.92375 1097.499375 1166.17725 1233.5085 1299.493125 1364.58 1428.32025 1491.16275 1552.658625 1612.807875 1669.815 1723.68 1773.954 1821.085875 1864.62675 1905.0255 1942.282125 1975.94775 2006.47125 2033.40375 2059.4385 2084.5755 2108.81475 2132.15625 2154.6 2189.54491875 2236.99100625 2296.9382625 2369.3866875 2454.33628125 2552.68479375 2664.432225 2789.578575 2928.12384375 3080.06803125 3245.8600125 3425.4997875 3618.98735625 3826.32271875 4047.505875 4282.536825 4531.41556875 4794.14210625 5070.7164375 5361.1385625 5635.46851875 5893.70630625 6135.851925 6361.905375 7508.09165625 8639.98126875 9757.5742125 10860.8704875 11949.8700938 13024.5730313 14084.530425 15129.742275 16160.2085813 17175.9293438 18176.9045625 19163.1342375 20134.6183688 21091.3569563 22033.35 22960.5975 23889.6405 24820.479 25753.113 26687.5425 26687.5425 26687.5425 26687.5425 26687.5425 26687.5425 26687.5425 26687.5425 26687.5425 26687.5425 26687.5425 26370.187875 26052.83325 25735.478625 25418.124 25100.769375 24783.41475 24466.060125 24148.7055 23831.350875 23513.99625 23196.641625 22879.287 22561.932375 22244.57775 21927.223125 21609.8685 21292.513875 20975.15925 20657.804625 20340.45 20340.45 20340.45 20340.45 20340.45 20340.45 20340.45 20340.45 20340.45 20340.45 20340.45 20340.45 20340.45 20340.45 20340.45 20340.45 20340.45 20340.45 20340.45 20340.45 20340.45 20340.45 20340.45 20340.45 20340.45 20340.45 20340.45 20340.45 20340.45 20340.45 20340.45 20340.45 20340.45 20340.45 20340.45 20340.45 20340.45 20340.45 20340.45 20340.45 20340.45 20340.45 20340.45 20340.45 20340.45 20340.45 20340.45 20340.45 20340.45 20340.45 20340.45 20340.45 20340.45 20340.45 20340.45 20340.45 20340.45 20340.45 20340.45 20340.45 20340.45 20340.45 20340.45 20340.45 20340.45 20340.45 20340.45]"
"ext_reo","[0 0 0 0 0 0 0 0 0 0 0 0 0 0 0 0 0 0 0 0.00124834090333 0.00211445727399 0.003581497291 0.00606639018117 0.0102753364976 0.0174045086098 0.02948 0.200052578343 1.35756560725 9.2125 9.2125 9.2125 9.2125 9.2125 9.2125 9.2125 9.2125 11.3419179079 13.963538869 17.1911328691 21.1647671908 26.0568848867 32.0797882575 39.4948520945 48.623866512 59.8630016115 73.7 85.927891367 100.184566008 116.806628284 136.18653007 158.781836655 185.126030002 215.841104413 251.652252002 293.404984698 342.085097037 398.841941065 465.015562882 542.168341537 632.121877261 737 826.927600821 927.828028492 1041.04017039 1168.06628284 1310.5919252 1470.50832613 1649.93747912 1851.26030002 2077.14822034 2330.59863554 2614.97467865 2934.04984698 3292.05807415 3693.74991183 4144.45556665 4650.15562882 5217.56043091 5854.19908992 6568.51941405 7370 7715.50733178 8077.21212846 8455.873731 8852.28707844 9267.28437676 9701.73684594 10156.556549 10632.6983065 11131.1617016 11652.9931777 12199.2882361 12771.1937351 13369.9102984 13996.6948348 14652.8631775 15339.7928464 16058.9259395 16811.772161 17599.9119903 18425 19074.7562218 19747.4260472 20443.8175229 21164.7671908 21911.1410939 22683.8358159 23483.7795584 24311.933256 25169.2917307 26056.8848867 26975.7789478 27927.077738 28911.9240075 29931.5008057 30987.0329021 32079.7882575 33211.0795472 34382.2657381 35594.7537209 36850 38149.5124436 39494.8520945 40887.6350457 42329.5343816 43822.2821879 45367.6716318 46967.5591167 48623.866512 50338.5834614 52113.7697734 53951.5578956 55854.1554759 57823.848015 59863.0016115 61974.0658042 64159.5765149 66422.1590944 68764.5314763 71189.5074418 73700 75209.387324 76749.6871322 78321.5325173 79925.5695373 81562.4574819 83232.8691432 84937.4910919 86677.0239601 88452.1827286 90263.6970216 92112.3114055 93998.7856961 95923.89527 97888.4313838 99893.2014991 101939.029614 104026.756604 106157.240563 108331.35716 110550 113409.956639 116343.901085 119353.74742 122441.459246 125609.050963 128858.589084 132192.193583 135612.039279 139120.357254 142719.436308 146411.624453 150199.330445 154085.025355 158071.244182 162160.587504 166355.723179 170659.388082 175074.389891 179603.608921 184250 184250 184250 184250 184250 184250 184250 184250 184250 184250 184250 184250 184250 184250 184250 184250 184250 184250 184250 184250 184250]"
"ext_rockets","[-2.58214623333 -2.07258333333 -2.07258333333 -2.15941238333 -2.07258333333 -2.07258333333 -2.15941238333 -5.75049218333 -2.43833333333 -3.03721238333 -3.32600858333 -3.41283763333 -3.29769953333 -3.41283763333 -3.32600858333 -2.68133763333 -2.76816668333 -2.85499573333 -2.76816668333 -10.1459513283 -2.86888179783 -2.78194521733 -5.09147578683 -4.97623015633 -2.86845167583 -8.84537379733 -9.66302255233 -53.1722719953 -353.253607153 -2.21156833333 -2.25247590333 -2.13304517226 -2.09581590138 -2.0909240347 -1.97610432558 -3.97688004014 -50.8898906367 -49.2156128599 -52.6664069421 -49.6329866081 -44.130298516 -40.8345941808 -48.4542985951 -53.7877851126 -61.4588918019 -43.231568603 -33.5893776456 -35.6133564335 -36.4258207114 -36.8672008707 -36.9712324122 -36.457980466 -35.3948779094 -34.3592086741 -31.8593174294 -28.534111536 -31.1090385553 -33.1023488794 -35.1018928881 -37.2316928826 -38.9549852768 -32.5452248262 -34.6728438115 -37.3678925609 -39.4303461597 -42.1715585651 -44.5622344759 -47.0950821108 -49.5728215297 -51.978085036 -54.8793043641 -56.4346374162 -58.2378019929 -59.7457754332 -60.8425553756 -61.1837401401 -60.8779495058 -59.5691406368 -57.1605560338 -53.3056520012 -47.7648813699 -22.777232193 -23.8326635524 -24.8990284504 -26.0269869277 -27.2786675572 -28.422018208 -29.7342705284 -31.0551944571 -32.4899214944 -33.9537641854 -35.4683921252 -37.0947201017 -38.7634129547 -40.5415890526 -42.3841727469 -45.2086945452 -47.3391733688 -49.5490004277 -51.8726701967 -54.2937597383 -45.1684210557 -46.7827732536 -48.4055557369 -50.1304086491 -51.9455562175 -51.1323613792 -50.3175147306 -49.3118882346 -48.2185245148 -46.9654048431 -45.5779860283 -44.0198705375 -42.2914268647 -40.4049112417 -38.370705407 -39.6694737262 -41.0928086274 -42.5256259187 -44.0070020364 -45.5783094014 -47.1874569758 -48.8503828786 -50.5650704362 -52.3454557712 -54.2819778106 -54.4737521846 -54.7575804422 -54.9470534974 -55.0810444391 -55.198425073 -55.2071489257 -55.1719570493 -55.0609978332 -54.8717134655 -54.5968447604 -56.5344566362 -58.5375851698 -60.5877660375 -62.7098699388 -64.9415048999 -49.4726961826 -50.4955904627 -51.5197934163 -52.5658634155 -53.6531541273 -54.7602656941 -55.8699769377 -57.0241328431 -58.1791408177 -59.3749225397 -60.5978029403 -61.8235697279 -63.0947878816 -64.3923383192 -65.7141802834 -67.0415771135 -68.4176695749 -69.839339171 -71.2471342559 -72.729036979 -83.8994495799 -86.0834183834 -88.3042744445 -90.5739463977 -92.9471383778 -95.3354262371 -97.7848282059 -100.337173872 -102.932360534 -105.572242373 -108.31668371 -111.13364545 -113.998257622 -116.93766405 -119.969455295 -123.075627587 -126.241506371 -129.524376164 -132.873703026 -136.302482229 -62.2058178454 -62.2058178454 -62.2058178454 -62.2058178454 -62.2058178454 -62.2058178454 -62.2058178454 -62.2058178454 -62.2058178454 -62.2058178454 -62.2058178454 -62.2058178454 -62.2058178454 -62.2058178454 -62.2058178454 -62.2058178454 -62.2058178454 -62.2058178454 -62.2058178454 -62.2058178454]"
"ext_total","[-2.58214623333 -2.07258333333 -2.07258333333 -1.71053738333 -1.17483333333 -0.725958333333 0.0849626166667 -2.60836718333 1.60154166667 2.34928761667 5.20261641667 10.5022873667 17.7994254667 27.1106623667 38.4193664167 52.5302873667 68.6029583167 87.8177542667 109.899458317 127.659922013 163.216982659 194.27776128 226.085215603 262.56354518 304.179452833 340.857731203 386.444780026 394.367043612 156.903392847 566.299181667 627.305274097 690.267204828 755.391309099 822.727450965 892.417895674 962.23711996 988.375777271 1062.24730101 1130.70197593 1205.04028058 1281.41971137 1355.82519408 1419.3608035 1485.9988314 1551.06273481 1643.2763064 1722.15351372 1788.25120957 1854.33480757 1920.4052042 1986.43735424 2053.69354954 2122.7283515 2193.24079333 2268.01691727 2346.9547355 2427.17140251 2516.488714 2615.88119865 2727.04643438 2852.64501472 2983.92729474 3130.14619093 3604.87445064 3832.7184304 4090.92809019 4383.62613307 4712.7767218 5081.32642349 5492.36925244 5948.77991635 6456.70259174 7018.85642604 7640.61169002 8327.48759436 9085.87668149 9922.44066237 10845.1146413 11862.4801102 12984.3826176 14221.6966424 14907.0612685 15567.5564596 16230.001858 16895.1706391 18500.0875382 20111.4567668 21729.9443979 23356.6975471 24992.6435759 26638.9473925 28296.2686208 29965.7287855 31668.2743755 33411.0559683 35173.1957536 36955.3780115 38760.9556271 40590.9107265 42447.046632 44331.3037403 46025.0230722 47736.4426616 49477.2333833 51248.2743472 52114.3593827 53013.6791945 53944.6864256 54908.6876001 55906.7364764 56940.102669 58010.0005496 59117.7500669 60264.679668 61452.1527726 62364.2285632 63316.2554135 64312.9681392 65356.0620614 66447.1340674 67587.8364406 68779.9746546 70025.3479868 71325.8376827 72683.3753059 74099.8845251 75579.3513596 77122.0976752 78730.5446731 80406.9670825 82153.7212226 83973.3787973 85868.4421679 87841.6008169 89895.6086543 92350.6759425 94890.0988178 97519.0770606 100240.789609 103058.483519 105975.508495 107746.126472 109536.19847 111362.951058 113227.114928 115129.437364 117070.722103 119051.784726 121073.398098 123136.437207 125241.710556 127390.097617 129277.412126 131201.250482 133164.489046 135167.937319 137212.438037 139298.788934 141427.851223 143600.560026 145817.720963 148666.50719 151598.267667 154605.893146 157691.3353 160856.553825 164103.703658 167434.858755 170852.152105 174357.874893 177954.314065 181643.757769 185428.646799 189311.477098 193294.756518 197381.068049 201573.097552 205873.596576 210285.315515 214811.185218 219454.147518 219528.244182 219528.244182 219528.244182 219528.244182 219528.244182 219528.244182 219528.244182 219528.244182 219528.244182 219528.244182 219528.244182 219528.244182 219528.244182 219528.244182 219528.244182 219528.244182 219528.244182 219528.244182 219528.244182 219528.244182]"
"fleet_reduction",0
"fossil_frac","[1 1 1 1 1 1 1 1 1 1 1 1 1 1 1 1 1 1 1 1 1 1 1 1 1 1 1 1 1 1 1 0.9867 0.9734 0.9601 0.9468 0.9335 0.9202 0.9069 0.8936 0.8803 0.867 0.8537 0.8404 0.8271 0.8138 0.8 0.7667 0.7334 0.7001 0.6668 0.6335 0.6002 0.5669 0.5336 0.5003 0.467 0.4337 0.4004 0.3671 0.3338 0.3 0.2875 0.275 0.2625 0.25 0.2375 0.225 0.2125 0.2 0.1875 0.175 0.1625 0.15 0.1375 0.125 0.1125 0.1 0.0875 0.075 0.0625 0.05 0.05 0.05 0.05 0.05 0.05 0.05 0.05 0.05 0.05 0.05 0.05 0.05 0.05 0.05 0.05 0.05 0.05 0.05 0.05 0.05 0.05 0.05 0.05 0.05 0.05 0.05 0.05 0.05 0.05 0.05 0.05 0.05 0.05 0.05 0.05 0.05 0.05 0.05 0.05 0.05 0.05 0.05 0.05 0.05 0.05 0.05 0.05 0.05 0.05 0.05 0.05 0.05 0.05 0.05 0.05 0.05 0.05 0.05 0.05 0.05 0.05 0.05 0.05 0.05 0.05 0.05 0.05 0.05 0.05 0.05 0.05 0.05 0.05 0.05 0.05 0.05 0.05 0.05 0.05 0.05 0.05 0.05 0.05 0.05 0.05 0.05 0.05 0.05 0.05 0.05 0.05 0.05 0.05 0.05 0.05 0.05 0.05 0.05 0.05 0.05 0.05 0.05 0.05 0.05 0.05 0.05 0.05 0.05 0.05 0.05 0.05 0.05 0.05 0.05 0.05 0.05 0.05 0.05 0.05 0.05]"
"frac",0.983333333333
"frontier_km","[0 0 0 0 0 0 0 0 0 0 0 0 0 0 0 0 0 0 0 0 0 0 0 0 0 0 0 0 0 2 4 6 8 10 12 14 16 18 20 22 24 26 28 30 32 34 36 38 40 42 44 46 48 50 52 54 56 58 60 62 64 66 68 70 72 74 76 78 80 82 84 86 88 90 92 94 96 98 100 102 104 106 108 110 112 114 116 118 120 122 124 126 128 130 132 134 136 138 140 142 144 146 148 150 150 150 150 150 150 150 150 150 150 150 150 150 150 150 150 150 150 150 150 150 150 150 150 150 150 150 150 150 150 150 150 150 150 150 150 150 150 150 150 150 150 150 150 150 150 150 150 150 150 150 150 150 150 150 150 150 150 150 150 150 150 150 150 150 150 150 150 150 150 150 150 150 150 150 150 150 150 150 150 150 150 150 150 150 150 150 150 150 150 150 150 150 150 150 150 150 150]"
"fsp.power_kw",40
"fsp.mass_kg",6600
"fsp_count","[0 0 0 0 0 0 0 0 0 0 0 0 0 0 0 0 0 0 0 10 10 10 10 10 10 10 30 160 1050 1050 1050 1050 1050 1050 1050 1050 1161 1264 1365 1440 1475 1452 1342 1100 677 20 20 20 20 20 20 20 20 20 20 20 20 20 20 20 20 20 20 20 20 20 20 20 20 20 20 20 20 20 20 20 20 20 20 20 20 20 20 20 20 20 20 20 20 20 20 20 20 20 20 20 20 20 20 20 20 20 20 20 20 20 20 20 20 20 20 20 20 20 20 20 20 20 20 20 20 20 20 20 20 20 20 20 20 20 20 20 20 20 20 20 20 20 20 20 20 20 20 20 20 20 20 20 20 20 20 20 20 20 20 20 20 20 20 20 20 20 20 20 20 20 20 20 20 20 20 20 20 20 20 20 20 20 20 20 20 20 20 20 20 20 20 20 20 20 20 20 20 20 20 20 20 20 20 20 20]"
"gc","[0.15 0.2 0.3]"
"geo_insurance_per_yr",15000
"geo_threshold",0.01
"gval",25000
"h2_attribution",0.5
"h2_co2_mult",12
"h2_per_gw_yr",150000
"haul_25","[0 0 0 0 0 0 0 0 0 0 0 0 0 0 0 0 0 0 0 1 1 1 1 1 1 1 4 25 167 167 167 167 167 167 167 167 206 253 312 383 472 575 701 854 1040 1267 1462 1686 1945 2243 2586 2981 3437 3961 4565 5261 6062 6983 8044 9264 10667 11819 13093 14503 16061 17783 19687 21791 24115 26681 29515 32643 36096 39904 44105 48737 53842 59468 65665 72489 80001 82355 84755 87198 89684 92212 94780 97386 100028 102703 105410 108144 110904 113684 116481 119291 124883 130738 136867 143283 150000 155290 160767 166436 172305 178382 184672 191185 197927 204907 212133 219613 227358 235376 243676 252269 261166 270376 279910 289781 300000 314065 328788 344202 360338 377231 394915 413429 432810 453101 474342 496579 519859 544230 569744 596454 624415 653688 684333 716415 750000 750000 750000 750000 750000 750000 750000 750000 750000 750000 750000 750000 750000 750000 750000 750000 750000 750000 750000 750000 750000 750000 750000 750000 750000 750000 750000 750000 750000 750000 750000 750000 750000 750000 750000 750000 750000 750000 750000 750000 750000 750000 750000 750000 750000 750000 750000 750000 750000 750000 750000 750000 750000 750000 750000 750000 750000 750000 750000 750000 750000]"
"hauler.mass_kg",1450
"hauler.throughput_yr",1500
"hauler.life_yr",10
"hauler.maint_kg_yr",9
"hauler_ore_frac","[1 1 1 1 1 1 1 1 1 1 1 1 1 1 1 1 1 1 1 1 1 1 1 1 1 1 1 1 1 1 1 1 1 1 1 1 1 1 1 1 1 0.99 0.98 0.97 0.96 0.95 0.94 0.93 0.92 0.91 0.9 0.89 0.88 0.87 0.86 0.85 0.84 0.83 0.82 0.81 0.8 0.79 0.78 0.77 0.76 0.75 0.74 0.73 0.72 0.71 0.7 0.69 0.68 0.67 0.66 0.65 0.64 0.63 0.62 0.61 0.6 0.59 0.58 0.57 0.56 0.55 0.54 0.53 0.52 0.51 0.5 0.49 0.48 0.47 0.46 0.45 0.45 0.45 0.45 0.45 0.45 0.45 0.45 0.45 0.45 0.45 0.45 0.45 0.45 0.45 0.45 0.45 0.45 0.45 0.45 0.45 0.45 0.45 0.45 0.45 0.45 0.45 0.45 0.45 0.45 0.45 0.45 0.45 0.45 0.45 0.45 0.45 0.45 0.45 0.45 0.45 0.45 0.45 0.45 0.45 0.45 0.45 0.45 0.45 0.45 0.45 0.45 0.45 0.45 0.45 0.45 0.45 0.45 0.45 0.45 0.45 0.45 0.45 0.45 0.45 0.45 0.45 0.45 0.45 0.45 0.45 0.45 0.45 0.45 0.45 0.45 0.45 0.45 0.45 0.45 0.45 0.45 0.45 0.45 0.45 0.45 0.45 0.45 0.45 0.45 0.45 0.45 0.45 0.45 0.45 0.45 0.45 0.45 0.45 0.45 0.45 0.45 0.45 0.45 0.45 0.45]"
"haulers_needed","[0 0 0 0 0 0 0 0 0 0 0 0 0 0 0 0 0 0 0 1 1 1 1 1 1 1 4 25 167 167 167 167 167 167 167 167 206 253 312 383 472 575 701 854 1040 1267 1462 1686 1945 2243 2586 2981 3437 3961 4565 5261 6062 6983 8044 9264 10667 11819 13093 14503 16061 17783 19687 21791 24115 26681 29515 32643 36096 39904 44105 48737 53842 59468 65665 72489 80001 82355 84755 87198 89684 92212 94780 97386 100028 102703 105410 108144 110904 113684 116481 119291 124883 130738 136867 143283 150000 155290 160767 166436 172305 178382 184672 191185 197927 204907 212133 219613 227358 235376 243676 252269 261166 270376 279910 289781 300000 310580 321533 332871 344610 356763 369344 382369 395853 409813 424265 439226 454715 470751 487352 504538 522331 540751 559820 579562 600000 612289 624828 637625 650684 664010 677609 691486 705648 720100 734847 749897 765255 780928 796921 813242 829898 846894 864239 881938 900001 923284 947169 971673 996810 1022598 1049053 1076192 1104033 1132595 1161896 1191954 1222790 1254424 1286876 1320168 1354321 1389358 1425301 1462174 1500000 1500000 1500000 1500000 1500000 1500000 1500000 1500000 1500000 1500000 1500000 1500000 1500000 1500000 1500000 1500000 1500000 1500000 1500000 1500000 1500000]"
"hubs_needed","[0 0 0 0 0 0 0 0 0 0 0 0 0 0 0 0 0 0 0 1 1 1 1 1 1 1 1 1 2 2 2 2 2 2 2 2 3 3 4 4 5 6 8 9 11 13 15 17 20 23 26 30 35 40 46 53 61 70 81 93 107 119 131 146 161 178 197 218 242 267 296 327 361 400 442 488 539 595 657 725 801 824 848 872 897 923 948 974 1001 1028 1055 1082 1110 1137 1165 1193 1249 1308 1369 1433 1500 1553 1608 1665 1724 1784 1847 1912 1980 2050 2122 2197 2274 2354 2437 2523 2612 2704 2800 2898 3000 3106 3216 3329 3447 3568 3694 3824 3959 4099 4243 4393 4548 4708 4874 5046 5224 5408 5599 5796 6000 6123 6249 6377 6507 6641 6777 6915 7057 7201 7349 7499 7653 7810 7970 8133 8299 8469 8643 8820 9001 9233 9472 9717 9969 10226 10491 10762 11041 11326 11619 11920 12228 12545 12869 13202 13544 13894 14254 14622 15000 15000 15000 15000 15000 15000 15000 15000 15000 15000 15000 15000 15000 15000 15000 15000 15000 15000 15000 15000 15000]"
"i",201
"i160",161
"i200",201
"idx",13
"insitu_25","[0 0 0 0 0 0 0 0 0 0 0 0 0 0 0 0 0 0 0 0 0 0 0 0 0 0 1.803975 23.57565 241.88445 0 0 0 0 0 0 0 239.488425 315.6273 435.736275 570.27705 748.168875 1023.37475176 1348.50547718 1757.38044834 2293.58858333 2991.55958938 2785.05870867 3399.81679126 4146.77032634 5036.72975053 6126.29087873 7412.9958654 8960.57748275 10836.9990555 13074.9835092 15754.6827195 18451.9392156 21574.9908098 25266.0379379 29538.6584183 34565.3685304 29964.7961633 33733.4339432 37973.7692435 42746.5064381 48119.0042003 54209.2991913 61009.9740245 68668.9678739 77311.8696782 87043.9645585 97970.9218145 110307.541219 124167.638291 139778.696822 157342.562164 177121.803686 199388.620399 224446.170024 252611.215843 284387.795421 128161.832523 134553.880804 141325.373945 148383.925632 155835.769785 163611.084105 171817.635043 180387.170757 189452.615086 198897.795111 208854.02535 219308.502656 230241.480865 241791.547774 253842.535016 249050.425717 260723.673804 272966.644653 285735.608912 299162.645962 235581.391768 243887.21917 252481.265951 261393.231826 270600.008257 281864.132959 293575.064004 305763.484011 318440.742938 331641.149464 345374.334479 359679.071175 374536.515751 389984.371725 406089.21387 420413.792261 435246.27196 450564.427819 466481.950426 482919.224184 631417.423536 659826.05184 689554.211901 720609.250153 753101.510015 788576.327619 825750.226308 864636.630423 905443.452277 948158.274929 992907.911458 1039793.57745 1088915.7627 1140375.06435 1194275.49974 1248329.79802 1304919.93592 1364054.13014 1425851.93285 1490541.76037 117165.661318 119563.843042 122013.520184 124512.305964 127061.964926 129664.280828 132319.40403 135029.984399 137795.38622 140616.647609 143497.307446 146435.967303 149435.383397 152495.028537 155618.531088 158806.236946 162057.689516 165377.415705 168763.355428 172220.912613 222001.519453 227744.476626 233637.184241 239680.673388 245881.851481 252242.760099 258768.015906 265462.333614 272330.528525 279375.866134 286602.544296 294017.348965 301623.871504 309426.644069 317431.969063 325643.789668 334068.651963 342710.74911 351576.88363 360671.511765 0 0 0 0 0 0 0 0 0 0 0 0 0 0 0 0 0 0 0 0]"
"insitu_circ_25","[0 0 0 0 0 0 0 0 0 0 0 0 0 0 0 0 0 0 0 0 0 0 0 0 0 0 1.68 21.84 224.28 0 0 0 0 0 0 0 221.76 292.32 404.04 529.2 693 913.92 1199.52 1557.36 2026.92 2637.6 2434.32 2975.28 3632.16 4415.04 5376 6508.32 7869.96 9525.6 11497.92 13860 16178.4 18849.6 21999.6 25628.4 29887.2 25628.4 28753.2 32256 36187.2 40597.2 45586.8 51130.8 57355.2 64360.8 72223.2 81018 90921.6 102009.6 114458.4 128419.2 144093.6 161683.2 181414.8 203515.2 228387.6 98456.4 103042.8 107906.4 112946.4 118263.6 123782.4 129603.6 135651.6 142052.4 148680 155660.4 162968.4 170578.8 178617.6 186958.8 195728.4 204901.2 214527.6 224557.2 235116 185144.4 191671.2 198424.8 205430.4 212662.8 221884.852 231479.64 241478.832 251888.896 262742.48 274046.64 285835.004 298088.448 310840.992 324154.6 335588.96 347430.72 359652.72 372363.6 385481.88 530543.44 555394.84 581441.28 608682.76 637227.92 668616.9392 701560.2048 736067.3264 772339.7584 810360.936 850251.696 892106.2696 936019.6272 982087.4784 1030406.272 1078680.96 1129288.832 1182229.888 1237615.232 1295667.072 0 0 0 0 0 0 0 0 0 0 0 0 0 0 0 0 0 0 0 0 0 0 0 0 0 0 0 0 0 0 0 0 0 0 0 0 0 0 0 0 0 0 0 0 0 0 0 0 0 0 0 0 0 0 0 0 0 0 0 0]"
"insitu_circuits","[0 0 0 0 0 0 0 0 0 0 0 0 0 0 0 0 0 0 0 0 0 0 0 0 0 0 1.68 21.84 224.28 0 0 0 0 0 0 0 221.76 292.32 404.04 529.2 693 913.92 1199.52 1557.36 2026.92 2637.6 2434.32 2975.28 3632.16 4415.04 5376 6508.32 7869.96 9525.6 11497.92 13860 16178.4 18849.6 21999.6 25628.4 29887.2 25628.4 28753.2 32256 36187.2 40597.2 45586.8 51130.8 57355.2 64360.8 72223.2 81018 90921.6 102009.6 114458.4 128419.2 144093.6 161683.2 181414.8 203515.2 228387.6 98456.4 103042.8 107906.4 112946.4 118263.6 123782.4 129603.6 135651.6 142052.4 148680 155660.4 162968.4 170578.8 178617.6 186958.8 195728.4 204901.2 214527.6 224557.2 235116 185144.4 191671.2 198424.8 205430.4 212662.8 220172.4 227934 235972.8 244288.8 252907.2 261828 271076.4 280627.2 290505.6 300762 311371.2 322358.4 333698.4 345492 357663.6 370288.8 383342.4 396849.6 410860.8 425325.6 440344.8 455868 471945.6 488602.8 505814.4 523656 542127.6 561254.4 581011.2 601549.2 622717.2 644716.8 667422 690958.8 715352.4 430088.4 438883.2 447879.6 457052.4 466401.6 475977.6 485704.8 495658.8 505814.4 516171.6 526755.6 537516 548553.6 559767.6 571233.6 582926.4 594896.4 607042.8 619491.6 632192.4 814892.4 836010 857606.4 879807.6 902588.4 925923.6 949863.6 974458.8 999633.6 1025539.2 1052049.6 1079240.4 1107187.2 1135839.6 1165222.8 1195336.8 1226282.4 1258009.2 1290567.6 1323932.4 0 0 0 0 0 0 0 0 0 0 0 0 0 0 0 0 0 0 0 0]"
"insitu_conveyors","[0 0 0 0 0 0 0 0 0 0 0 0 0 0 0 0 0 0 0 0 0 0 0 0 0 0 0 0 0 0 0 0 0 0 0 0 0 0 0 0 0 41.3511517566 60.4673271844 86.2113983442 120.62603333 166.344089385 189.571208673 239.400791262 300.546826336 375.392750526 466.801378734 578.208365397 713.733482745 878.313055512 1077.85750918 1319.43871954 1611.51271561 1964.18430985 2389.5214379 2901.92841831 3518.58903043 3384.26816332 3927.27294317 4552.40424351 5271.61943811 6098.57120031 7048.84319131 8140.21802455 9392.98187388 10830.2706782 12478.4635585 14367.6298145 16532.036719 19010.7262911 21848.1703223 25095.0141642 28808.9211864 33055.5313988 37909.5495244 43455.9798431 49791.5274214 27759.8515235 29527.4808042 31399.8344448 33382.8466318 35482.7777852 37706.2321046 40060.1760428 42551.9577568 45189.3275858 47980.4596105 50933.9743503 54058.9626563 57365.0108649 60862.2272743 64561.2700162 48700.2377167 50983.3163043 53373.4261526 55875.5849121 58495.0454623 46064.8067678 47689.2786702 49371.0374506 51112.1033263 52914.5677574 54780.5959595 56712.429504 58712.3890113 60782.8769383 62926.3804644 65145.4744791 67442.8246752 69821.1907511 72283.4297254 74832.4993697 77471.4617608 80203.4869597 83031.8568191 85959.9689262 88991.3406838 92129.6135356 95378.5573405 98742.0749012 102224.206653 105829.135515 109561.191919 113424.859008 117424.778023 121565.753877 125852.760929 130290.948958 134885.64935 139642.381502 144566.859451 149664.998739 154942.923522 160406.973919 166063.713638 171919.937853 177982.681368 107008.802818 109200.359542 111436.799684 113719.042464 116048.025926 118424.707328 120850.06353 123325.091399 125850.80822 128428.252109 131058.482446 133742.580303 136481.648897 139276.814037 142129.224588 145040.052946 148010.495516 151041.773205 154135.131928 157291.843113 202758.119953 208003.524126 213384.628241 218904.942888 224568.069481 230377.702599 236337.632406 242451.747114 248724.035525 255158.589634 261759.607296 268531.394965 275478.370504 282605.066069 289916.131063 297416.335168 305110.571463 313003.85961 321101.34913 329408.322765 0 0 0 0 0 0 0 0 0 0 0 0 0 0 0 0 0 0 0 0]"
"insitu_cost_per_kg",100
"insitu_haulers","[0 0 0 0 0 0 0 0 0 0 0 0 0 0 0 0 0 0 0 0 0 0 0 0 0 0 0.123975 1.73565 17.60445 0 0 0 0 0 0 0 17.728425 23.3073 31.696275 41.07705 55.168875 68.1036 88.51815 113.80905 146.04255 187.6155 161.1675 185.136 214.0635 246.297 283.4895 326.4675 376.884 433.086 499.206 575.244 662.0265 761.2065 876.9165 1008.33 1159.5795 952.128 1052.961 1165.365 1287.687 1423.233 1573.656 1738.956 1920.786 2120.799 2342.301 2585.292 2853.9045 3147.312 3472.1265 3828.348 4219.2825 4649.889 5121.8205 5640.036 6208.668 1945.581 1983.6 2019.1395 2054.679 2089.392 2122.452 2153.859 2183.613 2210.8875 2237.3355 2259.651 2281.14 2297.67 2311.7205 2322.465 4621.788 4839.1575 5065.6185 5302.824 5551.6005 4372.185 4526.7405 4685.4285 4850.7285 5022.6405 5198.685 5382.9945 5572.263 5768.97 5972.289 6182.22 6401.2425 6626.877 6859.95 7102.1145 7353.3705 7612.065 7879.851 8158.3815 8446.0035 8744.37 9052.6545 9370.857 9702.2835 10044.4545 10398.1965 10765.1625 11144.526 11537.94 11944.578 12365.2665 12801.6585 13253.754 13720.7265 14204.229 14705.9145 15224.13 15760.5285 16316.763 16892.007 10156.8585 10363.4835 10576.7205 10793.2635 11013.939 11239.5735 11469.3405 11704.893 11944.578 12188.3955 12438.825 12693.387 12953.7345 13218.2145 13489.3065 13766.184 14047.194 14335.6425 14628.2235 14929.0695 19243.3995 19740.9525 20252.556 20775.7305 21313.782 21865.0575 22430.3835 23010.5865 23606.493 24217.2765 24842.937 25485.954 26145.501 26821.578 27515.838 28227.4545 28958.0805 29706.8895 30475.5345 31263.189 0 0 0 0 0 0 0 0 0 0 0 0 0 0 0 0 0 0 0 0]"
"insitu_k","[0 0 0 0 0 0 0 0 0 0 0 0 0 0 0 0 0 0 0 0 0 0 0 0 0 0 1.68 21.84 224.28 0 0 0 0 0 0 0 221.76 292.32 404.04 529.2 693 913.92 1199.52 1557.36 2026.92 2637.6 2434.32 2975.28 3632.16 4415.04 5376 6508.32 7869.96 9525.6 11497.92 13860 16178.4 18849.6 21999.6 25628.4 29887.2 25628.4 28753.2 32256 36187.2 40597.2 45586.8 51130.8 57355.2 64360.8 72223.2 81018 90921.6 102009.6 114458.4 128419.2 144093.6 161683.2 181414.8 203515.2 228387.6 98456.4 103042.8 107906.4 112946.4 118263.6 123782.4 129603.6 135651.6 142052.4 148680 155660.4 162968.4 170578.8 178617.6 186958.8 195728.4 204901.2 214527.6 224557.2 235116 185144.4 191671.2 198424.8 205430.4 212662.8 220172.4 227934 235972.8 244288.8 252907.2 261828 271076.4 280627.2 290505.6 300762 311371.2 322358.4 333698.4 345492 357663.6 370288.8 383342.4 396849.6 410860.8 425325.6 440344.8 455868 471945.6 488602.8 505814.4 523656 542127.6 561254.4 581011.2 601549.2 622717.2 644716.8 667422 690958.8 715352.4 430088.4 438883.2 447879.6 457052.4 466401.6 475977.6 485704.8 495658.8 505814.4 516171.6 526755.6 537516 548553.6 559767.6 571233.6 582926.4 594896.4 607042.8 619491.6 632192.4 814892.4 836010 857606.4 879807.6 902588.4 925923.6 949863.6 974458.8 999633.6 1025539.2 1052049.6 1079240.4 1107187.2 1135839.6 1165222.8 1195336.8 1226282.4 1258009.2 1290567.6 1323932.4 0 0 0 0 0 0 0 0 0 0 0 0 0 0 0 0 0 0 0 0]"
"insitu_total","[0 0 0 0 0 0 0 0 0 0 0 0 0 0 0 0 0 0 0 0 0 0 0 0 0 0 1.803975 23.57565 241.88445 0 0 0 0 0 0 0 239.488425 315.6273 435.736275 570.27705 748.168875 1023.37475176 1348.50547718 1757.38044834 2293.58858333 2991.55958938 2785.05870867 3399.81679126 4146.77032634 5036.72975053 6126.29087873 7412.9958654 8960.57748275 10836.9990555 13074.9835092 15754.6827195 18451.9392156 21574.9908098 25266.0379379 29538.6584183 34565.3685304 29964.7961633 33733.4339432 37973.7692435 42746.5064381 48119.0042003 54209.2991913 61009.9740245 68668.9678739 77311.8696782 87043.9645585 97970.9218145 110307.541219 124167.638291 139778.696822 157342.562164 177121.803686 199388.620399 224446.170024 252611.215843 284387.795421 128161.832523 134553.880804 141325.373945 148383.925632 155835.769785 163611.084105 171817.635043 180387.170757 189452.615086 198897.795111 208854.02535 219308.502656 230241.480865 241791.547774 253842.535016 249050.425717 260723.673804 272966.644653 285735.608912 299162.645962 235581.391768 243887.21917 252481.265951 261393.231826 270600.008257 280151.680959 290029.424004 300257.452011 310840.646938 321805.869464 333155.694479 344920.467175 357075.267751 369648.979725 382696.61387 396196.032261 410173.95196 424610.107819 439610.350426 455100.944184 471162.783536 487773.61184 504962.531901 522787.290153 541199.190015 560304.188419 580058.021508 600514.904023 621706.493877 643611.738929 666312.215458 689814.90785 714150.535502 739298.785951 765418.427739 792366.038022 820347.903919 849246.242138 879195.500853 910227.088368 547254.061318 558447.043042 569893.120184 581564.705964 593463.564926 605641.880828 618024.20403 630688.784399 643609.78622 656788.247609 670252.907446 683951.967303 697988.983397 712262.628537 726852.131088 741732.636946 756954.089516 772420.215705 788254.955428 804413.312613 1036893.91945 1063754.47663 1091243.58424 1119488.27339 1148470.25148 1178166.3601 1208631.61591 1239921.13361 1271964.12852 1304915.06613 1338652.1443 1373257.74896 1408811.0715 1445266.24407 1482654.76906 1520980.58967 1560351.05196 1600719.94911 1642144.48363 1684603.91176 0 0 0 0 0 0 0 0 0 0 0 0 0 0 0 0 0 0 0 0]"
"ir_attributed","[0 0 0 0.0013125 0.0013125 0.0013125 0.002625 0.002625 0.002625 0.0039375 0.0091875 0.01575 0.021 0.0275625 0.0328125 0.039375 0.04725 0.0564375 0.0643125 0.0735 0.0826875 0.0905625 0.09975 0.107625 0.1168125 0.126 0.1378125 0.149625 0.16275 0.1745625 0.1876875 0.1995 0.2113125 0.2244375 0.23625 0.249375 0.254625 0.259875 0.265125 0.270375 0.275625 0.280875 0.286125 0.291375 0.296625 0.301875 0.3045 0.307125 0.30975 0.312375 0.315 0.317625 0.32025 0.322875 0.3255 0.328125 0.33075 0.333375 0.336 0.338625 0.34125 0.383053125 0.42485625 0.466659375 0.5084625 0.550265625 0.59206875 0.633871875 0.675675 0.717478125 0.75928125 0.802396875 0.8455125 0.888628125 0.93174375 0.974859375 1.017975 1.061090625 1.10420625 1.147321875 1.1904375 1.1851875 1.1799375 1.1746875 1.1694375 3.9016875 3.9016875 3.9016875 3.9016875 3.9016875 3.9016875 3.9016875 3.9016875 3.9016875 3.9016875 3.9016875 3.9016875 3.9016875 3.9016875 3.9016875 3.9016875 3.9016875 3.9016875 3.9016875 3.9016875 3.9016875 3.9016875 3.9016875 3.9016875 3.9016875 3.9016875 3.9016875 3.9016875 3.9016875 3.9016875 2.97375 2.97375 2.97375 2.97375 2.97375 2.97375 2.97375 2.97375 2.97375 2.97375 2.97375 2.97375 2.97375 2.97375 2.97375 2.97375 2.97375 2.97375 2.97375 2.97375 2.97375 2.97375 2.97375 2.97375 2.97375 2.97375 2.97375 2.97375 2.97375 2.97375 2.97375 2.97375 2.97375 2.97375 2.97375 2.97375 2.97375 2.97375 2.97375 2.97375 2.97375 2.97375 2.97375 2.97375 2.97375 2.97375 2.97375 2.97375 2.97375 2.97375 2.97375 2.97375 2.97375 2.97375 2.97375 2.97375 2.97375 2.97375 2.97375 2.97375 2.97375 2.97375 2.97375 2.97375 2.97375 2.97375 2.97375 2.97375 2.97375 2.97375 2.97375 2.97375 2.97375 2.97375 2.97375 2.97375 2.97375 2.97375 2.97375 2.97375 2.97375 2.97375 2.97375 2.97375 2.97375 2.97375]"
"ir_frac",0.15
"is_k","[0 0 0 0 0 0 0 0 0 0 0 0 0 0 0 0 0 0 0 0 0 0 0 0 0 0 0.1803975 2.357565 24.188445 0 0 0 0 0 0 0 23.9488425 31.56273 43.5736275 57.027705 74.8168875 102.337475176 134.850547718 175.738044834 229.358858333 299.155958938 278.505870867 339.981679126 414.677032634 503.672975053 612.629087873 741.29958654 896.057748275 1083.69990555 1307.49835092 1575.46827195 1845.19392156 2157.49908098 2526.60379379 2953.86584183 3456.53685304 2996.47961633 3373.34339432 3797.37692435 4274.65064381 4811.90042003 5420.92991913 6100.99740245 6866.89678739 7731.18696782 8704.39645585 9797.09218145 11030.7541219 12416.7638291 13977.8696822 15734.2562164 17712.1803686 19938.8620399 22444.6170024 25261.1215843 28438.7795421 12816.1832523 13455.3880804 14132.5373945 14838.3925632 15583.5769785 16361.1084105 17181.7635043 18038.7170757 18945.2615086 19889.7795111 20885.402535 21930.8502656 23024.1480865 24179.1547774 25384.2535016 24905.0425717 26072.3673804 27296.6644653 28573.5608912 29916.2645962 23558.1391768 24388.721917 25248.1265951 26139.3231826 27060.0008257 28015.1680959 29002.9424004 30025.7452011 31084.0646938 32180.5869464 33315.5694479 34492.0467175 35707.5267751 36964.8979725 38269.661387 39619.6032261 41017.395196 42461.0107819 43961.0350426 45510.0944184 47116.2783536 48777.361184 50496.2531901 52278.7290153 54119.9190015 56030.4188419 58005.8021508 60051.4904023 62170.6493877 64361.1738929 66631.2215458 68981.490785 71415.0535502 73929.8785951 76541.8427739 79236.6038022 82034.7903919 84924.6242138 87919.5500853 91022.7088368 54725.4061318 55844.7043042 56989.3120184 58156.4705964 59346.3564926 60564.1880828 61802.420403 63068.8784399 64360.978622 65678.8247609 67025.2907446 68395.1967303 69798.8983397 71226.2628537 72685.2131088 74173.2636946 75695.4089516 77242.0215705 78825.4955428 80441.3312613 103689.391945 106375.447663 109124.358424 111948.827339 114847.025148 117816.63601 120863.161591 123992.113361 127196.412852 130491.506613 133865.21443 137325.774896 140881.10715 144526.624407 148265.476906 152098.058967 156035.105196 160071.994911 164214.448363 168460.391176 0 0 0 0 0 0 0 0 0 0 0 0 0 0 0 0 0 0 0 0]"
"j",9
"k",4
"launch_cost","[6000 6000 6000 6000 6000 6000 6000 6000 6000 6000 6000 6000 6000 6000 6000 6000 6000 6000 6000 6000 6000 6000 6000 6000 6000 4000 4000 4000 4000 4000 4000 4000 4000 4000 4000 4000 4000 4000 4000 4000 4000 4000 4000 4000 4000 2000 2000 2000 2000 2000 2000 2000 2000 2000 2000 2000 2000 2000 2000 2000 2000 2000 2000 2000 2000 2000 2000 2000 2000 2000 2000 2000 2000 2000 2000 2000 2000 2000 2000 2000 2000 2000 2000 2000 2000 2000 2000 2000 2000 2000 2000 2000 2000 2000 2000 2000 2000 2000 2000 2000 2000 2000 2000 2000 2000 2000 2000 2000 2000 2000 2000 2000 2000 2000 2000 2000 2000 2000 2000 2000 2000 2000 2000 2000 2000 2000 2000 2000 2000 2000 2000 2000 2000 2000 2000 2000 2000 2000 2000 2000 2000 2000 2000 2000 2000 2000 2000 2000 2000 2000 2000 2000 2000 2000 2000 2000 2000 2000 2000 2000 2000 2000 2000 2000 2000 2000 2000 2000 2000 2000 2000 2000 2000 2000 2000 2000 2000 2000 2000 2000 2000 2000 2000 2000 2000 2000 2000 2000 2000 2000 2000 2000 2000 2000 2000 2000 2000 2000 2000 2000 2000]"
"leo_cost_per_kg",500
"maint_armc","[3 3 3 3 3 3 3 3 3 3 3 3 3 3 3 3 3 3 3 3 3 3 3 3 3 3 3 3 3 3 3 3 3 3 3 3 3 3 3 3 3 3 3 3 3 3 3 3 3 3 3 3 3 3 3 3 3 3 3 3 3 3 3 3 3 3 3 3 3 3 3 3 3 3 3 3 3 3 3 3 3 3 3 3 3 3 3 3 3 3 3 3 3 3 3 3 3 3 3 3 3 3 3 3 3 3 3 3 3 3 3.15 3.15 3.3 3.45 3.6 3.6 3.75 3.9 4.05 4.2 4.35 4.5 4.65 4.8 4.95 5.1 5.25 5.55 5.7 5.85 6.15 6.3 6.6 6.75 7.05 7.2 7.5 7.8 7.95 8.25 8.55 5.25 5.25 5.4 5.55 5.7 5.7 5.85 6 6.15 6.15 6.3 6.45 6.6 6.75 6.9 7.05 7.2 7.35 7.5 7.65 9.75 10.05 10.35 10.5 10.8 11.1 11.4 11.7 12 12.3 12.6 12.9 13.2 13.65 13.95 14.25 14.7 15 15.45 15.9 3 3 3 3 3 3 3 3 3 3 3 3 3 3 3 3 3 3 3 3]"
"maint_circ_25","[0 0 0 0 0 0 0 0 0 0 0 0 0 0 0 0 0 0 0 0.14 0.14 0.14 0.14 0.14 0.14 0.14 0.4074 2.1056 13.377 12.936 12.495 12.054 11.613 11.172 10.731 10.29 12.1002 14.1568 16.653 19.488 22.715 26.4264 30.6642 35.42 40.7554 46.704 50.3496 53.9308 57.3314 60.368 62.86 64.4952 64.9306 63.7504 60.3876 54.152 63.14 73.612 85.834 100.072 116.676 130.914 146.888 164.808 184.912 207.466 232.792 261.198 293.062 328.818 368.942 413.952 464.464 521.136 584.724 656.068 736.12 825.944 926.73 1039.794 1166.676 1221.374 1278.62 1338.568 1401.316 1467.018 1535.786 1607.788 1683.15 1762.068 1844.668 1931.146 2021.684 2116.45 2215.682 2319.548 2428.286 2542.12 2661.302 2786.056 2916.676 3019.534 3126.018 3236.254 3350.382 3468.528 3339.48678 3197.02936 3040.37188 2868.68736 2681.1148 2476.74616 2254.6335 2013.77176 1753.11402 1471.5708 1523.466 1577.1924 1632.8088 1690.3908 1750.0014 1832.0442 1917.93 2007.8436 2101.9698 2200.5102 2134.734756 2057.957888 1969.2855 1867.780208 1752.42928 1622.157936 1475.821144 1312.199 1129.992108 927.81696 971.31216 1016.848 1064.51856 1114.4224 1166.66704 1166.66704 1166.66704 1166.66704 1166.66704 1166.66704 1166.66704 1166.66704 1166.66704 1166.66704 1166.66704 1166.66704 1166.66704 1166.66704 1166.66704 1166.66704 1166.66704 1166.66704 1166.66704 1166.66704 1166.66704 1166.66704 1166.66704 1166.66704 1166.66704 1166.66704 1166.66704 1166.66704 1166.66704 1166.66704 1166.66704 1166.66704 1166.66704 1166.66704 1166.66704 1166.66704 1166.66704 1166.66704 1166.66704 1166.66704 1166.66704 1166.66704 1166.66704 1166.66704 1166.66704 1166.66704 1166.66704 1166.66704 1166.66704 1166.66704 1166.66704 1166.66704 1166.66704 1166.66704 1166.66704 1166.66704 1166.66704 1166.66704 1166.66704 1166.66704 1166.66704]"
"maint_circuits","[0 0 0 0 0 0 0 0 0 0 0 0 0 0 0 0 0 0 0 0.14 0.14 0.14 0.14 0.14 0.14 0.14 0.4074 2.1056 13.377 12.936 12.495 12.054 11.613 11.172 10.731 10.29 12.1002 14.1568 16.653 19.488 22.715 26.4264 30.6642 35.42 40.7554 46.704 50.3496 53.9308 57.3314 60.368 62.86 64.4952 64.9306 63.7504 60.3876 54.152 63.14 73.612 85.834 100.072 116.676 130.914 146.888 164.808 184.912 207.466 232.792 261.198 293.062 328.818 368.942 413.952 464.464 521.136 584.724 656.068 736.12 825.944 926.73 1039.794 1166.676 1221.374 1278.62 1338.568 1401.316 1467.018 1535.786 1607.788 1683.15 1762.068 1844.668 1931.146 2021.684 2116.45 2215.682 2319.548 2428.286 2542.12 2661.302 2786.056 2916.676 3019.534 3126.018 3236.254 3350.382 3468.528 3339.48678 3197.02936 3040.37188 2868.68736 2681.1148 2476.74616 2254.6335 2013.77176 1753.11402 1471.5708 1523.466 1577.1924 1632.8088 1690.3908 1750.0014 1811.7162 1875.6066 1941.7482 2010.225 2081.1126 1996.506484 1903.344128 1801.12842 1689.338112 1567.42096 1434.804672 1290.886156 1135.033256 966.580356 784.83776 812.51408 841.16816 870.83136 901.54064 933.33408 952.44912 971.95504 991.8608 1012.17424 1032.9032 1054.05776 1075.64464 1097.67392 1120.15456 1143.09552 1166.50688 1190.39648 1214.77664 1239.6552 1265.04336 1290.9512 1317.39104 1344.37072 1371.90368 1400.00112 1436.21856 1473.37456 1511.4904 1550.59296 1590.708 1631.86016 1674.07632 1717.3856 1761.81376 1807.39328 1854.15104 1902.11728 1951.3256 2001.80736 2053.59504 2106.72112 2161.22256 2217.13408 2274.49264 2333.33408 2333.33408 2333.33408 2333.33408 2333.33408 2333.33408 2333.33408 2333.33408 2333.33408 2333.33408 2333.33408 2333.33408 2333.33408 2333.33408 2333.33408 2333.33408 2333.33408 2333.33408 2333.33408 2333.33408 2333.33408]"
"maint_conv","[0 0 0 0 0 0 0 0 0 0 0 0 0 0 0 0 0 0 0 0 0 0 0 0 0 0 0 0 0 0 0 0 0 0 0 0 0 0 0 0 0 0.0108818820412 0.0267943365634 0.049481546654 0.0812252396356 0.125 0.174887160177 0.237887368404 0.316978638492 0.41576620442 0.538608672508 0.690768768665 0.878593369388 1.109728384 1.39337509694 1.7405958126 2.16467810619 2.68156871404 3.31039014507 4.07405551831 5 5.89059688509 6.92408976487 8.12209088158 9.50935915477 11.1142463127 12.9692050473 15.1113676853 17.5832050206 20.4332762517 23.7170824513 27.4980376656 31.8485736443 36.8513963525 42.6009148583 49.2048659542 56.7861610032 65.4849850555 75.4611822988 86.896966468 100 107.305224085 115.07561377 123.338728098 132.123687738 141.461260839 151.383953498 161.926105089 173.123988709 185.015917021 197.642353761 211.046031221 225.272074025 240.368129516 256.384505115 273.374313014 286.190165044 299.60682723 313.652465691 328.356566984 343.75 355.87231757 368.422127747 381.414506023 394.86505953 408.789945782 423.205892087 438.130215641 453.580844328 469.576338259 486.135912066 503.279457981 521.027569738 539.401567304 558.423522495 578.116285487 598.503512266 619.609693045 641.460181682 664.081226136 687.5 711.744635141 736.844255494 762.829012047 789.73011906 817.579891564 846.411784175 876.260431282 907.161688656 939.152676519 972.271824132 1006.55891596 1042.05513948 1078.80313461 1116.84704499 1156.23257097 1197.00702453 1239.21938609 1282.92036336 1328.16245227 1375 1403.16021127 1431.89714799 1461.22262159 1491.1486854 1521.68763959 1552.85203625 1584.65468455 1617.10865597 1650.22728971 1684.02419816 1718.51327249 1753.70868836 1789.62491175 1826.27670492 1863.67913245 1901.84756743 1940.79769783 1980.54553288 2021.10740971 2062.5 2115.85739999 2170.59516949 2226.74901903 2284.35558295 2343.45244334 2404.07815455 2466.27226834 2530.07535969 2595.52905325 2662.67605052 2731.5601577 2802.22631427 2874.7206223 2949.09037653 3025.38409523 3103.65155185 3183.9438075 3266.31324424 3350.81359927 3437.5 3437.5 3437.5 3437.5 3437.5 3437.5 3437.5 3437.5 3437.5 3437.5 3437.5 3437.5 3437.5 3437.5 3437.5 3437.5 3437.5 3437.5 3437.5 3437.5 3437.5]"
"maint_conv_25","[0 0 0 0 0 0 0 0 0 0 0 0 0 0 0 0 0 0 0 0 0 0 0 0 0 0 0 0 0 0 0 0 0 0 0 0 0 0 0 0 0 0.0108818820412 0.0267943365634 0.049481546654 0.0812252396356 0.125 0.174887160177 0.237887368404 0.316978638492 0.41576620442 0.538608672508 0.690768768665 0.878593369388 1.109728384 1.39337509694 1.7405958126 2.16467810619 2.68156871404 3.31039014507 4.07405551831 5 5.89059688509 6.92408976487 8.12209088158 9.50935915477 11.1142463127 12.9692050473 15.1113676853 17.5832050206 20.4332762517 23.7170824513 27.4980376656 31.8485736443 36.8513963525 42.6009148583 49.2048659542 56.7861610032 65.4849850555 75.4611822988 86.896966468 100 107.305224085 115.07561377 123.338728098 132.123687738 141.461260839 151.383953498 161.926105089 173.123988709 185.015917021 197.642353761 211.046031221 225.272074025 240.368129516 256.384505115 273.374313014 286.190165044 299.60682723 313.652465691 328.356566984 343.75 355.87231757 368.422127747 381.414506023 394.86505953 408.789945782 423.205892087 438.130215641 453.580844328 469.576338259 486.135912066 503.279457981 521.027569738 539.401567304 558.423522495 578.116285487 598.503512266 619.609693045 641.460181682 664.081226136 687.5 719.730161547 753.47128064 788.794191325 825.773048362 864.485482907 905.01276548 947.439976583 991.856185311 1038.35463634 1087.03294568 1137.9933056 1191.34269917 1247.19312485 1305.6618316 1366.87156507 1430.95082522 1498.03413615 1568.26232845 1641.78283492 1718.75 1718.75 1718.75 1718.75 1718.75 1718.75 1718.75 1718.75 1718.75 1718.75 1718.75 1718.75 1718.75 1718.75 1718.75 1718.75 1718.75 1718.75 1718.75 1718.75 1718.75 1718.75 1718.75 1718.75 1718.75 1718.75 1718.75 1718.75 1718.75 1718.75 1718.75 1718.75 1718.75 1718.75 1718.75 1718.75 1718.75 1718.75 1718.75 1718.75 1718.75 1718.75 1718.75 1718.75 1718.75 1718.75 1718.75 1718.75 1718.75 1718.75 1718.75 1718.75 1718.75 1718.75 1718.75 1718.75 1718.75 1718.75 1718.75 1718.75 1718.75]"
"maint_haul_25","[0 0 0 0 0 0 0 0 0 0 0 0 0 0 0 0 0 0 0 0.009 0.009 0.009 0.009 0.009 0.009 0.009 0.036 0.225 1.503 1.503 1.503 1.503 1.503 1.503 1.503 1.503 1.854 2.277 2.808 3.447 4.248 5.175 6.309 7.686 9.36 11.403 13.158 15.174 17.505 20.187 23.274 26.829 30.933 35.649 41.085 47.349 54.558 62.847 72.396 83.376 96.003 106.371 117.837 130.527 144.549 160.047 177.183 196.119 217.035 240.129 265.635 293.787 324.864 359.136 396.945 438.633 484.578 535.212 590.985 652.401 720.009 741.195 762.795 784.782 807.156 829.908 853.02 876.474 900.252 924.327 948.69 973.296 998.136 1023.156 1048.329 1073.619 1123.947 1176.642 1231.803 1289.547 1350 1397.61 1446.903 1497.924 1550.745 1605.438 1662.048 1720.665 1781.343 1844.163 1909.197 1976.517 2046.222 2118.384 2193.084 2270.421 2350.494 2433.384 2519.19 2608.029 2700 2826.585 2959.092 3097.818 3243.042 3395.079 3554.235 3720.861 3895.29 4077.909 4269.078 4469.211 4678.731 4898.07 5127.696 5368.086 5619.735 5883.192 6158.997 6447.735 6750 6750 6750 6750 6750 6750 6750 6750 6750 6750 6750 6750 6750 6750 6750 6750 6750 6750 6750 6750 6750 6750 6750 6750 6750 6750 6750 6750 6750 6750 6750 6750 6750 6750 6750 6750 6750 6750 6750 6750 6750 6750 6750 6750 6750 6750 6750 6750 6750 6750 6750 6750 6750 6750 6750 6750 6750 6750 6750 6750 6750]"
"maint_haulers","[0 0 0 0 0 0 0 0 0 0 0 0 0 0 0 0 0 0 0 0.009 0.009 0.009 0.009 0.009 0.009 0.009 0.036 0.225 1.503 1.503 1.503 1.503 1.503 1.503 1.503 1.503 1.854 2.277 2.808 3.447 4.248 5.175 6.309 7.686 9.36 11.403 13.158 15.174 17.505 20.187 23.274 26.829 30.933 35.649 41.085 47.349 54.558 62.847 72.396 83.376 96.003 106.371 117.837 130.527 144.549 160.047 177.183 196.119 217.035 240.129 265.635 293.787 324.864 359.136 396.945 438.633 484.578 535.212 590.985 652.401 720.009 741.195 762.795 784.782 807.156 829.908 853.02 876.474 900.252 924.327 948.69 950.661209302 951.711069767 951.773023256 950.810023256 948.779581395 967.117186047 985.095627907 1002.63034884 1019.64181395 1036.04651163 1072.5844186 1110.41393023 1149.5695814 1190.10662791 1232.08032558 1275.5252093 1320.51034884 1367.07718605 1415.28788372 1465.19769767 1516.86188372 1570.3564186 1625.73655814 1683.06446512 1742.41611628 1803.86748837 1867.48074419 1933.33186047 2001.51062791 2072.09302326 2145.16883721 2220.82095349 2299.13225581 2380.21325581 2464.15374419 2551.0504186 2641.0137907 2734.14746512 2830.56886047 2930.38848837 3033.72376744 3140.70593023 3251.4662093 3366.12893023 3484.83223256 3607.72806977 3734.9545814 3866.66372093 4003.02125581 4144.18604651 4229.06588372 4315.67246512 4404.06104651 4494.25925581 4586.30162791 4680.22960465 4776.07772093 4873.89432558 4973.71395349 5075.57113953 5179.52113953 5285.59848837 5393.85153488 5504.31481395 5617.0435814 5732.08618605 5849.47716279 5969.27867442 6091.52525581 6216.28597674 6377.10111628 6542.07425581 6711.32281395 6884.94348837 7063.06060465 7245.78467442 7433.23311628 7625.53025581 7822.80732558 8025.18865116 8232.79855814 8445.78209302 8664.27739535 8888.42260465 9118.36967442 9354.26365116 9596.26339535 9844.52086047 10099.201814 10360.4651163 10360.4651163 10360.4651163 10360.4651163 10360.4651163 10360.4651163 10360.4651163 10360.4651163 10360.4651163 10360.4651163 10360.4651163 10360.4651163 10360.4651163 10360.4651163 10360.4651163 10360.4651163 10360.4651163 10360.4651163 10360.4651163 10360.4651163 10360.4651163]"
"maint_k","[0 0 0 0 0 0 0 0 0 0 0 0 0 0 0 0 0 0 0 0.56 0.56 0.56 0.56 0.56 0.56 0.56 1.6296 8.4224 53.508 51.744 49.98 48.216 46.452 44.688 42.924 41.16 48.4008 56.6272 66.612 77.952 90.86 105.7056 122.6568 141.68 163.0216 186.816 201.3984 215.7232 229.3256 241.472 251.44 257.9808 259.7224 255.0016 241.5504 216.608 252.56 294.448 343.336 400.288 466.704 523.656 587.552 659.232 739.648 829.864 931.168 1044.792 1172.248 1315.272 1475.768 1655.808 1857.856 2084.544 2338.896 2624.272 2944.48 3303.776 3706.92 4159.176 4666.704 4885.496 5114.48 5354.272 5605.264 5868.072 6143.144 6431.152 6732.6 7048.272 7378.672 7724.584 8086.736 8465.8 8862.728 9278.192 9713.144 10168.48 10645.208 11144.224 11666.704 12078.136 12504.072 12945.016 13401.528 13874.112 14363.384 14869.904 15394.288 15937.152 16499.168 17081.008 17683.4 18307.016 18952.584 19620.944 20312.88 21029.232 21770.784 22538.544 23333.352 24156.216 25008.088 25889.976 26803 27748.168 28726.712 29739.752 30788.52 31874.304 32998.336 34162.016 35366.744 36613.976 37905.112 39241.888 40625.704 42058.408 43541.568 45077.032 46666.704 47622.456 48597.752 49593.04 50608.712 51645.16 52702.888 53782.232 54883.696 56007.728 57154.776 58325.344 59519.824 60738.832 61982.76 63252.168 64547.56 65869.552 67218.536 68595.184 70000.056 71810.928 73668.728 75574.52 77529.648 79535.4 81593.008 83703.816 85869.28 88090.688 90369.664 92707.552 95105.864 97566.28 100090.368 102679.752 105336.056 108061.128 110856.704 113724.632 116666.704 116666.704 116666.704 116666.704 116666.704 116666.704 116666.704 116666.704 116666.704 116666.704 116666.704 116666.704 116666.704 116666.704 116666.704 116666.704 116666.704 116666.704 116666.704 116666.704 116666.704]"
"maint_molei_saving","[0 0 0 0 0 0 0 0 0 0 0 0 0 0 0 0 0 0 0 0 0 0 0 0 0 0 0 0 0 0 0 0 0 0 0 0 0 0 0 0 0 0 0 0 0 0 0 0 0 0 0 0 0 0 0 0 0 0 0 0 0 0 0 0 0 0 0 0 0 0 0 0 0 0 0 0 0 0 0 0 0 0 0 0 0 0 0 0 0 0 0 0 0 0 0 0 0 0 0 0 0 0 0 0 0 0 0 0 0 0 0.0216 0.0216 0.0216 0.0216 0.0216 0.0216 0.0216 0.0216 0.0216 0.0216 0.0216 0.0216 0.0216 0.0216 0.0216 0.0216 0.0216 0.0216 0.0216 0.0216 0.0216 0.0216 0.0216 0.0216 0.0216 0.0216 0.0216 0.0216 0.0216 0.0216 0.0216 0.0216 0.0216 0.0216 0.0216 0.0216 0.0216 0.0216 0.0216 0.0216 0.0216 0.0216 0.0216 0.0216 0.0216 0.0216 0.0216 0.0216 0.0216 0.0216 0.0216 0.0216 0.0216 0.0216 0.0216 0.0216 0.0216 0.0216 0.0216 0.0216 0.0216 0.0216 0.0216 0.0216 0.0216 0.0216 0.0216 0.0216 0.0216 0.0216 0.0216 0.0216 0.0216 0.0216 0.0216 0.0216 0.0216 0.0216 0.0216 0.0216 0.0216 0.0216 0.0216 0.0216 0.0216 0.0216 0.0216 0.0216 0.0216 0.0216 0.0216]"
"maint_msr","[0 0 0 0 0 0 0 0 0 0 0 0 0 0 0 0 0 0 0 0 0 0 0 0 0 0 0 0 0 0 0 0 0 0 0 0 2.5 2.5 2.5 2.5 2.5 2.5 5 5 7.5 10 9.8 12 14.1 16.1 18 19.8 21.5 25.2 28.7 32 37.05 41.8 46.25 52.2 59.5 64.6 69.3 76.8 82.15 90 97.15 105 113.4 122.2 132.5 142.8 152.95 163.9 176.4 188 200.45 212.4 225.25 238.4 250.5 261.75 274.5 287.25 300.75 315 329.25 345 360.75 378 396 414 433.5 453.75 475.5 497.25 520.5 545.25 570.75 597.75 625.5 647.25 670.5 693.75 718.5 744 769.5 797.25 825 854.25 884.25 915.75 948 981 1015.5 1051.5 1088.25 1127.25 1167 1207.5 1250.25 1294.5 1340.25 1387.5 1436.25 1487.25 1539 1593.75 1650 1707.75 1768.5 1830.75 1895.25 1962 2031 2102.25 2176.5 2253.75 2333.25 2415 2500.5 2551.5 2604 2657.25 2711.25 2766.75 2823.75 2881.5 2940.75 3000.75 3062.25 3125.25 3189 3254.25 3321 3389.25 3458.25 3528.75 3601.5 3675 3750.75 3847.5 3947.25 4049.25 4153.5 4261.5 4371.75 4484.25 4600.5 4719.75 4841.25 4966.5 5095.5 5227.5 5362.5 5501.25 5643.75 5789.25 5939.25 6093 6250.5 6250.5 6250.5 6250.5 6250.5 6250.5 6250.5 6250.5 6250.5 6250.5 6250.5 6250.5 6250.5 6250.5 6250.5 6250.5 6250.5 6250.5 6250.5 6250.5 6250.5]"
"maint_msr_25","[0 0 0 0 0 0 0 0 0 0 0 0 0 0 0 0 0 0 0 0 0 0 0 0 0 0 0 0 0 0 0 0 0 0 0 0 0 0 0 0 0 0 0 0 0 10 9.8 12 14.1 16.1 18 19.8 21.5 25.2 28.7 32 37.05 41.8 46.25 52.2 59.5 64.6 69.3 76.8 82.15 90 97.15 105 113.4 122.2 132.5 142.8 152.95 163.9 176.4 188 200.45 212.4 225.25 238.4 250.5 261.75 274.5 287.25 300.75 315 329.25 345 360.75 378 396 414 433.5 453.75 475.5 497.25 520.5 545.25 570.75 597.75 625.5 647.25 670.5 693.75 718.5 744 769.5 797.25 825 854.25 884.25 915.75 948 981 1015.5 1051.5 1088.25 1127.25 1167 1207.5 1250.25 1308.75 1370.25 1434.75 1501.5 1572 1645.5 1722.75 1803.75 1888.5 1977 2069.25 2166.75 2268 2374.5 2485.5 2601.75 2724 2851.5 2985.75 3125.25 3125.25 3125.25 3125.25 3125.25 3125.25 3125.25 3125.25 3125.25 3125.25 3125.25 3125.25 3125.25 3125.25 3125.25 3125.25 3125.25 3125.25 3125.25 3125.25 3125.25 3125.25 3125.25 3125.25 3125.25 3125.25 3125.25 3125.25 3125.25 3125.25 3125.25 3125.25 3125.25 3125.25 3125.25 3125.25 3125.25 3125.25 3125.25 3125.25 3125.25 3125.25 3125.25 3125.25 3125.25 3125.25 3125.25 3125.25 3125.25 3125.25 3125.25 3125.25 3125.25 3125.25 3125.25 3125.25 3125.25 3125.25 3125.25 3125.25 3125.25]"
"maint_sentinel","[0 0 0 0 0 0 0 0 0 0 0 0 0 0 0 0 0 0 0 0.008 0.008 0.008 0.008 0.008 0.008 0.008 0.008 0.008 0.008 0.008 0.008 0.008 0.008 0.008 0.008 0.008 0.008 0.008 0.008 0.008 0.008 0.008 0.008 0.016 0.016 0.016 0.016 0.024 0.024 0.032 0.032 0.04 0.04 0.048 0.056 0.064 0.08 0.088 0.104 0.12 0.136 0.152 0.168 0.192 0.216 0.24 0.272 0.304 0.336 0.376 0.424 0.48 0.536 0.6 0.672 0.752 0.848 0.944 1.064 1.192 1.336 1.4 1.464 1.536 1.608 1.68 1.76 1.84 1.928 2.016 2.112 2.208 2.312 2.424 2.536 2.656 2.776 2.912 3.048 3.192 3.336 3.456 3.576 3.704 3.832 3.968 4.104 4.256 4.4 4.56 4.72 4.888 5.056 5.232 5.416 5.608 5.808 6.016 6.224 6.44 6.672 6.904 7.152 7.4 7.664 7.936 8.208 8.504 8.8 9.112 9.432 9.768 10.112 10.464 10.832 11.216 11.608 12.024 12.448 12.88 13.336 13.608 13.888 14.176 14.464 14.76 15.064 15.368 15.688 16.008 16.336 16.672 17.008 17.36 17.712 18.08 18.448 18.824 19.208 19.6 20.008 20.52 21.056 21.6 22.152 22.728 23.32 23.92 24.536 25.176 25.824 26.488 27.176 27.88 28.6 29.344 30.104 30.88 31.68 32.496 33.336 33.336 33.336 33.336 33.336 33.336 33.336 33.336 33.336 33.336 33.336 33.336 33.336 33.336 33.336 33.336 33.336 33.336 33.336 33.336 33.336]"
"maint_sinter","[7.33333333333 7.33333333333 7.33333333333 7.33333333333 7.33333333333 7.33333333333 7.33333333333 7.33333333333 7.33333333333 7.33333333333 7.33333333333 7.33333333333 7.33333333333 7.33333333333 7.33333333333 7.33333333333 7.33333333333 7.33333333333 7.33333333333 7.33333333333 7.33333333333 7.33333333333 7.33333333333 7.33333333333 7.33333333333 7.33333333333 7.33333333333 7.33333333333 7.33333333333 7.33333333333 7.33333333333 7.33333333333 7.33333333333 7.33333333333 7.33333333333 7.33333333333 7.33333333333 7.33333333333 7.33333333333 7.33333333333 7.33333333333 7.33333333333 7.33333333333 7.33333333333 7.33333333333 7.33333333333 7.33333333333 7.33333333333 7.33333333333 7.33333333333 7.33333333333 7.33333333333 7.33333333333 7.33333333333 7.33333333333 7.33333333333 7.33333333333 7.33333333333 7.33333333333 7.33333333333 7.33333333333 7.33333333333 7.33333333333 7.33333333333 7.33333333333 7.33333333333 7.33333333333 7.33333333333 7.33333333333 7.33333333333 7.33333333333 7.33333333333 7.33333333333 7.33333333333 7.33333333333 7.33333333333 7.33333333333 7.33333333333 7.33333333333 7.33333333333 7.33333333333 7.33333333333 7.33333333333 7.33333333333 7.33333333333 7.33333333333 7.33333333333 7.33333333333 7.33333333333 7.33333333333 7.33333333333 7.33333333333 7.33333333333 7.33333333333 7.33333333333 7.33333333333 7.33333333333 7.33333333333 7.33333333333 7.33333333333 7.33333333333 7.33333333333 7.33333333333 7.33333333333 7.33333333333 7.33333333333 7.33333333333 7.33333333333 7.33333333333 7.33333333333 7.48 7.62666666667 7.92 8.21333333333 8.50666666667 8.8 9.09333333333 9.38666666667 9.82666666667 10.12 10.4133333333 10.8533333333 11.2933333333 11.5866666667 12.0266666667 12.4666666667 12.9066666667 13.3466666667 13.7866666667 14.2266666667 14.8133333333 15.2533333333 15.84 16.4266666667 17.0133333333 17.6 18.1866666667 18.7733333333 19.5066666667 20.24 20.8266666667 12.6133333333 12.9066666667 13.0533333333 13.3466666667 13.64 13.9333333333 14.2266666667 14.52 14.8133333333 15.1066666667 15.4 15.6933333333 15.9866666667 16.4266666667 16.72 17.0133333333 17.4533333333 17.7466666667 18.04 18.48 23.76 24.3466666667 25.08 25.6666666667 26.4 26.9866666667 27.72 28.4533333333 29.1866666667 29.92 30.6533333333 31.5333333333 32.2666666667 33.1466666667 34.0266666667 34.9066666667 35.7866666667 36.6666666667 37.6933333333 38.5733333333 7.33333333333 7.33333333333 7.33333333333 7.33333333333 7.33333333333 7.33333333333 7.33333333333 7.33333333333 7.33333333333 7.33333333333 7.33333333333 7.33333333333 7.33333333333 7.33333333333 7.33333333333 7.33333333333 7.33333333333 7.33333333333 7.33333333333 7.33333333333]"
"maint_spa_msr","[0 0 0 0 0 0 0 0 0 0 0 0 0 0 0 0 0 0 0 0 0 0 0 0 0 0 0 0 0 0 0 0 0 0 0 0 0 0 0 0 0 0 0 0 0 0 0 0 0 0 0 0 0 0 0 0 0 0 0 0 0 0 0 0 0 0 0 0 0 0 0 0 0 0 0 0 0 0 0 0 0 0 0 0 0 0 0 0 0 0 0 0 0 0 0 0 0 0 0 0 0 0 0 0 0 0.75 0.75 0.75 0.75 0.75 0.75 0.75 0.75 0.75 0.75 0.75 0.75 0.75 0.75 0.75 0.75 0.75 0.75 0.75 0.75 1.5 1.5 1.5 1.5 1.5 1.5 1.5 1.5 1.5 1.5 1.5 1.5 1.5 1.5 1.5 2.25 2.25 2.25 2.25 2.25 2.25 2.25 2.25 2.25 2.25 2.25 2.25 2.25 2.25 2.25 2.25 2.25 2.25 2.25 2.25 2.25 2.25 2.25 2.25 2.25 2.25 2.25 2.25 2.25 2.25 2.25 2.25 2.25 2.25 2.25 2.25 2.25 2.25 2.25 2.25 2.25 2.25 2.25 2.25 2.25 2.25 2.25 2.25 2.25 2.25 2.25 2.25 2.25 2.25 2.25 2.25 2.25 2.25 2.25 2.25 2.25]"
"mf",0.9
"mkiii_active","[0 0 0 0 0 0 0 0 0 0 0 0 0 0 0 0 0 0 0 0 0 0 0 0 0 0 0 0 0 0 0 0 0 0 0 0 0 0 0 0 0 0 0 0 0 0 0 0 0 0 0 0 0 0 0 0 0 0 0 0 0 85.7 171.4 257.1 342.8 428.5 514.2 599.9 685.6 771.3 857 942.7 1028.4 1114.1 1199.8 1285.5 1371.2 1456.9 1542.6 1628.3 1714 1714 1714 1714 1714 1714 1714 1714 1714 1714 1714 1714 1714 1714 1714 1714 1714 1714 1714 1714 1714 1714 1714 1714 1714 1714 1714 1714 1714 1714 1714 1714 1714 1714 1714 300 300 300 300 300 300 300 300 300 300 300 300 300 300 300 300 300 300 300 300 300 300 300 300 300 300 300 300 300 300 300 300 300 300 300 300 300 300 300 300 300 300 300 300 300 300 300 300 300 300 300 300 300 300 300 300 300 300 300 300 300 300 300 300 300 300 300 300 300 300 300 300 300 300 300 300 300 300 300 300 300 300 300 300 300 300]"
"mkiii_build","[0 0 0 0 0 0 0 0 0 0 0 0 0 0 0 0 0 0 0 0 0 0 0 0 0 0 0 0 0 0 0 0 0 0 0 0 0 0 0 0 0 0 0 0 0 0 0 0 0 0 0 0 0 0 0 0 0 0 0 0 85.7 85.7 85.7 85.7 85.7 85.7 85.7 85.7 85.7 85.7 85.7 85.7 85.7 85.7 85.7 85.7 85.7 85.7 85.7 85.7 0 0 0 0 0 0 0 0 0 0 0 0 0 0 0 0 0 0 0 0 0 0 0 0 0 0 0 0 0 0 0 0 0 0 0 0 0 0 0 0 0 0 0 0 0 0 0 0 0 0 0 0 0 0 0 0 0 0 0 0 0 0 0 0 0 0 0 0 0 0 0 0 0 0 0 0 0 0 0 0 0 0 0 0 0 0 0 0 0 0 0 0 0 0 0 0 0 0 0 0 0 0 0 0 0 0 0 0 0 0 0 0 0 0 0 0 0 0 0 0 0]"
"mkiii_life",15
"mkiii_mass_kg",1200
"mkiii_pgm","[0 0 0 0 0 0 0 0 0 0 0 0 0 0 0 0 0 0 0 0 0 0 0 0 0 0 0 0 0 0 0 0 0 0 0 0 0 0 0 0 0 0 0 0 0 0 0 0 0 0 0 0 0 0 0 0 0 0 0 0 0 0.749875 1.49975 2.249625 2.9995 3.749375 4.49925 5.249125 5.999 6.748875 7.49875 8.248625 8.9985 9.748375 10.49825 11.248125 11.998 12.747875 13.49775 14.247625 14.9975 14.9975 14.9975 14.9975 14.9975 14.9975 14.9975 14.9975 14.9975 14.9975 14.9975 14.9975 14.9975 14.9975 14.9975 14.9975 14.9975 14.9975 14.9975 14.9975 14.9975 14.9975 14.9975 14.9975 14.9975 14.9975 14.9975 14.9975 14.9975 14.9975 14.9975 14.9975 14.9975 14.9975 14.9975 2.625 2.625 2.625 2.625 2.625 2.625 2.625 2.625 2.625 2.625 2.625 2.625 2.625 2.625 2.625 2.625 2.625 2.625 2.625 2.625 2.625 2.625 2.625 2.625 2.625 2.625 2.625 2.625 2.625 2.625 2.625 2.625 2.625 2.625 2.625 2.625 2.625 2.625 2.625 2.625 2.625 2.625 2.625 2.625 2.625 2.625 2.625 2.625 2.625 2.625 2.625 2.625 2.625 2.625 2.625 2.625 2.625 2.625 2.625 2.625 2.625 2.625 2.625 2.625 2.625 2.625 2.625 2.625 2.625 2.625 2.625 2.625 2.625 2.625 2.625 2.625 2.625 2.625 2.625 2.625 2.625 2.625 2.625 2.625 2.625 2.625]"
"mkiii_replace",20
"mkiii_target",1714
"molei.propellant_yr",5692
"molei.mass_kg",360
"molei_needed","[18 18 18 19 19 19 20 137 137 138 143 149 153 159 164 170 177 185 192 200 208 215 224 231 239 247 257 268 280 290 302 312 323 335 345 357 350 343 336 329 322 315 308 301 294 287 289 292 294 296 299 301 303 306 308 310 313 315 317 320 322 309 296 283 271 258 245 232 219 206 193 182 170 158 147 135 123 112 100 88 77 72 67 62 58 53 53 53 53 53 53 53 53 53 53 53 53 53 53 53 53 53 53 53 53 53 53 53 53 53 53 53 53 53 53 53 53 53 53 53 53 53 53 53 53 53 53 53 53 53 53 53 53 53 53 53 53 53 53 53 53 53 53 53 53 53 53 53 53 53 53 53 53 53 53 53 53 53 53 53 53 53 53 53 53 53 53 53 53 53 53 53 53 53 53 53 53 53 53 53 53 53 53 53 53 53 53 53 53 53 53 53 53 53 53 53 53 53 53 53 53]"
"msr.power_mw",100
"msr.mass_kg",50000
"msr.life_yr",20
"msr_25","[0 0 0 0 0 0 0 0 0 0 0 0 0 0 0 0 0 0 0 0 0 0 0 0 0 0 0 0 0 0 0 0 0 0 0 0 0 0 0 0 0 0 0 0 0 4 4 5 6 7 8 9 10 12 14 16 19 22 25 29 34 38 42 48 53 60 67 75 84 94 106 119 133 149 168 188 211 236 265 298 334 349 366 383 401 420 439 460 481 504 528 552 578 605 634 663 694 727 761 797 834 863 894 925 958 992 1026 1063 1100 1139 1179 1221 1264 1308 1354 1402 1451 1503 1556 1610 1667 1745 1827 1913 2002 2096 2194 2297 2405 2518 2636 2759 2889 3024 3166 3314 3469 3632 3802 3981 4167 4167 4167 4167 4167 4167 4167 4167 4167 4167 4167 4167 4167 4167 4167 4167 4167 4167 4167 4167 4167 4167 4167 4167 4167 4167 4167 4167 4167 4167 4167 4167 4167 4167 4167 4167 4167 4167 4167 4167 4167 4167 4167 4167 4167 4167 4167 4167 4167 4167 4167 4167 4167 4167 4167 4167 4167 4167 4167 4167 4167]"
"msr_count","[0 0 0 0 0 0 0 0 0 0 0 0 0 0 0 0 0 0 0 0 0 0 0 0 0 0 0 0 0 0 0 0 0 0 0 0 1 1 1 1 1 1 2 2 3 4 4 5 6 7 8 9 10 12 14 16 19 22 25 29 34 38 42 48 53 60 67 75 84 94 106 119 133 149 168 188 211 236 265 298 334 349 366 383 401 420 439 460 481 504 528 552 578 605 634 663 694 727 761 797 834 863 894 925 958 992 1026 1063 1100 1139 1179 1221 1264 1308 1354 1402 1451 1503 1556 1610 1667 1726 1787 1850 1915 1983 2052 2125 2200 2277 2358 2441 2527 2616 2708 2803 2902 3005 3111 3220 3334 3402 3472 3543 3615 3689 3765 3842 3921 4001 4083 4167 4252 4339 4428 4519 4611 4705 4802 4900 5001 5130 5263 5399 5538 5682 5829 5979 6134 6293 6455 6622 6794 6970 7150 7335 7525 7719 7919 8124 8334 8334 8334 8334 8334 8334 8334 8334 8334 8334 8334 8334 8334 8334 8334 8334 8334 8334 8334 8334 8334]"
"mtype_bonus",0.1
"mult",0.5
"net_25","[-820.276146233 -757.072583333 -757.072583333 -766.518537383 -755.299833333 -754.850958333 -763.848037383 -1208.36936718 -796.648458333 -868.708712383 -897.887383583 -898.895712633 -873.932574533 -874.412337633 -848.920633583 -751.117712633 -740.478041683 -725.821245733 -687.806541683 -1571.64552392 -634.63005699 -587.622749786 -833.842559718 -777.934143503 -470.861554866 -1717.8400608 -1770.15295831 -7377.1094095 -46392.5437141 -601.156016303 -536.684629991 -454.133205454 -380.009007452 -307.117771928 -217.837833632 -419.996515831 -6722.41208278 -6790.32246556 -7332.94469849 -6937.62480141 -6166.35241252 -5718.46233979 -6666.18511064 -7859.6589371 -8912.19845893 -5489.01414549 -4028.25172253 -4473.4250219 -4808.98578827 -5138.21367007 -5468.62905313 -5750.96180377 -5990.69020933 -6285.93158245 -6356.70848331 -6287.27710434 -7480.62140546 -8735.71739052 -10226.9470866 -12046.510845 -14717.1852226 -12490.8979145 -13910.3759418 -15370.3154635 -17041.1850737 -19232.4898815 -21391.4079673 -23938.2485463 -26782.7636907 -29976.1547768 -33900.152001 -37628.2167608 -42131.7544362 -47227.7471612 -52995.9163484 -59346.3344921 -66576.9117086 -74636.6108477 -83761.4608228 -93977.4967546 -105474.473488 -41279.8769206 -43212.1265371 -45198.1196702 -47324.6602144 -47191.9183123 -48431.559935 -50057.9348137 -51724.993205 -53646.1346278 -55646.3141579 -57779.2874246 -60159.0388747 -62630.8121259 -65330.0455726 -68178.3914752 -71196.6274334 -74504.4478856 -77991.3002765 -81716.8426123 -85660.7252475 -60028.0230317 -62117.2565417 -64218.4896211 -66512.9476198 -70515.9283605 -68952.2209746 -67494.4582797 -65682.3369566 -63713.072625 -61450.8631534 -58944.2143175 -56125.89969 -52993.345495 -49572.3531069 -46753.2570236 -49542.6392478 -52571.965884 -55617.0209816 -58762.3299946 -62077.4345947 -98665.1622412 -104639.669665 -110873.268941 -117338.182989 -125156.54203 -127997.480711 -131003.681189 -133912.811842 -136742.942228 -139464.704307 -142057.210951 -144599.269784 -146904.408816 -149118.601165 -150777.955515 -158673.865677 -166986.591413 -175640.099531 -184774.440074 -194296.150736 67507.4941839 67210.4686029 66909.7662659 66597.5911717 66277.9485662 65957.4665783 65626.8306154 65287.9897971 64944.3298299 64596.732817 64239.2699091 63873.9097538 63501.5854108 63116.6778206 62729.6986589 62335.5619816 61927.1711015 61516.621064 61098.8440568 60665.9346743 55303.7427365 54610.0742629 53894.4657911 53170.9711386 52420.2851598 51655.5100788 50867.5325782 50058.7656595 49231.1527088 48382.4351179 47512.7645996 46616.131958 45702.3882222 44757.4461232 43792.0069552 42803.1490297 41786.4349137 40747.5275172 39674.4631788 38579.662927 76859.5696645 76859.5696645 76859.5696645 76859.5696645 76859.5696645 76859.5696645 76859.5696645 76859.5696645 76859.5696645 76859.5696645 76859.5696645 76859.5696645 76859.5696645 76859.5696645 76859.5696645 76859.5696645 76859.5696645 76859.5696645 76859.5696645 76859.5696645]"
"net_direct","[-817.694 -755 -755 -764.808 -754.125 -754.125 -763.933 -1205.761 -798.25 -871.058 -903.09 -909.398 -891.732 -901.523 -887.34 -803.648 -809.081 -813.639 -797.706 -1699.30544593 -797.847039649 -781.900511066 -1059.92777532 -1040.49768868 -775.041007699 -2058.697792 -2156.59773833 -7771.47645311 -46549.4471069 -1167.45519797 -1163.98990409 -1144.40041028 -1135.40031655 -1129.84522289 -1110.25572931 -1382.23363579 -7996.30723895 -7866.16453762 -8477.24005561 -8156.25707334 -7461.3627254 -7087.87674551 -8384.47799374 -9372.8306324 -10775.717162 -6754.15545188 -5750.40523625 -6261.67623148 -6663.32059584 -7058.61887427 -7455.06640737 -7804.65535331 -8113.41856084 -8479.17237578 -8624.72540058 -8634.23183984 -9907.79280797 -11252.2061045 -12842.8282852 -14773.5572794 -17569.8302373 -15474.8252092 -17040.5221327 -18975.1899141 -20873.9035041 -23323.4179717 -25775.0341004 -28651.0252681 -31864.0901141 -35468.5240293 -39848.9319174 -44084.9193525 -49150.6108623 -54868.3588512 -61323.4039427 -68432.2111736 -76499.352371 -85481.725489 -95623.940933 -106961.879372 -119696.17013 -56186.9381891 -58779.6829967 -61428.1215282 -64219.8308535 -65692.0058505 -68543.0167018 -71787.8792116 -75081.6907521 -78638.7782037 -82285.2615504 -85919.8615686 -89808.6053346 -93818.3040595 -98091.739099 -102530.176182 -106543.67091 -111300.831332 -116231.869375 -121395.906279 -126772.232767 -103322.85715 -107027.064029 -110769.824458 -114732.113537 -119493.960484 -118548.222013 -117723.230598 -116560.780842 -115257.360731 -113678.013615 -111871.712125 -109770.561952 -107373.755807 -104707.166891 -102343.249926 -105845.388931 -109624.317932 -113456.929743 -117427.76968 -121609.287142 -125909.065576 -130355.675367 -134948.108184 -139717.293083 -145671.873453 -147467.74774 -149529.526755 -151468.731624 -153362.211867 -155282.658196 -157061.756646 -158823.459196 -160509.978708 -162114.888641 -163639.608958 -169467.470854 -175511.045361 -181722.763633 -188163.255395 -194947.743984 -131739.04011 -134501.432081 -137287.387123 -140135.055932 -143081.409248 -146090.466021 -149122.218683 -152263.986488 -155430.633715 -158698.833426 -162044.359038 -165416.965495 -168907.935666 -172471.481524 -176110.741379 -179787.96045 -183591.67681 -187505.091598 -191428.549355 -195524.39885 -237979.598464 -244351.922996 -250856.265615 -257530.001128 -264475.334502 -271522.296943 -278765.010772 -286289.650145 -293974.77577 -301840.852657 -309991.456079 -318373.664806 -326949.498302 -335767.744388 -344866.002526 -354212.18499 -363789.922759 -373706.415498 -383871.871444 -394311.507164 -97751.243124 -97751.243124 -97751.243124 -97751.243124 -97751.243124 -97751.243124 -97751.243124 -97751.243124 -97751.243124 -97751.243124 -97751.243124 -97751.243124 -97751.243124 -97751.243124 -97751.243124 -97751.243124 -97751.243124 -97751.243124 -97751.243124 -97751.243124]"
"net_total","[-820.276146233 -757.072583333 -757.072583333 -766.518537383 -755.299833333 -754.850958333 -763.848037383 -1208.36936718 -796.648458333 -868.708712383 -897.887383583 -898.895712633 -873.932574533 -874.412337633 -848.920633583 -751.117712633 -740.478041683 -725.821245733 -687.806541683 -1571.64552392 -634.63005699 -587.622749786 -833.842559718 -777.934143503 -470.861554866 -1717.8400608 -1770.15295831 -7377.1094095 -46392.5437141 -601.156016303 -536.684629991 -454.133205454 -380.009007452 -307.117771928 -217.837833632 -419.996515831 -7007.93146168 -6803.91723661 -7346.53807969 -6951.21679276 -6179.94301402 -5732.05155144 -6965.11719024 -7886.831801 -9224.65442723 -5110.87914549 -4028.25172253 -4473.4250219 -4808.98578827 -5138.21367007 -5468.62905313 -5750.96180377 -5990.69020933 -6285.93158245 -6356.70848331 -6287.27710434 -7480.62140546 -8735.71739052 -10226.9470866 -12046.510845 -14717.1852226 -12490.8979145 -13910.3759418 -15370.3154635 -17041.1850737 -19232.4898815 -21391.4079673 -23938.2485463 -26782.7636907 -29976.1547768 -33900.152001 -37628.2167608 -42131.7544362 -47227.7471612 -52995.9163484 -59346.3344921 -66576.9117086 -74636.6108477 -83761.4608228 -93977.4967546 -105474.473488 -41279.8769206 -43212.1265371 -45198.1196702 -47324.6602144 -47191.9183123 -48431.559935 -50057.9348137 -51724.993205 -53646.1346278 -55646.3141579 -57623.5929478 -59842.8765491 -62150.029684 -64680.6831307 -67356.9804287 -69588.2928985 -72539.8757054 -75640.9586486 -78948.8596471 -82440.9290266 -57297.8340782 -59290.6213673 -61292.5910746 -63483.8391895 -67379.601101 -65534.5428182 -63778.5441721 -61652.093242 -59350.6242546 -56737.9109461 -53861.7115754 -50652.8118851 -47109.0761388 -43255.0141182 -39979.0213628 -42529.1335173 -45311.349793 -48100.8676813 -50980.6356129 -54021.4507013 -57129.0909211 -60330.3273799 -63622.2705017 -67033.9177774 -71571.988928 -71888.3963808 -72407.4290795 -72738.1869506 -72955.2447846 -73128.9369735 -73088.3778489 -72955.0170282 -72668.3778914 -72219.2799871 -71288.9330158 -74577.3720362 -77991.9683 -81481.974024 -85104.7718765 -88972.2354888 -23992.9136387 -24965.2336111 -25924.4360651 -26907.9410041 -27951.9718842 -29019.7439184 -30070.4339569 -31190.5883909 -32294.1965074 -33457.1228702 -34654.2614209 -36139.5533688 -37706.6851838 -39306.9924783 -40942.8040605 -42575.5224123 -44292.8878757 -46077.2403743 -47827.9893291 -49706.6778865 -89313.0912741 -92753.655329 -96250.3724696 -99838.665828 -103618.780677 -107418.593286 -111330.152017 -115437.49804 -119616.900876 -123886.538592 -128347.69831 -132945.018007 -137638.021205 -142472.98787 -147484.934477 -152639.087438 -157916.326183 -163421.099983 -169060.686226 -174857.359647 121777.001058 121777.001058 121777.001058 121777.001058 121777.001058 121777.001058 121777.001058 121777.001058 121777.001058 121777.001058 121777.001058 121777.001058 121777.001058 121777.001058 121777.001058 121777.001058 121777.001058 121777.001058 121777.001058 121777.001058]"
"npv_25",-441765.299988
"npv_direct","[-793.877669903 -1505.5375813 -2196.46953411 -2875.99153625 -3526.50638578 -4158.07420085 -4779.22163838 -5731.06050616 -6342.85266275 -6991.00162007 -7643.41305076 -8281.24651105 -8888.47261136 -9484.48551902 -10054.0352994 -10554.8421638 -11044.3494748 -11522.276636 -11977.1972213 -12918.0614456 -13346.9435441 -13755.0115572 -14292.0682149 -14803.9241306 -15174.0880323 -16128.6953438 -17099.5720433 -20496.3037387 -40249.3922857 -40730.3683696 -41195.9493683 -41642.5302981 -42074.7925527 -42494.4485091 -42896.7703368 -43385.4318823 -46143.4195143 -48790.3467506 -51573.3235932 -54185.6181847 -56517.0651107 -58677.7909803 -61171.4420211 -63891.0515453 -66941.4607466 -68806.8054799 -70356.2022231 -72002.206391 -73711.069075 -75477.1570144 -77296.9426921 -79155.5968633 -81040.6555557 -82962.6432131 -84869.9411604 -86732.7706531 -88818.2334655 -91128.911027 -93701.9032826 -96589.5164806 -99939.9240229 -102818.859684 -105911.755131 -109271.796369 -112877.900657 -116808.899723 -121047.145408 -125643.390534 -130630.405492 -136046.152896 -141982.347145 -148389.389628 -155358.424016 -162948.424309 -171224.457249 -180234.620599 -190109.451747 -200927.403196 -212791.596511 -225802.289516 -240076.479981 -246645.588368 -253383.078292 -260286.079545 -267361.295545 -274456.793787 -281715.068755 -289167.897704 -296809.842612 -304656.893051 -312706.813137 -320947.490516 -329392.246866 -338041.061273 -346906.521022 -355991.425387 -365246.845585 -374725.937205 -384430.888578 -394368.271177 -404542.275945 -412671.77964 -420927.615805 -429304.620323 -437811.14379 -446497.005172 -454945.158973 -463170.023754 -471153.993296 -478893.885677 -486378.036932 -493598.851508 -500545.120925 -507206.49326 -513575.061426 -519677.795204 -525865.605523 -532148.673838 -538523.902006 -544992.875123 -551560.844283 -558227.702073 -564994.667579 -571862.67329 -578833.974344 -585959.865904 -593032.161088 -600062.724322 -607044.82291 -613975.588012 -620855.543073 -627677.876225 -634441.461218 -641142.840003 -647778.511225 -654345.257234 -661012.525995 -667782.170999 -674653.97246 -681629.802919 -688715.443854 -693409.791514 -698108.597268 -702810.6885 -707516.20208 -712226.444693 -716941.445494 -721659.925089 -726383.347099 -731110.460259 -735842.331774 -740579.218014 -745319.879178 -750065.671706 -754816.570908 -759572.596643 -764332.726325 -769098.253994 -773869.929482 -778645.930072 -783428.46831 -789135.32606 -794880.099547 -800662.150698 -806481.636788 -812340.883811 -818238.302477 -824174.311491 -830151.015736 -836167.821804 -842224.490152 -848322.741584 -854463.083675 -860645.182369 -866869.533156 -873137.191265 -879448.48278 -885803.331793 -892203.405175 -898648.666316 -905139.395777 -906716.920498 -908263.513363 -909779.780877 -911266.317655 -912723.706654 -914152.519398 -915553.316205 -916926.646409 -918273.048569 -919593.050687 -920887.17041 -922155.915237 -923399.782714 -924619.260633 -925814.82722 -926986.951326 -928136.092605 -929262.701703 -930367.220426 -931450.081919]"
"npv_k",-1218617.58512
"npv_total","[-796.384607994 -1509.99812796 -2202.82678812 -2883.86858058 -3535.39685165 -4167.5726454 -4788.65100055 -5742.54893747 -6353.11364573 -6999.51451243 -7648.16746232 -8278.63482956 -8873.74038725 -9451.82995329 -9996.71980434 -10464.7915303 -10912.7929233 -11339.1364092 -11731.382869 -12601.5648898 -12942.7098174 -13249.3857239 -13671.8868684 -14054.5789182 -14279.4650192 -15076.0183979 -15872.9218868 -19097.2849153 -38783.7920783 -39031.4603974 -39246.1273504 -39423.3443693 -39568.0189373 -39682.0910241 -39761.0286175 -39909.5101341 -42326.5993879 -44616.0854215 -47027.8662859 -49254.2093093 -51185.2518913 -52932.6570054 -55004.1719815 -57292.6058307 -59903.9374312 -61315.446474 -62400.8239115 -63576.7512444 -64810.0547067 -66095.6514155 -67430.5466778 -68800.1201773 -70191.9875595 -71616.8297942 -73022.571598 -74379.0472447 -75953.6217294 -77747.5300501 -79796.4444378 -82151.0339959 -84957.4679629 -87281.2739482 -89806.0403894 -92527.7466818 -95471.7236219 -98713.2253544 -102230.66173 -106070.875376 -110262.617323 -114839.725811 -119889.745415 -125358.408779 -131332.243901 -137865.309994 -145017.488791 -152831.355372 -161425.35965 -170870.831508 -181263.230669 -192694.521581 -205272.72456 -210098.97056 -215052.064084 -220131.214625 -225345.058833 -230442.333137 -235570.931149 -240767.81438 -246032.474039 -251385.608128 -256829.455223 -262356.203407 -267983.264532 -273712.680316 -279558.473225 -285526.781759 -291571.898153 -297749.858548 -304065.611959 -310528.309492 -317144.540718 -321652.768294 -326226.31855 -330861.590971 -335568.440267 -340466.176293 -345136.393084 -349592.352193 -353815.285766 -357800.865876 -361536.285716 -365012.816329 -368218.120847 -371140.726042 -373771.610957 -376155.562261 -378641.851119 -381238.850686 -383941.673751 -386750.143691 -389667.776304 -392692.749312 -395824.590279 -399062.561696 -402407.270224 -405908.386944 -409356.028665 -412760.473391 -416113.410905 -419410.413852 -422650.46529 -425825.224531 -428932.054345 -431965.998589 -434922.071297 -437782.847605 -440716.905571 -443725.137546 -446806.358286 -449961.471958 -453195.288883 -454050.244847 -454922.404953 -455810.316553 -456713.842662 -457634.022088 -458570.620619 -459522.100085 -460489.671703 -461471.835371 -462469.415525 -463482.430078 -464518.148371 -465577.590038 -466660.340401 -467766.036897 -468893.281499 -470043.001282 -471215.586178 -472408.859105 -473624.687355 -475766.455432 -477947.11656 -480165.616367 -482421.701967 -484717.296122 -487050.409919 -489421.068934 -491830.991138 -494279.200149 -496765.078619 -499289.97574 -501854.031691 -504456.549314 -507097.666184 -509778.084488 -512497.781377 -515256.336099 -518055.075936 -520893.627943 -523771.940636 -521806.684506 -519879.962811 -517991.019972 -516139.115228 -514323.522342 -512543.529317 -510798.438115 -509087.564388 -507410.237205 -505765.79879 -504153.604266 -502573.021399 -501023.430352 -499504.223444 -498014.804907 -496554.590655 -495123.008054 -493719.495701 -492343.503198 -490994.49094]"
"pem_gw","[0 0 0 0.0013125 0.002625 0.0039375 0.0065625 0.0091875 0.0118125 0.01575 0.0249375 0.0406875 0.0616875 0.08925 0.1220625 0.1614375 0.2086875 0.265125 0.3294375 0.4029375 0.485625 0.5761875 0.6759375 0.78225 0.89775 1.0224375 1.157625 1.304625 1.46475 1.635375 1.813875 1.997625 2.1879375 2.3848125 2.58825 2.79825 3.005625 3.2090625 3.409875 3.60675 3.7996875 3.99 4.176375 4.360125 4.5399375 4.7158125 4.8825 5.04 5.187 5.3248125 5.452125 5.57025 5.6791875 5.777625 5.866875 5.945625 6.02175 6.09525 6.166125 6.234375 6.3 6.402178125 6.540909375 6.71619375 6.92803125 7.176421875 7.463990625 7.7907375 8.1566625 8.561765625 9.006046875 9.49081875 10.01608125 10.581834375 11.188078125 11.8348125 12.5220375 13.249753125 14.017959375 14.82665625 15.67584375 16.477978125 17.233059375 17.9410875 18.6020625 21.953484375 25.263103125 28.53091875 31.75693125 34.941140625 38.083546875 41.1828375 44.2390125 47.252071875 50.222015625 53.14884375 56.03255625 58.873153125 61.670634375 64.425 67.13625 69.85275 72.5745 75.3015 78.03375 78.03375 78.03375 78.03375 78.03375 78.03375 78.03375 78.03375 78.03375 78.03375 78.03375 77.1058125 76.177875 75.2499375 74.322 73.3940625 72.466125 71.5381875 70.61025 69.6823125 68.754375 67.8264375 66.8985 65.9705625 65.042625 64.1146875 63.18675 62.2588125 61.330875 60.4029375 59.475 59.475 59.475 59.475 59.475 59.475 59.475 59.475 59.475 59.475 59.475 59.475 59.475 59.475 59.475 59.475 59.475 59.475 59.475 59.475 59.475 59.475 59.475 59.475 59.475 59.475 59.475 59.475 59.475 59.475 59.475 59.475 59.475 59.475 59.475 59.475 59.475 59.475 59.475 59.475 59.475 59.475 59.475 59.475 59.475 59.475 59.475 59.475 59.475 59.475 59.475 59.475 59.475 59.475 59.475 59.475 59.475 59.475 59.475 59.475 59.475 59.475 59.475 59.475 59.475 59.475 59.475]"
"pem_gw_per_t_ir",1
"pem_life",20
"pgm_production","[0 0 0 0.0175 0.0175 0.0175 0.035 0.035 0.035 0.0525 0.1225 0.21 0.28 0.3675 0.4375 0.525 0.63 0.7525 0.8575 0.98 1.1025 1.2075 1.33 1.435 1.5575 1.68 1.8375 1.995 2.17 2.3275 2.5025 2.66 2.8175 2.9925 3.15 3.325 3.395 3.465 3.535 3.605 3.675 3.745 3.815 3.885 3.955 4.025 4.06 4.095 4.13 4.165 4.2 4.235 4.27 4.305 4.34 4.375 4.41 4.445 4.48 4.515 4.55 4.3575 4.165 3.9725 3.78 3.5875 3.395 3.2025 3.01 2.8175 2.625 2.45 2.275 2.1 1.925 1.75 1.575 1.4 1.225 1.05 0.875 0.805 0.735 0.665 0.595 0.525 0.525 0.525 0.525 0.525 0.525 0.525 0.525 0.525 0.525 0.525 0.525 0.525 0.525 0.525 0.525 0.525 0.525 0.525 0.525 0.525 0.525 0.525 0.525 0.525 0.525 0.525 0.525 0.525 0.525 0.525 0.525 0.525 0.525 0.525 0.525 0.525 0.525 0.525 0.525 0.525 0.525 0.525 0.525 0.525 0.525 0.525 0.525 0.525 0.525 0.525 0.525 0.525 0.525 0.525 0.525 0.525 0.525 0.525 0.525 0.525 0.525 0.525 0.525 0.525 0.525 0.525 0.525 0.525 0.525 0.525 0.525 0.525 0.525 0.525 0.525 0.525 0.525 0.525 0.525 0.525 0.525 0.525 0.525 0.525 0.525 0.525 0.525 0.525 0.525 0.525 0.525 0.525 0.525 0.525 0.525 0.525 0.525 0.525 0.525 0.525 0.525 0.525 0.525 0.525 0.525 0.525 0.525 0.525 0.525 0.525 0.525 0.525 0.525 0.525 0.525]"
"power_kw","[0 0 0 0 0 0 0 0 0 0 0 0 0 0 0 0 0 0 0 400 400 400 400 400 400 400 1200 6400 42000 42000 42000 42000 42000 42000 42000 42000 51600 63200 78000 96000 118000 145200 178800 220000 270800 333600 388800 453200 528400 616000 718400 837600 976400 1138400 1327200 1547200 1804000 2103200 2452400 2859200 3333600 3740400 4196800 4708800 5283200 5927600 6651200 7462800 8373200 9394800 10541200 11827200 13270400 14889600 16706400 18744800 21032000 23598400 26478000 29708400 33333600 34896400 36532000 38244800 40037600 41914800 43879600 45936800 48090000 50344800 52704800 55175600 57762400 60470000 63305200 66272800 69379600 72632000 76037200 79601600 83333600 86272400 89314800 92464400 95725200 99100800 102595600 106213600 109959200 113836800 117851200 122007200 126310000 130764400 135375600 140149600 145092000 150208800 155505600 160989600 166666800 172544400 178629200 184928400 191450000 198201200 205190800 212426800 219918000 227673600 235702400 244014400 252619600 261528400 270750800 280299200 290183600 300417200 311011200 321978800 333333600 340160400 347126800 354236000 361490800 368894000 376449200 384158800 392026400 400055200 408248400 416609600 425141600 433848800 442734000 451801200 461054000 470496800 480132400 489965600 500000400 512935200 526205200 539818000 553783200 568110000 582807200 597884400 613352000 629219200 645497600 662196800 679327600 696902000 714931200 733426800 752400400 771865200 791833600 812318800 833333600 833333600 833333600 833333600 833333600 833333600 833333600 833333600 833333600 833333600 833333600 833333600 833333600 833333600 833333600 833333600 833333600 833333600 833333600 833333600 833333600]"
"probe.propellant",6654
"probe.mass_kg",800
"probe.pgm_per_mission",0.0175
"probe_fleet","[0 0 0 1 1 1 2 2 2 3 7 12 16 21 25 30 36 43 49 56 63 69 76 82 89 96 105 114 124 133 143 152 161 171 180 190 194 198 202 206 210 214 218 222 226 230 232 234 236 238 240 242 244 246 248 250 252 254 256 258 260 249 238 227 216 205 194 183 172 161 150 140 130 120 110 100 90 80 70 60 50 46 42 38 34 30 30 30 30 30 30 30 30 30 30 30 30 30 30 30 30 30 30 30 30 30 30 30 30 30 30 30 30 30 30 30 30 30 30 30 30 30 30 30 30 30 30 30 30 30 30 30 30 30 30 30 30 30 30 30 30 30 30 30 30 30 30 30 30 30 30 30 30 30 30 30 30 30 30 30 30 30 30 30 30 30 30 30 30 30 30 30 30 30 30 30 30 30 30 30 30 30 30 30 30 30 30 30 30 30 30 30 30 30 30 30 30 30 30 30 30]"
"probe_knots_v","[0 3 30 96 190 230 260 150 50 30 30]"
"probe_knots_y","[0 9 15 25 35 45 60 70 80 85 200]"
"probe_salvage_feni","[0 0 0 0 0 0 0 0 0 0 0 0 0 0 0 0 0 0 0 0 0 0 0 0 0 0 0 0 0 0 0 0 0 0 0 0 0 0 0 0 0 0 0 0 0 0 0 0 0 0 0 0 0 0 0 0 0 0 0 0 0 6.16 6.16 6.16 6.16 6.16 6.16 6.16 6.16 6.16 6.16 5.6 5.6 5.6 5.6 5.6 5.6 5.6 5.6 5.6 5.6 2.24 2.24 2.24 2.24 2.24 0 0 0 0 0 0 0 0 0 0 0 0 0 0 0 0 0 0 0 0 0 0 0 0 0 0 0 0 0 0 0 0 0 0 0 0 0 0 0 0 0 0 0 0 0 0 0 0 0 0 0 0 0 0 0 0 0 0 0 0 0 0 0 0 0 0 0 0 0 0 0 0 0 0 0 0 0 0 0 0 0 0 0 0 0 0 0 0 0 0 0 0 0 0 0 0 0 0 0 0 0 0 0 0 0 0 0 0 0 0 0 0 0 0 0]"
"prop_demand_kg","[100000 100000 100000 106654 106654 106654 113308 777308 777308 783962 810578 843848 870464 903734 930350 963620 1003544 1050122 1090046 1136624 1183202 1223126 1269704 1309628 1356206 1402784 1462670 1522556 1589096 1648982 1715522 1775408 1835294 1901834 1961720 2028260 1988476 1948692 1908908 1869124 1829340 1789556 1749772 1709988 1670204 1630420 1643728 1657036 1670344 1683652 1696960 1710268 1723576 1736884 1750192 1763500 1776808 1790116 1803424 1816732 1830040 1756846 1683652 1610458 1537264 1464070 1390876 1317682 1244488 1171294 1098100 1031560 965020 898480 831940 765400 698860 632320 565780 499240 432700 406084 379468 352852 326236 299620 299620 299620 299620 299620 299620 299620 299620 299620 299620 299620 299620 299620 299620 299620 299620 299620 299620 299620 299620 299620 299620 299620 299620 299620 299620 299620 299620 299620 299620 299620 299620 299620 299620 299620 299620 299620 299620 299620 299620 299620 299620 299620 299620 299620 299620 299620 299620 299620 299620 299620 299620 299620 299620 299620 299620 299620 299620 299620 299620 299620 299620 299620 299620 299620 299620 299620 299620 299620 299620 299620 299620 299620 299620 299620 299620 299620 299620 299620 299620 299620 299620 299620 299620 299620 299620 299620 299620 299620 299620 299620 299620 299620 299620 299620 299620 299620 299620 299620 299620 299620 299620 299620 299620 299620 299620 299620 299620 299620 299620 299620 299620 299620 299620 299620 299620]"
"pwr_25","[0 0 0 0 0 0 0 0 0 0 0 0 0 0 0 0 0 0 0 400 400 400 400 400 400 400 1200 6400 42000 42000 42000 42000 42000 42000 42000 42000 51600 63200 78000 96000 118000 145200 178800 220000 270800 333600 388800 453200 528400 616000 718400 837600 976400 1138400 1327200 1547200 1804000 2103200 2452400 2859200 3333600 3740400 4196800 4708800 5283200 5927600 6651200 7462800 8373200 9394800 10541200 11827200 13270400 14889600 16706400 18744800 21032000 23598400 26478000 29708400 33333600 34896400 36532000 38244800 40037600 41914800 43879600 45936800 48090000 50344800 52704800 55175600 57762400 60470000 63305200 66272800 69379600 72632000 76037200 79601600 83333600 86272400 89314800 92464400 95725200 99100800 102595600 106213600 109959200 113836800 117851200 122007200 126310000 130764400 135375600 140149600 145092000 150208800 155505600 160989600 166666800 174480400 182660000 191223200 200187600 209572400 219397200 229682800 240450000 251722400 263523200 275877200 288810400 302350000 316524400 331363200 346897200 363160000 380185200 398008000 416666800 416666800 416666800 416666800 416666800 416666800 416666800 416666800 416666800 416666800 416666800 416666800 416666800 416666800 416666800 416666800 416666800 416666800 416666800 416666800 416666800 416666800 416666800 416666800 416666800 416666800 416666800 416666800 416666800 416666800 416666800 416666800 416666800 416666800 416666800 416666800 416666800 416666800 416666800 416666800 416666800 416666800 416666800 416666800 416666800 416666800 416666800 416666800 416666800 416666800 416666800 416666800 416666800 416666800 416666800 416666800 416666800 416666800 416666800 416666800 416666800]"
"r0",1250000
"r1",1250000
"reagent.per_circuit_yr",49000
"reduced_molei",50
"reg_25","[0 0 0 0 0 0 0 0 0 0 0 0 0 0 0 0 0 0 0 33.8762796019 57.3801159834 97.1912426322 164.623885513 278.84223874 472.30688222 800 5428.83523319 36840.3149864 250000 250000 250000 250000 250000 250000 250000 250000 307786.103336 378929.141628 466516.495768 574349.177499 707106.781187 870550.563296 1071773.46254 1319507.91077 1624504.79271 2000000 2331828.80236 2718712.78176 3169786.38492 3695699.59484 4308869.38006 5023772.86302 5857289.12925 6829097.74767 7962143.41107 9283177.66723 10823390.5309 12619146.8896 14712845.0892 17153917.9718 20000000 22440369.086 25178508.2359 28250750.8925 31697863.8492 35565588.2008 39905246.2994 44774422.7714 50237728.6302 56367658.6253 63245553.2034 70962677.8467 79621434.1107 89336718.4302 100237446.725 112468265.038 126191468.896 141589156.877 158865646.945 178250187.627 200000000 209376046.995 219191645.277 229467401.113 240224886.796 251486685.937 263276440.867 275618902.279 288539981.181 302066803.299 316227766.017 331052597.994 346572421.578 362819818.138 379828896.466 397635364.384 416276603.701 435791748.698 456221768.278 477609551.976 500000000 517632461.921 535886731.268 554784736.034 574349177.499 594603557.501 615572206.672 637280313.66 659753955.386 683020128.377 707106781.187 732042847.973 757858283.255 784584097.897 812252396.356 840896415.254 870550563.296 901250462.611 933032991.537 965936328.925 1000000000 1046880234.98 1095958226.39 1147337005.56 1201124433.98 1257433429.68 1316382204.33 1378094511.39 1442699905.91 1510334016.5 1581138830.08 1655262989.97 1732862107.89 1814099090.69 1899144482.33 1988176821.92 2081383018.5 2178958743.49 2281108841.39 2388047759.88 2500000000 2500000000 2500000000 2500000000 2500000000 2500000000 2500000000 2500000000 2500000000 2500000000 2500000000 2500000000 2500000000 2500000000 2500000000 2500000000 2500000000 2500000000 2500000000 2500000000 2500000000 2500000000 2500000000 2500000000 2500000000 2500000000 2500000000 2500000000 2500000000 2500000000 2500000000 2500000000 2500000000 2500000000 2500000000 2500000000 2500000000 2500000000 2500000000 2500000000 2500000000 2500000000 2500000000 2500000000 2500000000 2500000000 2500000000 2500000000 2500000000 2500000000 2500000000 2500000000 2500000000 2500000000 2500000000 2500000000 2500000000 2500000000 2500000000 2500000000 2500000000]"
"regolith_yr","[0 0 0 0 0 0 0 0 0 0 0 0 0 0 0 0 0 0 0 33.8762796019 57.3801159834 97.1912426322 164.623885513 278.84223874 472.30688222 800 5428.83523319 36840.3149864 250000 250000 250000 250000 250000 250000 250000 250000 307786.103336 378929.141628 466516.495768 574349.177499 707106.781187 870550.563296 1071773.46254 1319507.91077 1624504.79271 2000000 2331828.80236 2718712.78176 3169786.38492 3695699.59484 4308869.38006 5023772.86302 5857289.12925 6829097.74767 7962143.41107 9283177.66723 10823390.5309 12619146.8896 14712845.0892 17153917.9718 20000000 22440369.086 25178508.2359 28250750.8925 31697863.8492 35565588.2008 39905246.2994 44774422.7714 50237728.6302 56367658.6253 63245553.2034 70962677.8467 79621434.1107 89336718.4302 100237446.725 112468265.038 126191468.896 141589156.877 158865646.945 178250187.627 200000000 209376046.995 219191645.277 229467401.113 240224886.796 251486685.937 263276440.867 275618902.279 288539981.181 302066803.299 316227766.017 331052597.994 346572421.578 362819818.138 379828896.466 397635364.384 416276603.701 435791748.698 456221768.278 477609551.976 500000000 517632461.921 535886731.268 554784736.034 574349177.499 594603557.501 615572206.672 637280313.66 659753955.386 683020128.377 707106781.187 732042847.973 757858283.255 784584097.897 812252396.356 840896415.254 870550563.296 901250462.611 933032991.537 965936328.925 1000000000 1035264923.84 1071773462.54 1109569472.07 1148698355 1189207115 1231144413.34 1274560627.32 1319507910.77 1366040256.75 1414213562.37 1464085695.95 1515716566.51 1569168195.79 1624504792.71 1681792830.51 1741101126.59 1802500925.22 1866065983.07 1931872657.85 2000000000 2040960307.3 2082759487.98 2125414722.31 2168943542.4 2213363839.4 2258693870.91 2304952268.44 2352158045.05 2400330603.22 2449489742.78 2499655669.08 2550849001.25 2603090780.73 2656402479.89 2710806010.83 2766323734.45 2822978469.57 2880793502.38 2939792595.94 3000000000 3077610763.62 3157229337.45 3238907664.05 3322699029.74 3408658099.4 3496840952.07 3587305117.59 3680109614.09 3775314986.54 3872983346.21 3973178411.2 4075965548.03 4181411814.25 4289586002.22 4400558683.97 4514402257.24 4631190992.73 4751001082.53 4873910689.85 5000000000 5000000000 5000000000 5000000000 5000000000 5000000000 5000000000 5000000000 5000000000 5000000000 5000000000 5000000000 5000000000 5000000000 5000000000 5000000000 5000000000 5000000000 5000000000 5000000000 5000000000]"
"reo_25","[0 0 0 0 0 0 0 0 0 0 0 0 0 0 0 0 0 0 0 0.016938139801 0.0286900579917 0.0485956213161 0.0823119427567 0.13942111937 0.23615344111 0.4 2.71441761659 18.4201574932 125 125 125 125 125 125 125 125 153.893051668 189.464570814 233.258247884 287.174588749 353.553390593 435.275281648 535.886731268 659.753955386 812.252396356 1000 1165.91440118 1359.35639088 1584.89319246 1847.84979742 2154.43469003 2511.88643151 2928.64456463 3414.54887383 3981.07170553 4641.58883361 5411.69526546 6309.5734448 7356.4225446 8576.95898591 10000 11220.184543 12589.2541179 14125.3754462 15848.9319246 17782.7941004 19952.6231497 22387.2113857 25118.8643151 28183.8293126 31622.7766017 35481.3389234 39810.7170553 44668.3592151 50118.7233627 56234.132519 63095.734448 70794.5784384 79432.8234724 89125.0938134 100000 104688.023498 109595.822639 114733.700556 120112.443398 125743.342968 131638.220433 137809.451139 144269.990591 151033.40165 158113.883008 165526.298997 173286.210789 181409.909069 189914.448233 198817.682192 208138.30185 217895.874349 228110.884139 238804.775988 250000 258816.23096 267943.365634 277392.368017 287174.588749 297301.778751 307786.103336 318640.15683 329876.977693 341510.064189 353553.390593 366021.423986 378929.141628 392292.048948 406126.198178 420448.207627 435275.281648 450625.231305 466516.495768 482968.164462 500000 523440.117488 547979.113193 573668.502781 600562.216991 628716.714841 658191.102167 689047.255696 721349.952954 755167.008249 790569.415042 827631.494985 866431.053944 907049.545344 949572.241165 994088.410959 1040691.50925 1089479.37174 1140554.42069 1194023.87994 1250000 1250000 1250000 1250000 1250000 1250000 1250000 1250000 1250000 1250000 1250000 1250000 1250000 1250000 1250000 1250000 1250000 1250000 1250000 1250000 1250000 1250000 1250000 1250000 1250000 1250000 1250000 1250000 1250000 1250000 1250000 1250000 1250000 1250000 1250000 1250000 1250000 1250000 1250000 1250000 1250000 1250000 1250000 1250000 1250000 1250000 1250000 1250000 1250000 1250000 1250000 1250000 1250000 1250000 1250000 1250000 1250000 1250000 1250000 1250000 1250000]"
"reo_alt_v","[0 0 0 0.4 125 125 1000 10000 100000 250000 500000 1250000 1250000]"
"reo_alt_y","[0 15 18 25 28 35 45 60 80 100 120 140 200]"
"reo_demand","[400000 408000 416160 424483.2 432972.864 441632.32128 450464.967706 459474.26706 468663.752401 478037.027449 487597.767998 497349.723358 507296.717825 517442.652182 527791.505225 538347.33533 549114.282036 560096.567677 571298.499031 582724.469011 594378.958391 606266.537559 618391.86831 630759.705677 643374.89979 656242.397786 669367.245742 682754.590656 696409.68247 710337.876119 724544.633641 739035.526314 753816.23684 768892.561577 784270.412809 799955.821065 815954.937486 832274.036236 848919.516961 865897.9073 883215.865446 900880.182755 918897.78641 937275.742138 956021.256981 975141.682121 994644.515763 1014537.40608 1034828.1542 1055524.71728 1076635.21163 1098167.91586 1120131.27418 1142533.89966 1165384.57766 1188692.26921 1212466.11459 1236715.43689 1261449.74562 1286678.74054 1312412.31535 1338660.56165 1365433.77289 1392742.44834 1420597.29731 1449009.24326 1477989.42812 1507549.21668 1537700.20102 1568454.20504 1599823.28914 1631819.75492 1664456.15002 1697745.27302 1731700.17848 1766334.18205 1801660.86569 1837694.08301 1874447.96467 1911936.92396 1950175.66244 1989179.17569 2028962.7592 2069542.01439 2110932.85467 2153151.51177 2196214.542 2240138.83284 2284941.6095 2330640.44169 2377253.25052 2424798.31553 2473294.28184 2500000 2500000 2500000 2500000 2500000 2500000 2500000 2500000 2500000 2500000 2500000 2500000 2500000 2500000 2500000 2500000 2500000 2500000 2500000 2500000 2500000 2500000 2500000 2500000 2500000 2500000 2500000 2500000 2500000 2500000 2500000 2500000 2500000 2500000 2500000 2500000 2500000 2500000 2500000 2500000 2500000 2500000 2500000 2500000 2500000 2500000 2500000 2500000 2500000 2500000 2500000 2500000 2500000 2500000 2500000 2500000 2500000 2500000 2500000 2500000 2500000 2500000 2500000 2500000 2500000 2500000 2500000 2500000 2500000 2500000 2500000 2500000 2500000 2500000 2500000 2500000 2500000 2500000 2500000 2500000 2500000 2500000 2500000 2500000 2500000 2500000 2500000 2500000 2500000 2500000 2500000 2500000 2500000 2500000 2500000 2500000 2500000 2500000 2500000 2500000 2500000 2500000 2500000 2500000 2500000 2500000 2500000 2500000]"
"reo_demand_2026",400000
"reo_final",2500000
"reo_final_alt",1250000
"reo_knots_v","[0 0 0 0.4 125 125 1000 10000 100000 250000 500000 1000000 1500000 2500000 2500000]"
"reo_knots_y","[0 15 18 25 28 35 45 60 80 100 120 140 160 180 200]"
"reo_price","[15000 15000 15000 15000 15000 15000 15000 15000 15000 15000 15000 15000 15000 15000 15000 15000 15000 15000 15000 14999.9997384 14999.9995656 14999.9992786 14999.998802 14999.9980107 14999.9966965 14999.9945142 14999.9635032 14999.7571874 14998.3845716 14998.4162466 14998.4473006 14998.4777457 14998.5075938 14998.5368567 14998.5655458 14998.5936723 14998.3025564 14997.9511783 14997.5270633 14997.0151547 14996.3972788 14995.6514999 14994.7513416 14993.6648466 14992.3534424 14990.7705719 14989.4502715 14987.9410976 14986.2160314 14984.2441888 14981.9902675 14979.4139152 14976.4690071 14973.1028201 14969.2550888 14964.8569267 14959.8295929 14954.0830822 14947.514514 14940.0062903 14931.42399 14924.5651483 14917.0202984 14908.7208269 14899.5912581 14889.5485673 14878.5014257 14866.3493701 14852.981889 14838.277418 14822.1022338 14804.3092386 14784.7366219 14763.2063895 14739.5227443 14713.470306 14684.8121526 14653.2876653 14618.610159 14580.4642746 14538.5031116 14526.341205 14513.8587935 14501.0474309 14487.8984482 14474.4029482 14460.5517989 14446.3356279 14431.7448157 14416.7694894 14401.3995157 14385.6244944 14369.4337514 14346.9243274 14316.3079864 14284.2563441 14250.7021133 14215.5748523 14178.8008171 14140.3028064 14100 14068.2615685 14035.4038837 14001.3874751 13966.1714805 13929.7135965 13891.970028 13852.8954354 13812.4428803 13770.5637689 13727.2077939 13682.3228736 13635.8550901 13587.7486238 13537.9456866 13486.3864525 13433.0089861 13377.7491673 13320.5406152 13261.3146079 13200 13136.5231371 13070.8077674 13002.7749503 12932.342961 12859.427193 12783.940056 12705.7908708 12624.8857606 12541.1275378 12454.4155877 12364.6457473 12271.7101803 12175.4972476 12075.8913731 11972.7729051 11866.0179721 11755.4983346 11641.0812305 11522.6292159 11400 11326.2714469 11251.0329216 11174.2534998 11095.9016237 11015.9450891 10934.3510324 10851.0859168 10766.1155189 10679.4049142 10590.918463 10500.6197957 10408.4717977 10314.4365947 10218.4755362 10120.5491805 10020.617278 9918.63875477 9814.57169572 9708.37332731 9600 9460.30062549 9316.9871926 9169.96620472 9019.14174646 8864.41542108 8705.68628627 8542.85078834 8375.80269464 8204.43302423 8028.62997683 7848.27885984 7663.26201355 7473.45873435 7278.745196 7078.99436886 6874.07593697 6663.85621309 6448.19805145 6226.96075827 6000 6000 6000 6000 6000 6000 6000 6000 6000 6000 6000 6000 6000 6000 6000 6000 6000 6000 6000 6000 6000]"
"reo_target","[0 0 0 0 0 0 0 0 0 0 0 0 0 0 0 0 0 0 0 0.016938139801 0.0286900579917 0.0485956213161 0.0823119427567 0.13942111937 0.23615344111 0.4 2.71441761659 18.4201574932 125 125 125 125 125 125 125 125 153.893051668 189.464570814 233.258247884 287.174588749 353.553390593 435.275281648 535.886731268 659.753955386 812.252396356 1000 1165.91440118 1359.35639088 1584.89319246 1847.84979742 2154.43469003 2511.88643151 2928.64456463 3414.54887383 3981.07170553 4641.58883361 5411.69526546 6309.5734448 7356.4225446 8576.95898591 10000 11220.184543 12589.2541179 14125.3754462 15848.9319246 17782.7941004 19952.6231497 22387.2113857 25118.8643151 28183.8293126 31622.7766017 35481.3389234 39810.7170553 44668.3592151 50118.7233627 56234.132519 63095.734448 70794.5784384 79432.8234724 89125.0938134 100000 104688.023498 109595.822639 114733.700556 120112.443398 125743.342968 131638.220433 137809.451139 144269.990591 151033.40165 158113.883008 165526.298997 173286.210789 181409.909069 189914.448233 198817.682192 208138.30185 217895.874349 228110.884139 238804.775988 250000 258816.23096 267943.365634 277392.368017 287174.588749 297301.778751 307786.103336 318640.15683 329876.977693 341510.064189 353553.390593 366021.423986 378929.141628 392292.048948 406126.198178 420448.207627 435275.281648 450625.231305 466516.495768 482968.164462 500000 517632.461921 535886.731268 554784.736034 574349.177499 594603.557501 615572.206672 637280.31366 659753.955386 683020.128377 707106.781187 732042.847973 757858.283255 784584.097897 812252.396356 840896.415254 870550.563296 901250.462611 933032.991537 965936.328925 1000000 1020480.15365 1041379.74399 1062707.36116 1084471.7712 1106681.9197 1129346.93546 1152476.13422 1176079.02252 1200165.30161 1224744.87139 1249827.83454 1275424.50063 1301545.39037 1328201.23994 1355403.00541 1383161.86722 1411489.23479 1440396.75119 1469896.29797 1500000 1538805.38181 1578614.66872 1619453.83202 1661349.51487 1704329.0497 1748420.47604 1793652.55879 1840054.80704 1887657.49327 1936491.6731 1986589.2056 2037982.77401 2090705.90713 2144793.00111 2200279.34198 2257201.12862 2315595.49636 2375500.54126 2436955.34493 2500000 2500000 2500000 2500000 2500000 2500000 2500000 2500000 2500000 2500000 2500000 2500000 2500000 2500000 2500000 2500000 2500000 2500000 2500000 2500000 2500000]"
"rev_direct","[0 0 0 0.875 0.875 0.875 1.75 1.75 1.75 2.625 6.125 10.5 14 18.375 21.875 26.25 31.5 37.625 42.875 49.0002540721 55.1254303509 60.3757289343 66.501234679 71.7520913165 77.8785423008 84.0059999978 91.9157161652 100.02629789 110.374798071 118.249802031 126.999805913 134.874809718 142.749813449 151.499817107 159.374820693 168.124824209 172.05813455 176.091580383 180.248296885 184.55676166 189.052027105 193.77723643 198.785488283 204.142129688 209.927575011 216.240770572 220.476415937 225.123953517 230.251551769 235.938632589 242.277719558 249.376586565 257.360754555 266.376391372 276.593677887 288.210712808 301.45803898 316.603885507 333.960232757 353.889821201 376.8142399 422.825125189 471.031659219 521.697529103 575.117607555 631.62152642 691.577631979 755.397355881 823.540036744 896.518228042 974.903527708 1060.20796362 1152.26596639 1251.86695617 1359.88856292 1477.305489 1605.199008 1744.767073 1897.33498017 2064.36649632 2247.47531116 2310.8589494 2377.28329413 2446.88383369 2519.80188232 4421.18481417 4504.68630529 4591.96658386 4683.19268878 4778.53873678 4878.18619818 4982.32418133 5091.14972595 5203.79923764 5319.99873196 5441.08773817 5567.24193805 5698.64011182 5835.46379042 5977.8968441 6126.125 6242.21943533 6361.81835464 6485.00302725 6611.85455131 6742.45362973 6876.88032258 7015.21377409 7157.53191192 7303.91111664 7454.4258589 7609.14830165 7768.14786467 7931.49074822 8099.23941282 7652.82701133 7829.55676979 8010.85131286 8196.75192956 8387.29277455 8582.5 8782.39081253 8986.97244952 9196.2410685 9410.18054278 9628.76115638 9851.93819023 10079.6503915 10311.8183169 10548.3425409 10789.1017178 11033.950487 11282.7172098 11535.2015244 11791.171706 12050.3618165 12312.4686297 12577.1483123 12844.0128452 13112.6261643 13382.5 13540.7352264 13699.0977836 13857.4614497 14015.6920869 14173.6472585 14331.1758296 14488.1175495 14644.3026159 14799.5512199 14953.6730709 15106.4669005 15257.7199449 15407.207404 15554.6918775 15699.9227757 15842.635705 15982.5518261 16119.3771848 16252.8020131 16382.5 16540.061516 16690.4326505 16832.8369098 16966.446765 17090.3807108 17203.7001609 17305.4061759 17394.4360111 17469.6594762 17529.8750966 17573.8060655 17600.0959764 17607.3043226 17593.9017533 17558.2650718 17498.6719631 17413.2954354 17300.1979614 17157.3253025 16982.5 16982.5 16982.5 16982.5 16982.5 16982.5 16982.5 16982.5 16982.5 16982.5 16982.5 16982.5 16982.5 16982.5 16982.5 16982.5 16982.5 16982.5 16982.5 16982.5 16982.5]"
"rev_k","[-2.58214623333 -2.07258333333 -2.07258333333 -0.835537383333 -0.299833333333 0.149041666667 1.83496261667 -0.858367183333 3.35154166667 4.97428761667 11.3276164167 21.0022873667 31.7994254667 45.4856623667 60.2943664167 78.7802873667 100.102958317 125.442754267 152.774458317 176.660176085 218.34241301 254.653490214 292.586450282 334.315636497 382.057995134 424.8637312 478.360496191 494.393341502 267.278190918 684.548983697 754.305080009 825.142014546 898.141122548 974.227268072 1051.79271637 1130.36194417 1160.43391182 1238.33888139 1310.95027281 1389.59704224 1470.47173848 1549.60243051 1618.14629178 1690.14096109 1760.99030982 1859.51707697 1942.62992966 2013.37516309 2084.58635934 2156.34383679 2228.7150738 2303.0701361 2380.08910606 2459.6171847 2544.61059516 2635.16544831 2728.62944149 2833.09259951 2949.84143141 3080.93625558 3229.45925462 3406.75241993 3601.17785015 4329.41458661 4630.96657544 4967.99724482 5345.20059683 5765.17547755 6231.57337356 6748.27099608 7319.01181334 7951.77891403 8649.48545481 9418.68666957 10266.2145034 11199.9148238 12228.0571091 13360.3535691 14607.3480704 15981.0507259 17494.7205944 18270.495318 19025.153546 19785.6691786 20552.9759698 24089.2658009 25814.9168523 27552.276253 29302.6795342 31067.250114 32847.3568891 34643.8717034 36458.1368418 38323.3528857 40250.3702861 42204.8249493 44187.7263644 46202.7627337 48251.2615901 50335.381684 52457.4287403 54337.7723553 56241.8079413 58181.3753547 60157.5256085 61235.2272424 62352.8483438 63509.0214543 64705.2353335 65942.7281066 67222.9556526 68547.3202432 69917.3310646 71334.5068078 72800.4017709 73380.6412356 74628.0144365 75928.8213026 77284.9459571 78698.1721576 80170.3364406 81703.4251625 83299.4142865 84960.3566394 86688.3492686 88485.4741415 90355.8672033 92299.9905759 94320.3946331 96419.4706504 98599.6771899 100863.672068 103214.025644 105653.475125 108184.799531 111128.209081 114166.971954 117306.229074 120549.066386 123898.600315 127358.008495 129450.702927 131566.334205 133722.071397 135918.581185 138156.53998 140436.673416 142759.711349 145126.332894 147537.31084 149993.342598 152495.187194 154535.132071 156608.457886 158719.180923 160867.860094 163055.073742 165281.34076 167547.228408 169853.362039 172200.220963 175206.568706 178288.700317 181438.730055 184657.782065 187946.934535 191307.403818 194740.264931 198246.588116 201827.53437 205484.189162 209217.563835 213028.742776 216918.78142 220888.658271 224939.333121 229071.769515 233286.892011 237585.513476 241968.51052 246436.647518 246510.744182 246510.744182 246510.744182 246510.744182 246510.744182 246510.744182 246510.744182 246510.744182 246510.744182 246510.744182 246510.744182 246510.744182 246510.744182 246510.744182 246510.744182 246510.744182 246510.744182 246510.744182 246510.744182 246510.744182]"
"rev_pgm","[0 0 0 0.875 0.875 0.875 1.75 1.75 1.75 2.625 6.125 10.5 14 18.375 21.875 26.25 31.5 37.625 42.875 49 55.125 60.375 66.5 71.75 77.875 84 91.875 99.75 108.5 116.375 125.125 133 140.875 149.625 157.5 166.25 169.75 173.25 176.75 180.25 183.75 187.25 190.75 194.25 197.75 201.25 203 204.75 206.5 208.25 210 211.75 213.5 215.25 217 218.75 220.5 222.25 224 225.75 227.5 255.36875 283.2375 311.10625 338.975 366.84375 394.7125 422.58125 450.45 478.31875 506.1875 534.93125 563.675 592.41875 621.1625 649.90625 678.65 707.39375 736.1375 764.88125 793.625 790.125 786.625 783.125 779.625 2601.125 2601.125 2601.125 2601.125 2601.125 2601.125 2601.125 2601.125 2601.125 2601.125 2601.125 2601.125 2601.125 2601.125 2601.125 2601.125 2601.125 2601.125 2601.125 2601.125 2601.125 2601.125 2601.125 2601.125 2601.125 2601.125 2601.125 2601.125 2601.125 2601.125 1982.5 1982.5 1982.5 1982.5 1982.5 1982.5 1982.5 1982.5 1982.5 1982.5 1982.5 1982.5 1982.5 1982.5 1982.5 1982.5 1982.5 1982.5 1982.5 1982.5 1982.5 1982.5 1982.5 1982.5 1982.5 1982.5 1982.5 1982.5 1982.5 1982.5 1982.5 1982.5 1982.5 1982.5 1982.5 1982.5 1982.5 1982.5 1982.5 1982.5 1982.5 1982.5 1982.5 1982.5 1982.5 1982.5 1982.5 1982.5 1982.5 1982.5 1982.5 1982.5 1982.5 1982.5 1982.5 1982.5 1982.5 1982.5 1982.5 1982.5 1982.5 1982.5 1982.5 1982.5 1982.5 1982.5 1982.5 1982.5 1982.5 1982.5 1982.5 1982.5 1982.5 1982.5 1982.5 1982.5 1982.5 1982.5 1982.5 1982.5 1982.5 1982.5 1982.5 1982.5 1982.5 1982.5]"
"rev_reo","[0 0 0 0 0 0 0 0 0 0 0 0 0 0 0 0 0 0 0 0.000254072092583 0.000430350857412 0.000728934284685 0.00123467904274 0.0020913165132 0.00354230083652 0.00599999780569 0.0407161651814 0.276297889752 1.87479807145 1.87480203083 1.87480591258 1.87480971821 1.87481344923 1.87481710709 1.87482069322 1.87482420904 2.30813455025 2.84158038308 3.49829688538 4.30676165952 5.30202710461 6.52723643013 8.03548828263 9.89212968829 12.1775750106 14.9907705719 17.4764159373 20.3739535172 23.751551769 27.6886325888 32.2777195579 37.6265865655 43.8607545549 51.1263913721 59.593677887 69.4607128078 80.9580389802 94.3538855071 109.960232757 128.139821201 149.3142399 167.456375189 187.794159219 210.591279103 236.142607555 264.77777642 296.865131979 332.816105881 373.090036744 418.199478042 468.716027708 525.276713621 588.590966394 659.448206172 738.726062918 827.399239003 926.549007998 1037.373323 1161.19748017 1299.48524632 1453.85031116 1520.7339494 1590.65829413 1663.75883369 1740.17688232 1820.05981417 1903.56130529 1990.84158386 2082.06768878 2177.41373678 2277.06119818 2381.19918133 2490.02472595 2602.67423764 2718.87373196 2839.96273817 2966.11693805 3097.51511182 3234.33879042 3376.7718441 3525 3641.09443533 3760.69335464 3883.87802725 4010.72955131 4141.32862973 4275.75532258 4414.08877409 4556.40691192 4702.78611664 4853.3008589 5008.02330165 5167.02286467 5330.36574822 5498.11441282 5670.32701133 5847.05676979 6028.35131286 6214.25192956 6404.79277455 6600 6799.89081253 7004.47244952 7213.7410685 7427.68054278 7646.26115638 7869.43819023 8097.15039145 8329.31831686 8565.84254089 8806.6017178 9051.45048703 9300.21720983 9552.70152443 9808.67170595 10067.8618165 10329.9686297 10594.6483123 10861.5128452 11130.1261643 11400 11558.2352264 11716.5977836 11874.9614497 12033.1920869 12191.1472585 12348.6758296 12505.6175495 12661.8026159 12817.0512199 12971.1730709 13123.9669005 13275.2199449 13424.707404 13572.1918775 13717.4227757 13860.135705 14000.0518261 14136.8771848 14270.3020131 14400 14557.561516 14707.9326505 14850.3369098 14983.946765 15107.8807108 15221.2001609 15322.9061759 15411.9360111 15487.1594762 15547.3750966 15591.3060655 15617.5959764 15624.8043226 15611.4017533 15575.7650718 15516.1719631 15430.7954354 15317.6979614 15174.8253025 15000 15000 15000 15000 15000 15000 15000 15000 15000 15000 15000 15000 15000 15000 15000 15000 15000 15000 15000 15000 15000]"
"rev_total","[-2.58214623333 -2.07258333333 -2.07258333333 -0.835537383333 -0.299833333333 0.149041666667 1.83496261667 -0.858367183333 3.35154166667 4.97428761667 11.3276164167 21.0022873667 31.7994254667 45.4856623667 60.2943664167 78.7802873667 100.102958317 125.442754267 152.774458317 176.660176085 218.34241301 254.653490214 292.586450282 334.315636497 382.057995134 424.8637312 478.360496191 494.393341502 267.278190918 684.548983697 754.305080009 825.142014546 898.141122548 974.227268072 1051.79271637 1130.36194417 1160.43391182 1238.33888139 1310.95027281 1389.59704224 1470.47173848 1549.60243051 1618.14629178 1690.14096109 1760.99030982 1859.51707697 1942.62992966 2013.37516309 2084.58635934 2156.34383679 2228.7150738 2303.0701361 2380.08910606 2459.6171847 2544.61059516 2635.16544831 2728.62944149 2833.09259951 2949.84143141 3080.93625558 3229.45925462 3406.75241993 3601.17785015 4126.57197974 4407.83603796 4722.54961661 5075.20376505 5468.17407769 5904.86646023 6388.88748049 6923.68344406 7516.91055536 8171.12239244 8892.4786462 9687.37615728 10563.1821705 11527.6396704 12589.8817143 13759.8150904 15048.7491139 16469.1719535 17217.9202179 17944.8397537 18676.8856917 19414.9725214 22921.2723524 24616.1430721 26321.9109817 28039.8902359 29771.1823126 31517.1335906 33278.5928021 35056.8785115 36872.0736131 38731.0547002 40614.2834918 42522.6199496 44459.5957389 46426.3745169 48424.9434761 50457.4287403 52267.2425076 54098.2610162 55962.2364106 57860.1288985 58856.8130124 59890.5595171 60959.9001997 62066.219512 63210.6475931 64394.5285279 65619.1488513 66885.8979316 68196.1704162 69551.3921854 70017.0555745 71145.8121833 72323.8194521 73552.813991 74834.4268419 76170.3364406 77562.3654672 79012.3204363 80522.0787512 82093.5558486 83728.6456814 85431.2895499 87201.7480666 89042.36299 90955.3096234 92942.8229404 95007.3292844 97151.1593778 99376.8023413 101686.78036 104401.037759 107202.567448 110096.225373 113084.802454 116171.109683 119358.008495 121286.861698 123235.296253 125220.412507 127242.807015 129303.084623 131401.897933 133539.902275 135717.700713 137935.988427 140195.383627 142496.564518 144535.132071 146608.457886 148719.180923 150867.860094 153055.073742 155281.34076 157547.228408 159853.362039 162200.220963 165206.568706 168288.700317 171438.730055 174657.782065 177946.934535 181307.403818 184740.264931 188246.588116 191827.53437 195484.189162 199217.563835 203028.742776 206918.78142 210888.658271 214939.333121 219071.769515 223286.892011 227585.513476 231968.51052 236436.647518 236510.744182 236510.744182 236510.744182 236510.744182 236510.744182 236510.744182 236510.744182 236510.744182 236510.744182 236510.744182 236510.744182 236510.744182 236510.744182 236510.744182 236510.744182 236510.744182 236510.744182 236510.744182 236510.744182 236510.744182]"
"rp_25","[15000 15000 15000 15000 15000 15000 15000 15000 15000 15000 15000 15000 15000 15000 15000 15000 15000 15000 15000 14999.9997384 14999.9995656 14999.9992786 14999.998802 14999.9980107 14999.9966965 14999.9945142 14999.9635032 14999.7571874 14998.3845716 14998.4162466 14998.4473006 14998.4777457 14998.5075938 14998.5368567 14998.5655458 14998.5936723 14998.3025564 14997.9511783 14997.5270633 14997.0151547 14996.3972788 14995.6514999 14994.7513416 14993.6648466 14992.3534424 14990.7705719 14989.4502715 14987.9410976 14986.2160314 14984.2441888 14981.9902675 14979.4139152 14976.4690071 14973.1028201 14969.2550888 14964.8569267 14959.8295929 14954.0830822 14947.514514 14940.0062903 14931.42399 14924.5651483 14917.0202984 14908.7208269 14899.5912581 14889.5485673 14878.5014257 14866.3493701 14852.981889 14838.277418 14822.1022338 14804.3092386 14784.7366219 14763.2063895 14739.5227443 14713.470306 14684.8121526 14653.2876653 14618.610159 14580.4642746 14538.5031116 14526.341205 14513.8587935 14501.0474309 14487.8984482 14474.4029482 14460.5517989 14446.3356279 14431.7448157 14416.7694894 14401.3995157 14385.6244944 14369.4337514 14346.9243274 14316.3079864 14284.2563441 14250.7021133 14215.5748523 14178.8008171 14140.3028064 14100 14068.2615685 14035.4038837 14001.3874751 13966.1714805 13929.7135965 13891.970028 13852.8954354 13812.4428803 13770.5637689 13727.2077939 13682.3228736 13635.8550901 13587.7486238 13537.9456866 13486.3864525 13433.0089861 13377.7491673 13320.5406152 13261.3146079 13200 13115.615577 13027.2751925 12934.79339 12837.9760188 12736.6198266 12630.5120322 12519.4298795 12403.1401694 12281.3987703 12153.9501058 12020.5266181 11880.8482058 11734.6216368 11581.5399318 11421.2817205 11253.5105667 11077.8742617 10894.0040855 10701.5140322 10500 10500 10500 10500 10500 10500 10500 10500 10500 10500 10500 10500 10500 10500 10500 10500 10500 10500 10500 10500 10500 10500 10500 10500 10500 10500 10500 10500 10500 10500 10500 10500 10500 10500 10500 10500 10500 10500 10500 10500 10500 10500 10500 10500 10500 10500 10500 10500 10500 10500 10500 10500 10500 10500 10500 10500 10500 10500 10500 10500 10500]"
"rr_25","[0 0 0 0 0 0 0 0 0 0 0 0 0 0 0 0 0 0 0 0.000254072092583 0.000430350857412 0.000728934284685 0.00123467904274 0.0020913165132 0.00354230083652 0.00599999780569 0.0407161651814 0.276297889752 1.87479807145 1.87480203083 1.87480591258 1.87480971821 1.87481344923 1.87481710709 1.87482069322 1.87482420904 2.30813455025 2.84158038308 3.49829688538 4.30676165952 5.30202710461 6.52723643013 8.03548828263 9.89212968829 12.1775750106 14.9907705719 17.4764159373 20.3739535172 23.751551769 27.6886325888 32.2777195579 37.6265865655 43.8607545549 51.1263913721 59.593677887 69.4607128078 80.9580389802 94.3538855071 109.960232757 128.139821201 149.3142399 167.456375189 187.794159219 210.591279103 236.142607555 264.77777642 296.865131979 332.816105881 373.090036744 418.199478042 468.716027708 525.276713621 588.590966394 659.448206172 738.726062918 827.399239003 926.549007998 1037.373323 1161.19748017 1299.48524632 1453.85031116 1520.7339494 1590.65829413 1663.75883369 1740.17688232 1820.05981417 1903.56130529 1990.84158386 2082.06768878 2177.41373678 2277.06119818 2381.19918133 2490.02472595 2602.67423764 2718.87373196 2839.96273817 2966.11693805 3097.51511182 3234.33879042 3376.7718441 3525 3641.09443533 3760.69335464 3883.87802725 4010.72955131 4141.32862973 4275.75532258 4414.08877409 4556.40691192 4702.78611664 4853.3008589 5008.02330165 5167.02286467 5330.36574822 5498.11441282 5670.32701133 5847.05676979 6028.35131286 6214.25192956 6404.79277455 6600 6865.23935858 7138.67470731 7420.28355782 7710.00333954 8007.72577555 8313.29063541 8626.47880135 8947.00457765 9274.50716648 9608.54122563 9948.56641541 10293.9358327 10643.8832204 10997.5088292 11353.7637967 11711.432896 12069.1154909 12425.2045188 12777.863306 13125 13125 13125 13125 13125 13125 13125 13125 13125 13125 13125 13125 13125 13125 13125 13125 13125 13125 13125 13125 13125 13125 13125 13125 13125 13125 13125 13125 13125 13125 13125 13125 13125 13125 13125 13125 13125 13125 13125 13125 13125 13125 13125 13125 13125 13125 13125 13125 13125 13125 13125 13125 13125 13125 13125 13125 13125 13125 13125 13125 13125]"
"rv_25","[-2.58214623333 -2.07258333333 -2.07258333333 -0.835537383333 -0.299833333333 0.149041666667 1.83496261667 -0.858367183333 3.35154166667 4.97428761667 11.3276164167 21.0022873667 31.7994254667 45.4856623667 60.2943664167 78.7802873667 100.102958317 125.442754267 152.774458317 176.660176085 218.34241301 254.653490214 292.586450282 334.315636497 382.057995134 424.8637312 478.360496191 494.393341502 267.278190918 684.548983697 754.305080009 825.142014546 898.141122548 974.227268072 1051.79271637 1130.36194417 1162.45329072 1238.43365244 1311.04365401 1389.68903359 1470.56233998 1549.69164216 1620.07837138 1690.31382499 1762.94627812 1856.38207697 1942.62992966 2013.37516309 2084.58635934 2156.34383679 2228.7150738 2303.0701361 2380.08910606 2459.6171847 2544.61059516 2635.16544831 2728.62944149 2833.09259951 2949.84143141 3080.93625558 3229.45925462 3406.75241993 3601.17785015 4126.57197974 4407.83603796 4722.54961661 5075.20376505 5468.17407769 5904.86646023 6388.88748049 6923.68344406 7516.91055536 8171.12239244 8892.4786462 9687.37615728 10563.1821705 11527.6396704 12589.8817143 13759.8150904 15048.7491139 16469.1719535 17217.9202179 17944.8397537 18676.8856917 19414.9725214 22921.2723524 24616.1430721 26321.9109817 28039.8902359 29771.1823126 31517.1335906 33278.5928021 35056.8785115 36872.0736131 38731.0547002 40614.2834918 42522.6199496 44459.5957389 46426.3745169 48424.9434761 50457.4287403 52267.2425076 54098.2610162 55962.2364106 57860.1288985 58856.792439 59890.5585374 60959.89922 62066.2185323 63210.6466134 64394.5275764 65619.1478998 66885.8969801 68196.1694648 69551.391234 70017.0546231 71145.8112318 72323.8185006 73552.8130395 74834.4258905 76170.3354891 78114.6643229 80171.0252006 82334.0261866 84608.239083 86998.2292179 89511.4504572 92150.6489709 94921.2254448 97828.6293422 100878.511204 104076.714542 107429.221403 110942.34547 114622.42048 118793.481105 123141.462631 127676.508916 132405.826874 137336.69818 142476.707658 142541.707199 142541.677324 142541.648218 142541.615685 142541.581909 142541.550444 142541.516435 142541.481037 142541.445985 142541.411795 142541.375554 142541.338217 142541.300417 142541.259191 142541.220218 142541.18086 142541.137386 142541.096351 142541.055 142541.009486 142540.808882 142540.746542 142540.680565 142540.618344 142540.550158 142540.482955 142540.412219 142540.339454 142540.265928 142540.190631 142540.113862 142540.032838 142539.952889 142539.866897 142539.780778 142539.693213 142539.602227 142539.510995 142539.413625 142539.316837 142540.472398 142540.472398 142540.472398 142540.472398 142540.472398 142540.472398 142540.472398 142540.472398 142540.472398 142540.472398 142540.472398 142540.472398 142540.472398 142540.472398 142540.472398 142540.472398 142540.472398 142540.472398 142540.472398 142540.472398]"
"saved",3
"scc",190
"sentinel_needed","[0 0 0 0 0 0 0 0 0 0 0 0 0 0 0 0 0 0 0 1 1 1 1 1 1 1 1 1 1 1 1 1 1 1 1 1 1 1 1 1 1 1 1 2 2 2 2 3 3 4 4 5 5 6 7 8 10 11 13 15 17 19 21 24 27 30 34 38 42 47 53 60 67 75 84 94 106 118 133 149 167 175 183 192 201 210 220 230 241 252 264 276 289 303 317 332 347 364 381 399 417 432 447 463 479 496 513 532 550 570 590 611 632 654 677 701 726 752 778 805 834 863 894 925 958 992 1026 1063 1100 1139 1179 1221 1264 1308 1354 1402 1451 1503 1556 1610 1667 1701 1736 1772 1808 1845 1883 1921 1961 2001 2042 2084 2126 2170 2214 2260 2306 2353 2401 2450 2501 2565 2632 2700 2769 2841 2915 2990 3067 3147 3228 3311 3397 3485 3575 3668 3763 3860 3960 4062 4167 4167 4167 4167 4167 4167 4167 4167 4167 4167 4167 4167 4167 4167 4167 4167 4167 4167 4167 4167 4167]"
"sf_25","[0 0 0 0 0 0 0 0 0 0 0 0 0 0 0 0 0 0 0 2.90671504317e-08 4.82689664341e-08 8.01555393635e-08 1.33106444271e-07 2.21036819752e-07 3.67054171972e-07 6.09530870528e-07 4.05519934515e-06 2.69791777972e-05 0.00017949204778 0.000175972595862 0.000172522152806 0.000169139365496 0.000165822907349 0.000162571477793 0.000159383801758 0.000156258629175 0.000188604841515 0.000227646859766 0.000274770744722 0.00033164947776 0.00040030235464 0.000483166674082 0.000583184266187 0.000703905932614 0.000849617506332 0.00102549200627 0.00117219205727 0.00133987803972 0.00153155206111 0.0017506456904 0.00200108139392 0.00228734275991 0.00261455476883 0.00298857554672 0.00341610124406 0.00390478591797 0.00446337856401 0.00510187975068 0.00583172066119 0.00666596774758 0.00761955666148 0.00838165018409 0.00921996684712 0.0101421303436 0.011156526874 0.0122723814104 0.0134998415889 0.014850069993 0.0163353456665 0.0179691757796 0.0197664184641 0.0217434179335 0.0239181531186 0.0263104011685 0.028941917305 0.0318366326658 0.0350208719352 0.0385235927422 0.0423766490027 0.0466150806005 0.0512774320417 0.0526287550047 0.0540156896136 0.0554391743481 0.0569001724201 0.0583996724249 0.0599386890105 0.0615182635643 0.0631394649172 0.0648033900675 0.0665111649227 0.0682639450616 0.0700629165162 0.0725639636275 0.0759657792932 0.0795270728767 0.0832553207402 0.0871583497396 0.0912443536555 0.0955219103952 0.1 0.103526492384 0.107177346254 0.110956947207 0.1148698355 0.1189207115 0.123114441334 0.127456062732 0.131950791077 0.136604025675 0.141421356237 0.146408569595 0.151571656651 0.156916819579 0.162450479271 0.168179283051 0.174110112659 0.180250092522 0.186606598307 0.193187265785 0.2 0.209376046995 0.219191645277 0.229467401113 0.240224886796 0.251486685937 0.263276440867 0.275618902279 0.288539981181 0.302066803299 0.316227766017 0.331052597994 0.346572421578 0.362819818138 0.379828896466 0.397635364384 0.416276603701 0.435791748698 0.456221768278 0.477609551976 0.5 0.5 0.5 0.5 0.5 0.5 0.5 0.5 0.5 0.5 0.5 0.5 0.5 0.5 0.5 0.5 0.5 0.5 0.5 0.5 0.5 0.5 0.5 0.5 0.5 0.5 0.5 0.5 0.5 0.5 0.5 0.5 0.5 0.5 0.5 0.5 0.5 0.5 0.5 0.5 0.5 0.5 0.5 0.5 0.5 0.5 0.5 0.5 0.5 0.5 0.5 0.5 0.5 0.5 0.5 0.5 0.5 0.5 0.5 0.5 0.5]"
"sinter.mass_kg",2200
"sinter_needed_build","[0 0 0 0 0 0 0 0 0 0 0 0 0 0 0 0 0 0 0 1 0 0 0 0 0 0 1 1 1 0 0 0 0 0 0 0 1 1 1 1 1 1 1 1 1 1 1 1 1 2 2 2 2 3 3 3 4 4 5 6 6 6 6 7 8 9 10 11 12 13 15 17 19 21 23 26 29 33 36 41 46 20 21 22 23 24 25 26 27 29 30 31 33 34 36 38 39 41 43 45 47 37 39 40 41 43 44 46 47 49 51 52 54 56 58 60 62 64 67 69 71 74 77 79 82 85 88 91 94 97 101 104 108 112 116 120 124 128 133 138 142 86 88 89 91 93 95 97 99 101 103 105 107 109 112 114 116 119 121 123 126 162 166 171 175 180 184 189 194 199 204 209 215 220 226 232 238 244 250 257 263 0 0 0 0 0 0 0 0 0 0 0 0 0 0 0 0 0 0 0 0]"
"skip.propellant_yr",83000
"skip.count",8
"skip_active","[0 0 0 0 0 0 0 8 8 8 8 8 8 8 8 8 8 8 8 8 8 8 8 8 8 8 8 8 8 8 8 8 8 8 8 8 7.2 6.4 5.6 4.8 4 3.2 2.4 1.6 0.8 0 0 0 0 0 0 0 0 0 0 0 0 0 0 0 0 0 0 0 0 0 0 0 0 0 0 0 0 0 0 0 0 0 0 0 0 0 0 0 0 0 0 0 0 0 0 0 0 0 0 0 0 0 0 0 0 0 0 0 0 0 0 0 0 0 0 0 0 0 0 0 0 0 0 0 0 0 0 0 0 0 0 0 0 0 0 0 0 0 0 0 0 0 0 0 0 0 0 0 0 0 0 0 0 0 0 0 0 0 0 0 0 0 0 0 0 0 0 0 0 0 0 0 0 0 0 0 0 0 0 0 0 0 0 0 0 0 0 0 0 0 0 0 0 0 0 0 0 0 0 0 0 0 0 0 0]"
"spa_msr_count","[0 0 0 0 0 0 0 0 0 0 0 0 0 0 0 0 0 0 0 0 0 0 0 0 0 0 0 0 0 0 0 0 0 0 0 0 0 0 0 0 0 0 0 0 0 0 0 0 0 0 0 0 0 0 0 0 0 0 0 0 0 0 0 0 0 0 0 0 0 0 0 0 0 0 0 0 0 0 0 0 0 0 0 0 0 0 0 0 0 0 0 0 0 0 0 0 0 0 0 0 0 0 0 0 0 1 1 1 1 1 1 1 1 1 1 1 1 1 1 1 1 1 1 1 1 2 2 2 2 2 2 2 2 2 2 2 2 2 2 2 3 3 3 3 3 3 3 3 3 3 3 3 3 3 3 3 3 3 3 3 3 3 3 3 3 3 3 3 3 3 3 3 3 3 3 3 3 3 3 3 3 3 3 3 3 3 3 3 3 3 3 3 3 3 3 3 3 3 3 3 3]"
"stype_reduction",0.022
"supply_frac","[0 0 0 0 0 0 0 0 0 0 0 0 0 0 0 0 0 0 0 2.90671504317e-08 4.82689664341e-08 8.01555393635e-08 1.33106444271e-07 2.21036819752e-07 3.67054171972e-07 6.09530870528e-07 4.05519934515e-06 2.69791777972e-05 0.00017949204778 0.000175972595862 0.000172522152806 0.000169139365496 0.000165822907349 0.000162571477793 0.000159383801758 0.000156258629175 0.000188604841515 0.000227646859766 0.000274770744722 0.00033164947776 0.00040030235464 0.000483166674082 0.000583184266187 0.000703905932614 0.000849617506332 0.00102549200627 0.00117219205727 0.00133987803972 0.00153155206111 0.0017506456904 0.00200108139392 0.00228734275991 0.00261455476883 0.00298857554672 0.00341610124406 0.00390478591797 0.00446337856401 0.00510187975068 0.00583172066119 0.00666596774758 0.00761955666148 0.00838165018409 0.00921996684712 0.0101421303436 0.011156526874 0.0122723814104 0.0134998415889 0.014850069993 0.0163353456665 0.0179691757796 0.0197664184641 0.0217434179335 0.0239181531186 0.0263104011685 0.028941917305 0.0318366326658 0.0350208719352 0.0385235927422 0.0423766490027 0.0466150806005 0.0512774320417 0.0526287550047 0.0540156896136 0.0554391743481 0.0569001724201 0.0583996724249 0.0599386890105 0.0615182635643 0.0631394649172 0.0648033900675 0.0665111649227 0.0682639450616 0.0700629165162 0.0725639636275 0.0759657792932 0.0795270728767 0.0832553207402 0.0871583497396 0.0912443536555 0.0955219103952 0.1 0.103526492384 0.107177346254 0.110956947207 0.1148698355 0.1189207115 0.123114441334 0.127456062732 0.131950791077 0.136604025675 0.141421356237 0.146408569595 0.151571656651 0.156916819579 0.162450479271 0.168179283051 0.174110112659 0.180250092522 0.186606598307 0.193187265785 0.2 0.207052984768 0.214354692507 0.221913894414 0.229739670999 0.237841423001 0.246228882669 0.254912125464 0.263901582155 0.273208051351 0.282842712475 0.292817139189 0.303143313302 0.313833639159 0.324900958542 0.336358566101 0.348220225318 0.360500185044 0.373213196615 0.38637453157 0.4 0.40819206146 0.416551897597 0.425082944463 0.433788708479 0.44267276788 0.451738774183 0.460990453687 0.47043160901 0.480066120644 0.489897948557 0.499931133816 0.51016980025 0.520618156147 0.531280495977 0.542161202166 0.553264746889 0.564595693914 0.576158700475 0.587958519188 0.6 0.615522152724 0.631445867489 0.647781532809 0.664539805949 0.68173161988 0.699368190414 0.717461023517 0.736021922818 0.755062997308 0.774596669241 0.79463568224 0.815193109606 0.83628236285 0.857917200444 0.880111736793 0.902880451447 0.926238198545 0.950200216506 0.97478213797 1 1 1 1 1 1 1 1 1 1 1 1 1 1 1 1 1 1 1 1 1]"
"tanker_ratio","[14 14 14 14 14 14 14 14 14 14 14 14 14 14 14 14 14 14 14 14 14 14 14 14 14 8 8 8 8 8 8 8 8 8 8 8 8 8 8 8 8 8 8 8 8 5 5 5 5 5 5 5 5 5 5 5 5 5 5 5 5 5 5 5 5 5 5 5 5 5 5 5 5 5 5 5 5 5 5 5 5 5 5 5 5 5 5 5 5 5 5 5 5 5 5 5 5 5 5 5 5 5 5 5 5 5 5 5 5 5 5 5 5 5 5 5 5 5 5 5 5 5 5 5 5 5 5 5 5 5 5 5 5 5 5 5 5 5 5 5 5 5 5 5 5 5 5 5 5 5 5 5 5 5 5 5 5 5 5 5 5 5 5 5 5 5 5 5 5 5 5 5 5 5 5 5 5 5 5 5 5 5 5 5 5 5 5 5 5 5 5 5 5 5 5 5 5 5 5 5 5]"
"tier3_frac","[0 0 0 0 0 0 0 0 0 0 0 0 0 0 0 0 0 0 0 0 0 0 0 0 0 0 0 0 0 0 0 0 0 0 0 0 0 0 0 0 0 0.01 0.02 0.03 0.04 0.05 0.06 0.07 0.08 0.09 0.1 0.11 0.12 0.13 0.14 0.15 0.16 0.17 0.18 0.19 0.2 0.21 0.22 0.23 0.24 0.25 0.26 0.27 0.28 0.29 0.3 0.31 0.32 0.33 0.34 0.35 0.36 0.37 0.38 0.39 0.4 0.41 0.42 0.43 0.44 0.45 0.46 0.47 0.48 0.49 0.5 0.51 0.52 0.53 0.54 0.55 0.55 0.55 0.55 0.55 0.55 0.55 0.55 0.55 0.55 0.55 0.55 0.55 0.55 0.55 0.55 0.55 0.55 0.55 0.55 0.55 0.55 0.55 0.55 0.55 0.55 0.55 0.55 0.55 0.55 0.55 0.55 0.55 0.55 0.55 0.55 0.55 0.55 0.55 0.55 0.55 0.55 0.55 0.55 0.55 0.55 0.55 0.55 0.55 0.55 0.55 0.55 0.55 0.55 0.55 0.55 0.55 0.55 0.55 0.55 0.55 0.55 0.55 0.55 0.55 0.55 0.55 0.55 0.55 0.55 0.55 0.55 0.55 0.55 0.55 0.55 0.55 0.55 0.55 0.55 0.55 0.55 0.55 0.55 0.55 0.55 0.55 0.55 0.55 0.55 0.55 0.55 0.55 0.55 0.55 0.55 0.55 0.55 0.55 0.55 0.55 0.55 0.55 0.55 0.55 0.55]"
"tl_25","[4.94190666667 3.96666666667 3.96666666667 4.13284666667 3.96666666667 3.96666666667 4.13284666667 11.0057266667 4.66666666667 5.81284666667 6.36556666667 6.53174666667 6.31138666667 6.53174666667 6.36556666667 5.13174666667 5.29792666667 5.46410666667 5.29792666667 19.4180886667 5.49068286667 5.32429706667 9.74445126667 9.52388546667 5.48985966667 16.9289450667 18.4938230667 101.765113867 676.083458667 4.23266666667 4.31095866667 4.13741066667 4.12074266667 4.16807466667 3.99452666667 8.15345866667 101.643207867 103.662124267 112.598736667 107.707942667 97.2162646667 91.3454297299 105.946858286 124.062736552 139.937568574 110.92480527 83.8475156264 92.9363701174 99.5779022995 105.817690636 111.694300781 116.254647067 119.494431342 123.236977232 121.876414551 116.939485614 137.281138508 158.226218181 183.003694484 213.471625175 248.516652484 216.652214362 241.307307953 272.447610378 301.859109356 339.836281562 379.051436265 424.160604431 474.38106727 530.55780579 600.183779785 664.670002693 743.066054136 831.607139566 931.560656468 1040.87170892 1165.12822021 1302.94771044 1458.64257821 1632.32618568 1828.32081799 871.855777722 912.255064208 953.072859347 996.248303453 1044.15952372 1087.92414193 1138.15389582 1188.7155773 1243.63335864 1299.66561475 1357.64180383 1419.89359241 1483.76700305 1551.83115991 1622.36067931 1730.47634623 1812.02577488 1896.61245656 1985.55675394 2078.23003783 1728.93477725 1790.72816282 1852.84423873 1918.86731671 1989.13414948 1957.25707432 1926.06677199 1887.57389175 1845.72264889 1797.75526567 1744.64832539 1685.00754105 1618.84701769 1546.63589337 1468.77155519 1518.48517507 1572.96689377 1627.81157478 1684.51496685 1744.66070331 2218.30543421 2322.10554363 2430.58122875 2543.25369113 2666.43615493 2702.56971814 2741.12990059 2776.95123489 2810.08827686 2840.09151036 2866.40643696 2890.52641885 2908.64731033 2923.61405419 2932.42148291 3069.19072013 3212.96588474 3362.35401782 3520.06264938 3683.91739715 1195.89668767 1197.04023833 1198.15434867 1199.39962833 1200.692487 1201.89686567 1203.19865833 1204.553606 1205.89530067 1207.20403433 1208.591248 1210.02038467 1211.46728333 1213.04532033 1214.537119 1216.04365367 1217.70769667 1219.27842433 1220.861258 1222.603421 1230.282034 1232.66824233 1235.193677 1237.57534733 1240.185347 1242.75768733 1245.465311 1248.25055867 1251.06495733 1253.947128 1256.88564667 1259.98706967 1263.04730033 1266.33887733 1269.63528833 1272.98705433 1276.46979233 1279.96192133 1283.68899167 1287.39380467 1243.16180467 1243.16180467 1243.16180467 1243.16180467 1243.16180467 1243.16180467 1243.16180467 1243.16180467 1243.16180467 1243.16180467 1243.16180467 1243.16180467 1243.16180467 1243.16180467 1243.16180467 1243.16180467 1243.16180467 1243.16180467 1243.16180467 1243.16180467]"
"total_ir","[0 0 0 0.002625 0.002625 0.002625 0.00525 0.00525 0.00525 0.007875 0.018375 0.0315 0.042 0.055125 0.065625 0.07875 0.0945 0.112875 0.128625 0.147 0.165375 0.181125 0.1995 0.21525 0.233625 0.252 0.275625 0.29925 0.3255 0.349125 0.375375 0.399 0.422625 0.448875 0.4725 0.49875 0.50925 0.51975 0.53025 0.54075 0.55125 0.56175 0.57225 0.58275 0.59325 0.60375 0.609 0.61425 0.6195 0.62475 0.63 0.63525 0.6405 0.64575 0.651 0.65625 0.6615 0.66675 0.672 0.67725 0.6825 0.76610625 0.8497125 0.93331875 1.016925 1.10053125 1.1841375 1.26774375 1.35135 1.43495625 1.5185625 1.60479375 1.691025 1.77725625 1.8634875 1.94971875 2.03595 2.12218125 2.2084125 2.29464375 2.380875 2.370375 2.359875 2.349375 2.338875 7.803375 7.803375 7.803375 7.803375 7.803375 7.803375 7.803375 7.803375 7.803375 7.803375 7.803375 7.803375 7.803375 7.803375 7.803375 7.803375 7.803375 7.803375 7.803375 7.803375 7.803375 7.803375 7.803375 7.803375 7.803375 7.803375 7.803375 7.803375 7.803375 7.803375 5.9475 5.9475 5.9475 5.9475 5.9475 5.9475 5.9475 5.9475 5.9475 5.9475 5.9475 5.9475 5.9475 5.9475 5.9475 5.9475 5.9475 5.9475 5.9475 5.9475 5.9475 5.9475 5.9475 5.9475 5.9475 5.9475 5.9475 5.9475 5.9475 5.9475 5.9475 5.9475 5.9475 5.9475 5.9475 5.9475 5.9475 5.9475 5.9475 5.9475 5.9475 5.9475 5.9475 5.9475 5.9475 5.9475 5.9475 5.9475 5.9475 5.9475 5.9475 5.9475 5.9475 5.9475 5.9475 5.9475 5.9475 5.9475 5.9475 5.9475 5.9475 5.9475 5.9475 5.9475 5.9475 5.9475 5.9475 5.9475 5.9475 5.9475 5.9475 5.9475 5.9475 5.9475 5.9475 5.9475 5.9475 5.9475 5.9475 5.9475 5.9475 5.9475 5.9475 5.9475 5.9475 5.9475]"
"total_launches","[4.94190666667 3.96666666667 3.96666666667 4.13284666667 3.96666666667 3.96666666667 4.13284666667 11.0057266667 4.66666666667 5.81284666667 6.36556666667 6.53174666667 6.31138666667 6.53174666667 6.36556666667 5.13174666667 5.29792666667 5.46410666667 5.29792666667 19.4180886667 5.49068286667 5.32429706667 9.74445126667 9.52388546667 5.48985966667 16.9289450667 18.4938230667 101.765113867 676.083458667 4.23266666667 4.31095866667 4.13741066667 4.12074266667 4.16807466667 3.99452666667 8.15345866667 105.843207867 103.862124267 112.798736667 107.907942667 97.4162646667 91.5454297299 110.346858286 124.462736552 144.537568574 103.42480527 83.8475156264 92.9363701174 99.5779022995 105.817690636 111.694300781 116.254647067 119.494431342 123.236977232 121.876414551 116.939485614 137.281138508 158.226218181 183.003694484 213.471625175 248.516652484 216.652214362 241.307307953 272.447610378 301.859109356 339.836281562 379.051436265 424.160604431 474.38106727 530.55780579 600.183779785 664.670002693 743.066054136 831.607139566 931.560656468 1040.87170892 1165.12822021 1302.94771044 1458.64257821 1632.32618568 1828.32081799 871.855777722 912.255064208 953.072859347 996.248303453 1044.15952372 1087.92414193 1138.15389582 1188.7155773 1243.63335864 1299.66561475 1357.64180383 1419.89359241 1483.76700305 1551.83115991 1622.36067931 1730.47634623 1812.02577488 1896.61245656 1985.55675394 2078.23003783 1728.93477725 1790.72816282 1852.84423873 1918.86731671 1988.34664948 1957.21957432 1926.02927199 1887.53639175 1845.68514889 1797.71884567 1744.61190539 1684.97112105 1618.81059769 1546.59947337 1468.73513519 1518.44875507 1572.93047377 1627.77515478 1684.47854685 1744.62428331 1806.21844883 1869.87111497 1935.50508847 2003.65380942 2077.77905495 2085.11970084 2095.98394037 2103.23649751 2108.36533738 2112.858376 2113.19230338 2111.84524591 2107.59800319 2100.35266853 2089.83137839 2163.99834014 2240.67311655 2319.14893923 2400.3777967 2485.79923062 1893.69171991 1932.84556795 1972.04950876 2012.09046567 2053.70924889 2096.08672513 2138.56371053 2182.74192701 2226.95275857 2272.72430774 2319.5331269 2366.45242978 2415.11149786 2464.77850026 2515.37532185 2566.1847699 2618.85816555 2673.27614052 2727.16303372 2783.88658293 3211.46218488 3295.05907688 3380.06792132 3466.94531666 3557.78520106 3649.20291816 3742.95993133 3840.65737311 3939.99466159 4041.04277025 4146.09315638 4253.91944308 4363.56966972 4476.08283445 4592.1322601 4711.02880716 4832.21077019 4957.87085794 5086.07475697 5217.31989394 2381.08393667 2381.08393667 2381.08393667 2381.08393667 2381.08393667 2381.08393667 2381.08393667 2381.08393667 2381.08393667 2381.08393667 2381.08393667 2381.08393667 2381.08393667 2381.08393667 2381.08393667 2381.08393667 2381.08393667 2381.08393667 2381.08393667 2381.08393667]"
"total_pgm","[0 0 0 0.0175 0.0175 0.0175 0.035 0.035 0.035 0.0525 0.1225 0.21 0.28 0.3675 0.4375 0.525 0.63 0.7525 0.8575 0.98 1.1025 1.2075 1.33 1.435 1.5575 1.68 1.8375 1.995 2.17 2.3275 2.5025 2.66 2.8175 2.9925 3.15 3.325 3.395 3.465 3.535 3.605 3.675 3.745 3.815 3.885 3.955 4.025 4.06 4.095 4.13 4.165 4.2 4.235 4.27 4.305 4.34 4.375 4.41 4.445 4.48 4.515 4.55 5.107375 5.66475 6.222125 6.7795 7.336875 7.89425 8.451625 9.009 9.566375 10.12375 10.698625 11.2735 11.848375 12.42325 12.998125 13.573 14.147875 14.72275 15.297625 15.8725 15.8025 15.7325 15.6625 15.5925 52.0225 52.0225 52.0225 52.0225 52.0225 52.0225 52.0225 52.0225 52.0225 52.0225 52.0225 52.0225 52.0225 52.0225 52.0225 52.0225 52.0225 52.0225 52.0225 52.0225 52.0225 52.0225 52.0225 52.0225 52.0225 52.0225 52.0225 52.0225 52.0225 52.0225 39.65 39.65 39.65 39.65 39.65 39.65 39.65 39.65 39.65 39.65 39.65 39.65 39.65 39.65 39.65 39.65 39.65 39.65 39.65 39.65 39.65 39.65 39.65 39.65 39.65 39.65 39.65 39.65 39.65 39.65 39.65 39.65 39.65 39.65 39.65 39.65 39.65 39.65 39.65 39.65 39.65 39.65 39.65 39.65 39.65 39.65 39.65 39.65 39.65 39.65 39.65 39.65 39.65 39.65 39.65 39.65 39.65 39.65 39.65 39.65 39.65 39.65 39.65 39.65 39.65 39.65 39.65 39.65 39.65 39.65 39.65 39.65 39.65 39.65 39.65 39.65 39.65 39.65 39.65 39.65 39.65 39.65 39.65 39.65 39.65 39.65]"
"tug_fleet","[0 0 0 0 0 0 0 0 0 0 0 0 0 0 0 0 0 0 0 0 0 0 0 0 0 0 0 0 0 0 0 0 0 0 0 0 0 0 0 0 0 0 0 0 0 0 0 0 0 0 0 0 0 0 0 0 0 0 0 0 0 0 0 0 0 2 2 2 2 2 2 2 2 2 2 2 2 2 2 2 2 2 2 2 2 3 3 3 3 3 3 3 3 3 3 3 3 3 3 3 3 3 3 3 3 5 5 5 5 5 5 5 5 5 5 5 5 5 5 5 5 5 5 5 5 5 5 5 5 5 5 5 5 5 5 5 5 5 5 5 5 5 5 5 5 5 5 5 5 5 5 5 5 5 5 5 5 5 5 5 5 5 5 5 5 5 5 5 5 5 5 5 5 5 5 5 5 5 5 5 5 5 5 5 5 5 5 5 5 5 5 5 5 5 5 5 5 5 5 5 5]"
"tug_life",20
"tug_mass_kg",50000
"txc","[0.7 0.8 0.9]"
"y",200
"y0",140
"y1",200
