key,value,source,comparable
CIRCUIT_DESIGN,3,octave_8_4_only(matlab_v2.0_dropped),yes
N,201,matlab_r2025a;octave_agrees,yes
active_armc,20,matlab_r2025a;octave_agrees,yes
active_sinter,50,matlab_r2025a;octave_agrees,yes
armc.mass_kg,1500,matlab_r2025a;octave_agrees,yes
axc,[0.05 0.08 0.12],matlab_r2025a;octave_agrees,yes
baseline_npv,-0.49099449094,matlab_r2025a;octave_agrees,yes
be_total,"zeros(1,0)",matlab_r2025a;octave_agrees,yes
can.earth_kg,28,matlab_r2025a;octave_agrees,yes
can.reo_payload_t,3.5,matlab_r2025a;octave_agrees,yes
cargo_construction_fleet,[10.3333333333 10.3333333333 10.3333333333 10.3333333333 10.3333333333 10.3333333333 10.3333333333 10.3333333333 10.3333333333 10.3333333333 10.3333333333 10.3333333333 10.3333333333 10.3333333333 10.3333333333 10.3333333333 10.3333333333 10.3333333333 10.3333333333 14.3713333333 10.3413333333 10.3413333333 10.3413333333 10.3413333333 10.3413333333 10.3413333333 14.0413333333 14.0413333333 14.2913333333 10.3413333333 10.3413333333 10.3413333333 10.3413333333 10.3413333333 10.3413333333 10.3413333333 14.2913333333 14.0413333333 14.2913333333 14.0413333333 14.2913333333 14.2913333333 14.5413333333 14.3793333333 14.5493333333 14.5493333333 14.5493333333 14.6373333333 14.8073333333 17.0953333333 17.0153333333 17.3533333333 17.5233333333 19.8113333333 20.0693333333 21.8273333333 24.3733333333 24.5513333333 27.3473333333 31.3133333333 31.8293333333 31.3453333333 31.3613333333 34.4153333333 36.6393333333 40.8633333333 43.6753333333 47.9073333333 50.8893333333 54.9593333333 60.4873333333 67.0233333333 73.7293333333 81.0233333333 87.8253333333 97.0853333333 106.691333333 118.337333333 129.797333333 145.505333333 161.809333333 74.1233333333 78.1373333333 80.4893333333 83.0113333333 87.0333333333 89.1433333333 93.1733333333 95.7913333333 101.779333333 104.155333333 107.951333333 112.785333333 116.427333333 122.689333333 127.289333333 138.109333333 145.055333333 151.591333333 156.965333333 163.759333333 132.139333333 138.659333333 141.567333333 145.895333333 150.761333333 155.347333333 162.059333333 165.073333333 171.793333333 178.65 181.994666667 189.006 196.355333333 203.712666667 209.428 216.801333333 224.182666667 234.080666667 241.22 248.955333333 258.877333333 268.975333333 276.316666667 286.680666667 296.472666667 306.684666667 318.560666667 328.796666667 339.208666667 353.295333333 363.981333333 378.342 391.060666667 405.775333333 418.856 433.514666667 448.357333333 463.994666667 481.04 496.172666667 306.641333333 312.444666667 317.309333333 324.440666667 332.16 337.737333333 344.884666667 352.708 359.871333333 365.972666667 373.232 380.911333333 388.516666667 398.308666667 405.93 413.391333333 423.537333333 431.344666667 438.91 449.168 571.05 586.262666667 603.42 616.838666667 633.938 649.376666667 666.59 684.399333333 701.812666667 719.574 737.431333333 757.489333333 775.636666667 797.296666667 817.910666667 838.460666667 860.426666667 881.346666667 905.699333333 928.309333333 43.6693333333 43.6693333333 43.6693333333 43.6693333333 43.6693333333 43.6693333333 43.6693333333 43.6693333333 43.6693333333 43.6693333333 43.6693333333 43.6693333333 43.6693333333 43.6693333333 43.6693333333 43.6693333333 43.6693333333 43.6693333333 43.6693333333 43.6693333333],matlab_r2025a;octave_agrees,yes
cargo_spa_ops,[18 18 18 18 18 18 18 23 23 30 30 30 30 30 30 20 20 20 20 20 20 20 20 20 20 15 15 15 15 15 15 15 15 15 15 15 15 15 15 15 15 15 15 15 15 15 15 15 15 15 15 15 15 15 15 15 15 15 15 15 15 15 15 15 15 15 15 15 15 15 15 15 15 15 15 15 15 15 15 15 15 15 15 15 15 15 15 15 15 15 15 15 15 15 15 15 15 15 15 15 15 15 15 15 15 15 15 15 15 15 15 15 15 15 15 15 15 15 15 15 15 15 15 15 15 15 15 15 15 15 15 15 15 15 15 15 15 15 15 15 15 15 15 15 15 15 15 15 15 15 15 15 15 15 15 15 15 15 15 15 15 15 15 15 15 15 15 15 15 15 15 15 15 15 15 15 15 15 15 15 15 15 15 15 15 15 15 15 15 15 15 15 15 15 15 15 15 15 15 15 15],matlab_r2025a;octave_agrees,yes
cd.mass_kg,28000,matlab_r2025a;octave_agrees,yes
cd.name,Optimised (1.2 t/yr),matlab_r2025a;octave_agrees,yes
cd.power_kw,400,matlab_r2025a;octave_agrees,yes
cd.reo_yr,1.2,matlab_r2025a;octave_agrees,yes
check_y,[25 35 45 60 80 100 120 140 160 200],matlab_r2025a;octave_agrees,yes
circuit.life_yr,20,matlab_r2025a;octave_agrees,yes
circuit.maint_frac,0.005,matlab_r2025a;octave_agrees,yes
circuit.mass_kg,28000,matlab_r2025a;octave_agrees,yes
circuit.power_kw,400,matlab_r2025a;octave_agrees,yes
circuit.reo_yr,1.2,matlab_r2025a;octave_agrees,yes
circuit_designs.mass_kg,ARRAY_OF_STRUCTS_SKIPPED,matlab_r2025a;octave_agrees,yes
circuit_designs.name,ARRAY_OF_STRUCTS_SKIPPED,matlab_r2025a;octave_agrees,yes
circuit_designs.power_kw,ARRAY_OF_STRUCTS_SKIPPED,matlab_r2025a;octave_agrees,yes
circuit_designs.reo_yr,ARRAY_OF_STRUCTS_SKIPPED,matlab_r2025a;octave_agrees,yes
cl_25,[317.694 255 255 265.683 255 255 265.683 707.511 300 373.683 409.215 419.898 405.732 419.898 409.215 329.898 340.581 351.264 340.581 1248.3057 352.97247 342.27624 626.42901 612.24978 352.91955 1142.703792 1248.333057 6869.145186 45635.63346 285.705 290.98971 279.27522 278.15013 281.34504 269.63055 550.35846 6860.916531 6997.193388 7600.414725 7270.28613 6562.097865 6165.81650677 7151.4129343 8374.23471725 9445.78587871 5546.24026352 4192.37578132 4646.81850587 4978.89511497 5290.88453181 5584.71503906 5812.73235333 5974.72156712 6161.8488616 6093.82072755 5846.9742807 6864.05692539 7911.31090905 9150.18472421 10673.5812587 12425.8326242 10832.6107181 12065.3653976 13622.3805189 15092.9554678 16991.8140781 18952.5718132 21208.0302216 23719.0533635 26527.8902895 30009.1889893 33233.5001347 37153.3027068 41580.3569783 46578.0328234 52043.5854461 58256.4110104 65147.3855221 72932.1289107 81616.3092841 91416.0408993 43592.7888861 45612.7532104 47653.6429674 49812.4151726 52207.9761861 54396.2070966 56907.6947912 59435.7788652 62181.6679319 64983.2807375 67882.0901917 70994.6796205 74188.3501525 77591.5579954 81118.0339654 86523.8173113 90601.2887441 94830.6228282 99277.8376971 103911.501892 86446.7388625 89536.4081409 92642.2119366 95943.3658356 99456.7074738 97862.8537161 96303.3385993 94378.6945877 92286.1324446 89887.7632834 87232.4162694 84250.3770527 80942.3508846 77331.7946684 73438.5777597 75924.2587536 78648.3446887 81390.5787392 84225.7483425 87233.0351654 110915.27171 116105.277182 121529.061437 127162.684556 133321.807746 135128.485907 137056.49503 138847.561744 140504.413843 142004.575518 143320.321848 144526.320942 145432.365516 146180.70271 146621.074146 153459.536007 160648.294237 168117.700891 176003.132469 184195.869858 59794.8343833 59852.0119167 59907.7174333 59969.9814167 60034.62435 60094.8432833 60159.9329167 60227.6803 60294.7650333 60360.2017167 60429.5624 60501.0192333 60573.3641667 60652.2660167 60726.85595 60802.1826833 60885.3848333 60963.9212167 61043.0629 61130.17105 61514.1017 61633.4121167 61759.68385 61878.7673667 62009.26735 62137.8843667 62273.26555 62412.5279333 62553.2478667 62697.3564 62844.2823333 62999.3534833 63152.3650167 63316.9438667 63481.7644167 63649.3527167 63823.4896167 63998.0960667 64184.4495833 64369.6902333 62158.0902333 62158.0902333 62158.0902333 62158.0902333 62158.0902333 62158.0902333 62158.0902333 62158.0902333 62158.0902333 62158.0902333 62158.0902333 62158.0902333 62158.0902333 62158.0902333 62158.0902333 62158.0902333 62158.0902333 62158.0902333 62158.0902333 62158.0902333],matlab_r2025a;octave_agrees,yes
cl_k,[158.847 127.5 127.5 132.8415 127.5 127.5 132.8415 353.7555 150 186.8415 204.6075 209.949 202.866 209.949 204.6075 164.949 170.2905 175.632 170.2905 624.15285 176.486235 171.13812 313.214505 306.12489 176.459775 571.351896 624.1665285 3434.572593 22817.81673 142.8525 145.494855 139.63761 139.075065 140.67252 134.815275 275.17923 3572.2082655 3505.346694 3806.9573625 3641.893065 3287.7989325 3089.65825338 3724.20646715 4200.61735862 4878.14293936 2585.62013176 2096.18789066 2323.40925293 2489.44755749 2645.4422659 2792.35751953 2906.36617667 2987.36078356 3080.9244308 3046.91036377 2923.48714035 3432.02846269 3955.65545452 4575.0923621 5336.79062937 6212.91631209 5416.30535904 6032.68269882 6811.19025945 7546.47773391 8495.90703905 9476.28590661 10604.0151108 11859.5266818 13263.9451448 15004.5944946 16616.7500673 18576.6513534 20790.1784892 23289.0164117 26021.7927231 29128.2055052 32573.6927611 36466.0644554 40808.1546421 45708.0204497 21796.3944431 22806.3766052 23826.8214837 24906.2075863 26103.9880931 27198.1035483 28453.8473956 29717.8894326 31090.833966 32491.6403688 33863.1978575 35339.2586475 36853.7838553 38471.0977768 40148.3114594 42457.7413882 44318.3582819 46240.1406001 48254.927366 50345.8528353 41858.2749545 43354.8864832 44858.1566951 46457.1287027 48160.2003939 47308.2108697 46470.9947357 45449.5275264 44341.8473269 43079.1700138 41685.8892394 40126.5752996 38402.10364 36523.9979156 34501.8015252 35666.2649873 36947.4807746 38234.9291952 39565.6074561 40979.4401118 42426.1827673 43921.2370661 45462.6417814 47062.9660554 48828.951554 48883.2272944 49040.2812476 49103.1235191 49108.5462601 49093.8867605 48970.8365437 48800.9365605 48553.6570913 48226.6846261 47812.6577504 49510.2615908 51265.2953905 53059.669882 54916.7594872 56892.3613236 43515.7783524 44416.5065301 45316.3620271 46235.7324614 47192.9437571 48167.3206341 49142.5516645 50158.2990822 51173.1969062 52225.4346179 53301.361347 54378.3381049 55496.7161151 56638.5490238 57801.3192731 58967.25998 60178.0035921 61429.817356 62666.5216627 63971.3775441 73653.7277673 75572.0477417 77520.9658005 79512.404027 81597.9387824 83693.2742971 85842.2214285 88084.5801475 90362.6049467 92678.2043201 95088.6176072 97562.5866932 100076.441487 102656.104617 105317.989096 108044.992743 110822.650249 113705.903024 116645.967942 119655.401744 55605.465312 55605.465312 55605.465312 55605.465312 55605.465312 55605.465312 55605.465312 55605.465312 55605.465312 55605.465312 55605.465312 55605.465312 55605.465312 55605.465312 55605.465312 55605.465312 55605.465312 55605.465312 55605.465312 55605.465312],matlab_r2025a;octave_agrees,yes
co2_rockets,[13590.2433333 10908.3333333 10908.3333333 11365.3283333 10908.3333333 10908.3333333 11365.3283333 30265.7483333 12833.3333333 15985.3283333 17505.3083333 17962.3033333 17356.3133333 17962.3033333 17505.3083333 14112.3033333 14569.2983333 15026.2933333 14569.2983333 53399.7438333 15099.3778833 14641.8169333 26797.2409833 26190.6850333 15097.1140833 46554.5989333 50858.0134333 279854.063133 1859229.51133 11639.8333333 11855.1363333 11226.5535382 11030.6100073 11004.8633405 10400.549082 20930.9475797 267841.529667 259029.541368 277191.615485 261226.245306 232264.729032 214918.916741 255022.624185 283093.605856 323467.851589 227534.571595 176786.198135 187438.718071 191714.84585 194037.89932 194585.433748 191884.107716 186288.831102 180837.94039 167680.61805 150179.5344 163731.78187 174222.888839 184746.804674 195956.278329 205026.238299 171290.65698 182488.651639 196673.118742 207528.137682 221955.571395 234538.076189 247868.853215 260909.586999 273568.868611 288838.444022 297024.407454 306514.747331 314451.449648 320223.975661 322019.684948 320410.260557 313521.792825 300845.031757 280556.063164 251394.112473 119880.169437 125435.071329 131047.51816 136984.141725 143571.934512 149589.569516 156496.160676 163448.391879 170999.586813 178704.022028 186675.748027 195235.368957 204017.962919 213376.784487 223074.593405 237940.497606 249153.544046 260784.212777 273014.053667 285756.630202 237728.531872 246225.122387 254766.082826 263844.256048 273397.664303 269117.691469 264829.024898 259536.253866 253781.707973 247186.341279 239884.136991 231683.529145 222586.457183 212657.427588 201951.081089 208786.703822 216277.940144 223819.083783 231615.800192 239885.838955 248355.036715 257107.278308 266131.949664 275502.398796 285694.620056 286703.958866 288197.791801 289195.018408 289900.23389 290518.0267 290563.941714 290378.721312 289794.725438 288798.491923 287351.814528 297549.77177 308092.553525 318882.979145 330051.947046 341797.39421 260382.611488 265766.265593 271156.807454 276662.439029 282385.021722 288211.924706 294052.510198 300127.014964 306206.004304 312499.592314 318935.804949 325387.209094 332077.830956 338907.043785 345864.106755 352850.405861 360092.997763 367575.469321 374984.917136 382784.405153 441576.050421 453070.623071 464759.339182 476704.981041 489195.465146 501765.401248 514656.990558 528090.388802 541749.265968 555643.380909 570087.809003 584913.923423 599990.829587 615461.389737 631418.185764 647766.460984 664428.980901 681707.242967 699335.279084 717381.485417 327399.041292 327399.041292 327399.041292 327399.041292 327399.041292 327399.041292 327399.041292 327399.041292 327399.041292 327399.041292 327399.041292 327399.041292 327399.041292 327399.041292 327399.041292 327399.041292 327399.041292 327399.041292 327399.041292 327399.041292],matlab_r2025a;octave_agrees,yes
contingency,[1.5 1.5 1.5 1.5 1.5 1.5 1.5 1.5 1.5 1.5 1.5 1.5 1.5 1.5 1.5 1.5 1.5 1.5 1.5 1.5 1.5 1.5 1.5 1.5 1.5 1.35 1.35 1.35 1.35 1.35 1.35 1.35 1.35 1.35 1.35 1.35 1.35 1.35 1.35 1.35 1.35 1.35 1.35 1.35 1.35 1.25 1.25 1.25 1.25 1.25 1.25 1.25 1.25 1.25 1.25 1.25 1.25 1.25 1.25 1.25 1.25 1.25 1.25 1.25 1.25 1.25 1.25 1.25 1.25 1.25 1.25 1.25 1.25 1.25 1.25 1.25 1.25 1.25 1.25 1.25 1.25 1.25 1.25 1.25 1.25 1.25 1.25 1.25 1.25 1.25 1.25 1.25 1.25 1.25 1.25 1.25 1.25 1.25 1.25 1.25 1.25 1.25 1.25 1.25 1.25 1.25 1.25 1.25 1.25 1.25 1.25 1.25 1.25 1.25 1.25 1.25 1.25 1.25 1.25 1.25 1.25 1.25 1.25 1.25 1.25 1.25 1.25 1.25 1.25 1.25 1.25 1.25 1.25 1.25 1.25 1.25 1.25 1.25 1.25 1.25 1.25 1.25 1.25 1.25 1.25 1.25 1.25 1.25 1.25 1.25 1.25 1.25 1.25 1.25 1.25 1.25 1.25 1.25 1.25 1.25 1.25 1.25 1.25 1.25 1.25 1.25 1.25 1.25 1.25 1.25 1.25 1.25 1.25 1.25 1.25 1.25 1.25 1.25 1.25 1.25 1.25 1.25 1.25 1.25 1.25 1.25 1.25 1.25 1.25 1.25 1.25 1.25 1.25 1.25 1.25 1.25 1.25 1.25 1.25 1.25 1.25],matlab_r2025a;octave_agrees,yes
conv.earth_frac,0.05,matlab_r2025a;octave_agrees,yes
conv.maint_frac_yr,0.005,matlab_r2025a;octave_agrees,yes
conv.mass_per_km,100000,matlab_r2025a;octave_agrees,yes
cost_launch,[317.694 255 255 265.683 255 255 265.683 707.511 300 373.683 409.215 419.898 405.732 419.898 409.215 329.898 340.581 351.264 340.581 1248.3057 352.97247 342.27624 626.42901 612.24978 352.91955 1142.703792 1248.333057 6869.145186 45635.63346 285.705 290.98971 279.27522 278.15013 281.34504 269.63055 550.35846 7144.416531 7010.693388 7613.914725 7283.78613 6575.597865 6179.31650677 7448.4129343 8401.23471725 9756.28587871 5171.24026352 4192.37578132 4646.81850587 4978.89511497 5290.88453181 5584.71503906 5812.73235333 5974.72156712 6161.8488616 6093.82072755 5846.9742807 6864.05692539 7911.31090905 9150.18472421 10673.5812587 12425.8326242 10832.6107181 12065.3653976 13622.3805189 15092.9554678 16991.8140781 18952.5718132 21208.0302216 23719.0533635 26527.8902895 30009.1889893 33233.5001347 37153.3027068 41580.3569783 46578.0328234 52043.5854461 58256.4110104 65147.3855221 72932.1289107 81616.3092841 91416.0408993 43592.7888861 45612.7532104 47653.6429674 49812.4151726 52207.9761861 54396.2070966 56907.6947912 59435.7788652 62181.6679319 64983.2807375 67726.3957149 70678.517295 73707.5677106 76942.1955535 80296.6229189 84915.4827764 88636.7165638 92480.2812003 96509.854732 100691.705671 83716.549909 86709.7729665 89716.3133901 92914.2574054 96320.4007877 94616.4217394 92941.9894714 90899.0550529 88683.6946539 86158.3400276 83371.7784787 80253.1505992 76804.20728 73047.9958311 69003.6030504 71332.5299745 73894.9615492 76469.8583903 79131.2149122 81958.8802236 84852.3655347 87842.4741322 90925.2835628 94125.9321108 97657.903108 97766.4545887 98080.5624953 98206.2470383 98217.0925203 98187.773521 97941.6730874 97601.8731209 97107.3141825 96453.3692523 95625.3155008 99020.5231816 102530.590781 106119.339764 109833.518974 113784.722647 87031.5567048 88833.0130602 90632.7240541 92471.4649228 94385.8875143 96334.6412682 98285.103329 100316.598164 102346.393812 104450.869236 106602.722694 108756.67621 110993.43223 113277.098048 115602.638546 117934.51996 120356.007184 122859.634712 125333.043325 127942.755088 147307.455535 151144.095483 155041.931601 159024.808054 163195.877565 167386.548594 171684.442857 176169.160295 180725.209893 185356.40864 190177.235214 195125.173386 200152.882975 205312.209234 210635.978191 216089.985486 221645.300498 227411.806048 233291.935883 239310.803488 111210.930624 111210.930624 111210.930624 111210.930624 111210.930624 111210.930624 111210.930624 111210.930624 111210.930624 111210.930624 111210.930624 111210.930624 111210.930624 111210.930624 111210.930624 111210.930624 111210.930624 111210.930624 111210.930624 111210.930624],matlab_r2025a;octave_agrees,yes
cost_rd,[500 500 500 500 500 500 500 500 500 500 500 500 500 500 500 500 500 500 500 500 500 500 500 500 500 1000 1000 1000 1000 1000 1000 1000 1000 1000 1000 1000 1000 1000 1000 1000 1000 1000 1000 1000 1000 1500 1500 1500 1500 1500 1500 1500 1500 1500 1500 1500 1500 1500 1500 1500 2000 2000 2000 2000 2000 2000 2000 2000 2000 2000 2000 2000 2000 2000 2000 2000 2000 2000 2000 2000 2000 2000 2000 2000 2000 2000 2000 2000 2000 2000 2000 2000 2000 2000 2000 2000 2000 2000 2000 2000 2000 2000 2000 2000 2000 2000 2000 2000 2000 2000 2000 2000 2000 2000 2000 2000 2000 2000 2000 2000 2000 2000 2000 2000 2000 2000 2000 2000 2000 2000 2000 2000 2000 2000 2000 2000 2000 2000 2000 2000 2000 2000 2000 2000 2000 2000 2000 2000 2000 2000 2000 2000 2000 2000 2000 2000 2000 2000 2000 2000 2000 2000 2000 2000 2000 2000 2000 2000 2000 2000 2000 2000 2000 2000 2000 2000 2000 2000 2000 2000 2000 2000 2000 2000 2000 2000 2000 2000 2000 2000 2000 2000 2000 2000 2000 2000 2000 2000 2000 2000 2000],matlab_r2025a;octave_agrees,yes
cost_total,[817.694 755 755 765.683 755 755 765.683 1207.511 800 873.683 909.215 919.898 905.732 919.898 909.215 829.898 840.581 851.264 840.581 1748.3057 852.97247 842.27624 1126.42901 1112.24978 852.91955 2142.703792 2248.5134545 7871.502751 46659.821905 1285.705 1290.98971 1279.27522 1278.15013 1281.34504 1269.63055 1550.35846 8168.3653735 8042.256118 8657.4883525 8340.813835 7650.4147525 7281.65398194 8583.26348202 9576.97276208 10985.644737 6970.39622245 5970.88165219 6486.80018499 6893.57214761 7294.55750686 7697.34412693 8054.03193987 8370.77931539 8745.54876715 8901.31907846 8922.44255265 10209.250847 11568.80999 13176.788518 15127.4471006 17946.6444772 15897.6503344 17511.553792 19496.8874432 21449.0211116 23955.0394981 26466.6117324 29406.422624 32687.6301509 36365.0422573 40823.8354451 45145.1273161 50302.8768287 56120.2258074 62683.2925056 69909.5166626 78104.551379 87226.492562 97521.2759132 109026.245868 121943.645441 58497.7971385 61156.9662908 63875.0053618 66739.6327358 70113.1906646 73047.7030071 76379.8457954 79764.8834409 83417.3169405 87163.4477486 90902.18575 94899.7550606 99022.1032971 103411.737831 107971.26392 112110.912848 116999.471444 122067.333166 127373.803123 132898.357767 109565.076586 113388.882383 117254.827485 121343.968088 126236.414113 125425.102335 124738.444372 123718.312754 122561.271848 121132.439474 119480.860427 117538.709817 115305.246555 112806.406304 109996.076937 113674.945701 117635.169245 121653.681672 125815.062455 130191.787142 134691.456388 139342.647816 144144.349253 149127.473626 155300.634609 157319.685931 159609.177146 161780.549941 163910.554408 166071.759914 168095.707133 170106.176406 172045.180233 173906.060347 175689.970775 181779.939484 188088.193673 194566.776478 201275.88156 208330.243984 145279.775337 148200.529864 151144.848573 154150.748019 157255.056507 160421.641851 163610.336232 166908.289104 170230.184934 173652.506497 177150.825939 180674.68544 184315.14307 188026.173401 191810.664155 195630.596154 199574.228636 203624.468782 207681.351368 211906.89885 254519.65998 261042.355646 267689.102525 274496.447893 281565.715213 288725.997104 296070.416948 303684.086156 311444.435246 319370.727754 327565.262144 335973.760783 344556.802625 353361.646141 362424.267597 371710.856953 381203.218194 391006.613459 401029.196746 411294.007164 114733.743124 114733.743124 114733.743124 114733.743124 114733.743124 114733.743124 114733.743124 114733.743124 114733.743124 114733.743124 114733.743124 114733.743124 114733.743124 114733.743124 114733.743124 114733.743124 114733.743124 114733.743124 114733.743124 114733.743124],matlab_r2025a;octave_agrees,yes
cr_25,[13590.2433333 10908.3333333 10908.3333333 11365.3283333 10908.3333333 10908.3333333 11365.3283333 30265.7483333 12833.3333333 15985.3283333 17505.3083333 17962.3033333 17356.3133333 17962.3033333 17505.3083333 14112.3033333 14569.2983333 15026.2933333 14569.2983333 53399.7438333 15099.3778833 14641.8169333 26797.2409833 26190.6850333 15097.1140833 46554.5989333 50858.0134333 279854.063133 1859229.51133 11639.8333333 11855.1363333 11226.5535382 11030.6100073 11004.8633405 10400.549082 20930.9475797 257213.219667 258530.746368 276700.135485 260742.080306 231787.879032 214449.381741 244853.784185 282183.795856 313173.281589 244034.571595 176786.198135 187438.718071 191714.84585 194037.89932 194585.433748 191884.107716 186288.831102 180837.94039 167680.61805 150179.5344 163731.78187 174222.888839 184746.804674 195956.278329 205026.238299 171290.65698 182488.651639 196673.118742 207528.137682 221955.571395 234538.076189 247868.853215 260909.586999 273568.868611 288838.444022 297024.407454 306514.747331 314451.449648 320223.975661 322019.684948 320410.260557 313521.792825 300845.031757 280556.063164 251394.112473 119880.169437 125435.071329 131047.51816 136984.141725 143571.934512 149589.569516 156496.160676 163448.391879 170999.586813 178704.022028 186675.748027 195235.368957 204017.962919 213376.784487 223074.593405 237940.497606 249153.544046 260784.212777 273014.053667 285756.630202 237728.531872 246225.122387 254766.082826 263844.256048 273505.945553 269122.847719 264834.181148 259541.410116 253786.864223 247191.349029 239889.144741 231688.536895 222591.464933 212662.435338 201956.088839 208791.711572 216282.947894 223824.091533 231620.807942 239890.846705 305016.997204 319289.512249 334204.918953 349697.38253 366634.971302 371603.336244 376905.361331 381830.794797 386387.138068 390512.582675 394130.885082 397447.382591 399939.00517 401996.932451 403207.9539 422013.724018 441782.809152 462323.67745 484008.61429 506538.642109 164435.794554 164593.032771 164746.222942 164917.448896 165095.216963 165260.819029 165439.815521 165626.120825 165810.603842 165990.554721 166181.2966 166377.802892 166576.751458 166793.731546 166998.853863 167206.002379 167434.808292 167650.783346 167868.422975 168107.970388 169163.779675 169491.883321 169839.130588 170166.610258 170525.485213 170879.182008 171251.480263 171634.451817 172021.431633 172417.7301 172821.776417 173248.222079 173669.003796 174121.595633 174574.852146 175035.719971 175514.596446 175994.764183 176507.236354 177016.648142 170934.748142 170934.748142 170934.748142 170934.748142 170934.748142 170934.748142 170934.748142 170934.748142 170934.748142 170934.748142 170934.748142 170934.748142 170934.748142 170934.748142 170934.748142 170934.748142 170934.748142 170934.748142 170934.748142 170934.748142],matlab_r2025a;octave_agrees,yes
ct_25,[817.694 755 755 765.683 755 755 765.683 1207.511 800 873.683 909.215 919.898 905.732 919.898 909.215 829.898 840.581 851.264 840.581 1748.3057 852.97247 842.27624 1126.42901 1112.24978 852.91955 2142.703792 2248.5134545 7871.502751 46659.821905 1285.705 1290.98971 1279.27522 1278.15013 1281.34504 1269.63055 1550.35846 7884.8653735 8028.756118 8643.9883525 8327.313835 7636.9147525 7268.15398194 8286.26348202 9549.97276208 10675.144737 7345.39622245 5970.88165219 6486.80018499 6893.57214761 7294.55750686 7697.34412693 8054.03193987 8370.77931539 8745.54876715 8901.31907846 8922.44255265 10209.250847 11568.80999 13176.788518 15127.4471006 17946.6444772 15897.6503344 17511.553792 19496.8874432 21449.0211116 23955.0394981 26466.6117324 29406.422624 32687.6301509 36365.0422573 40823.8354451 45145.1273161 50302.8768287 56120.2258074 62683.2925056 69909.5166626 78104.551379 87226.492562 97521.2759132 109026.245868 121943.645441 58497.7971385 61156.9662908 63875.0053618 66739.6327358 70113.1906646 73047.7030071 76379.8457954 79764.8834409 83417.3169405 87163.4477486 91057.8802267 95215.9173862 99502.885739 104061.100273 108792.674967 113719.247383 118964.043625 124417.674793 130141.786088 136118.153988 112295.265539 116215.517558 120180.726032 124373.076518 129372.7208 128842.779512 128454.3575 127748.555489 126923.719238 125845.39073 124563.362217 123011.79667 121189.51496 119123.744341 116770.311647 120688.45048 124895.784385 129169.834021 133596.755885 138247.770084 176779.826564 184810.694866 193207.295127 201946.422072 212154.771248 217508.931169 223154.33016 228834.037287 234571.571571 240343.215511 246133.925494 252028.491187 257846.754287 263741.021645 269571.43662 281815.328309 294663.100329 308045.926405 322111.138254 336772.858394 75034.2130152 75331.2087209 75631.8819517 75944.024513 76263.6333426 76584.0838661 76914.6858197 77253.4912399 77597.1161554 77944.6789776 78302.1056446 78667.4284636 79039.7150064 79424.5813704 79811.5215588 80205.6188779 80613.9662849 81024.4752872 81442.2109428 81875.0748113 87237.0661453 87930.6722793 88646.2147741 89369.6472055 90120.2649981 90884.9728766 91672.8796406 92481.5737947 93309.1132192 94157.7555134 95027.3492629 95923.9008798 96837.5646671 97782.4207736 98747.7738229 99736.5441835 100753.167313 101791.983478 102864.950446 103959.65391 65680.9027333 65680.9027333 65680.9027333 65680.9027333 65680.9027333 65680.9027333 65680.9027333 65680.9027333 65680.9027333 65680.9027333 65680.9027333 65680.9027333 65680.9027333 65680.9027333 65680.9027333 65680.9027333 65680.9027333 65680.9027333 65680.9027333 65680.9027333],matlab_r2025a;octave_agrees,yes
ct_k,[658.847 627.5 627.5 632.8415 627.5 627.5 632.8415 853.7555 650 686.8415 704.6075 709.949 702.866 709.949 704.6075 664.949 670.2905 675.632 670.2905 1124.15285 676.486235 671.13812 813.214505 806.12489 676.459775 1571.351896 1624.346926 4436.930158 23842.005175 1142.8525 1145.494855 1139.63761 1139.075065 1140.67252 1134.815275 1275.17923 4596.157108 4536.909424 4850.53099 4698.92077 4362.61582 4191.99572856 4859.05701487 5376.35540346 6107.50179769 4384.7760907 3874.69376153 4163.39093206 4404.12459012 4649.11524096 4904.9866074 5147.66576321 5383.41853183 5664.62433635 5854.40871469 5998.9554123 6777.22238426 7613.15453551 8601.6961559 9790.6564712 11669.4531651 10412.7849754 11406.0260931 12608.5671838 13821.1283777 15307.8074591 16897.2158257 18705.0125132 20726.4234691 22995.1321126 25708.9909505 28413.8422488 31607.4054753 35206.9423183 39266.8860939 43756.0489395 48840.3858738 54512.5548009 60910.6814578 68069.2762264 76146.7999918 36612.5776954 38261.7646856 39959.3588782 41744.6001495 43687.5650716 45559.2119588 47635.6108999 49756.6065083 52036.0954745 54381.4198798 56748.6003925 59270.1089131 61877.9319418 64650.2525542 67532.564961 69362.7839599 72390.7256624 75536.8050654 78828.4882572 82262.1174315 67416.4141313 69743.6084003 72106.2832901 74596.4518853 77220.2012196 77323.3789656 77473.9371361 77475.2727276 77425.9120208 77259.7569602 77001.4586873 76618.6220171 76109.6304151 75488.8958881 74771.4629122 77285.8682133 79964.8759706 82695.9399771 85526.6424987 88489.5345302 91542.4611209 94698.5982501 97958.8949715 101341.695071 104948.870555 106913.646136 109046.083398 111154.613921 113279.195648 115455.060653 117602.05809 119782.427346 121968.710641 124156.563221 126354.500524 130746.865393 135300.085782 139984.294096 144836.309572 149915.07016 100241.184484 102261.210834 104305.674045 106392.203058 108539.30025 110731.508717 112944.972068 115227.177522 117534.175528 119904.259379 122326.652092 124773.534835 127295.614455 129864.811878 132486.532382 135140.523675 137873.412544 140671.838927 143492.017206 146412.708805 179343.119713 183947.495404 188645.324225 193461.231366 198444.96393 203509.910307 208705.383019 214076.693509 219559.017799 225169.710934 230953.832037 236888.36159 242957.548638 249182.729024 255583.466002 262143.05171 268857.755445 275777.897935 282860.416305 290115.79292 57605.465312 57605.465312 57605.465312 57605.465312 57605.465312 57605.465312 57605.465312 57605.465312 57605.465312 57605.465312 57605.465312 57605.465312 57605.465312 57605.465312 57605.465312 57605.465312 57605.465312 57605.465312 57605.465312 57605.465312],matlab_r2025a;octave_agrees,yes
ctype_reduction,0.07,matlab_r2025a;octave_agrees,yes
cum_cost,[817.694 1572.694 2327.694 3093.377 3848.377 4603.377 5369.06 6576.571 7376.571 8250.254 9159.469 10079.367 10985.099 11904.997 12814.212 13644.11 14484.691 15335.955 16176.536 17924.8417 18777.81417 19620.09041 20746.51942 21858.7692 22711.68875 24854.392542 27102.9059965 34974.4087475 81634.2306525 82919.9356525 84210.9253625 85490.2005825 86768.3507125 88049.6957525 89319.3263025 90869.6847625 99038.050136 107080.306254 115737.794606 124078.608441 131729.023194 139010.677176 147593.940658 157170.91342 168156.558157 175126.95438 181097.836032 187584.636217 194478.208364 201772.765871 209470.109998 217524.141938 225894.921253 234640.470021 243541.789099 252464.231652 262673.482499 274242.292489 287419.081007 302546.528107 320493.172584 336390.822919 353902.376711 373399.264154 394848.285266 418803.324764 445269.936496 474676.35912 507363.989271 543729.031528 584552.866974 629697.99429 680000.871118 736121.096926 798804.389431 868713.906094 946818.457473 1034044.95003 1131566.22595 1240592.47182 1362536.11726 1421033.9144 1482190.88069 1546065.88605 1612805.51878 1682918.70945 1755966.41246 1832346.25825 1912111.14169 1995528.45863 2082691.90638 2173594.09213 2268493.84719 2367515.95049 2470927.68832 2578898.95224 2691009.86509 2808009.33653 2930076.6697 3057450.47282 3190348.83059 3299913.90717 3413302.78956 3530557.61704 3651901.58513 3778137.99925 3903563.10158 4028301.54595 4152019.85871 4274581.13055 4395713.57003 4515194.43045 4632733.14027 4748038.38683 4860844.79313 4970840.87007 5084515.81577 5202150.98501 5323804.66669 5449619.72914 5579811.51628 5714502.97267 5853845.62049 5997989.96974 6147117.44337 6302418.07797 6459737.76391 6619346.94105 6781127.49099 6945038.0454 7111109.80531 7279205.51245 7449311.68885 7621356.86909 7795262.92943 7970952.90021 8152732.83969 8340821.03336 8535387.80984 8736663.6914 8944993.93539 9090273.71072 9238474.24059 9389619.08916 9543769.83718 9701024.89369 9861446.53554 10025056.8718 10191965.1609 10362195.3458 10535847.8523 10712998.6782 10893673.3637 11077988.5068 11266014.6802 11457825.3443 11653455.9405 11853030.1691 12056654.6379 12264335.9893 12476242.8881 12730762.5481 12991804.9037 13259494.0063 13533990.4541 13815556.1694 14104282.1665 14400352.5834 14704036.6696 15015481.1048 15334851.8326 15662417.0947 15998390.8555 16342947.6581 16696309.3043 17058733.5719 17430444.4288 17811647.647 18202654.2605 18603683.4572 19014977.4644 19129711.2075 19244444.9506 19359178.6937 19473912.4369 19588646.18 19703379.9231 19818113.6662 19932847.4094 20047581.1525 20162314.8956 20277048.6387 20391782.3819 20506516.125 20621249.8681 20735983.6112 20850717.3544 20965451.0975 21080184.8406 21194918.5837 21309652.3269],matlab_r2025a;octave_agrees,yes
cum_rev,[-2.58214623333 -4.65472956667 -6.7273129 -7.56285028333 -7.86268361667 -7.71364195 -5.87867933333 -6.73704651667 -3.38550485 1.58878276667 12.9163991833 33.91868655 65.7181120167 111.203774383 171.4981408 250.278428167 350.381386483 475.82414075 628.598599067 805.258775151 1023.60118816 1278.25467838 1570.84112866 1905.15676515 2287.21476029 2712.07849149 3190.43898768 3684.83232918 3952.1105201 4636.6595038 5390.96458381 6216.10659835 7114.2477209 8088.47498897 9140.26770534 10270.6296495 11431.0635613 12669.4024427 13980.3527155 15369.9497578 16840.4214963 18390.0239268 20008.1702185 21698.3111796 23459.3014894 25318.8185664 27261.4484961 29274.8236592 31359.4100185 33515.7538553 35744.4689291 38047.5390652 40427.6281713 42887.245356 45431.8559511 48067.0213994 50795.6508409 53628.7434404 56578.5848718 59659.5211274 62888.980382 66295.732802 69896.9106521 74023.4826319 78431.3186698 83153.8682864 88229.0720515 93697.2461292 99602.1125894 105991.00007 112914.683514 120431.594069 128602.716462 137495.195108 147182.571265 157745.753436 169273.393106 181863.27482 195623.089911 210671.839025 227141.010978 244358.931196 262303.77095 280980.656641 300395.629163 323316.901515 347933.044587 374254.955569 402294.845805 432066.028118 463583.161708 496861.75451 531918.633022 568790.706635 607521.761335 648136.044827 690658.664777 735118.260515 781544.635032 829969.578508 880427.007249 932694.249756 986792.510773 1042754.74718 1100614.87608 1159471.68909 1219362.24861 1280322.14881 1342388.36832 1405599.01592 1469993.54444 1535612.6933 1602498.59123 1670694.76164 1740246.15383 1810263.2094 1881409.02159 1953732.84104 2027285.65503 2102120.08187 2178290.41831 2255852.78378 2334865.10422 2415387.18297 2497480.73882 2581209.3845 2666640.67405 2753842.42211 2842884.7851 2933840.09473 3026782.91767 3121790.24695 3218941.40633 3318318.20867 3420004.98903 3524406.02679 3631608.59424 3741704.81961 3854789.62206 3970960.73175 4090318.74024 4211605.60194 4334840.89819 4460061.3107 4587304.11772 4716607.20234 4848009.10027 4981549.00255 5117266.70326 5255202.69169 5395398.07531 5537894.63983 5682429.7719 5829038.22979 5977757.41071 6128625.27081 6281680.34455 6436961.68531 6594508.91372 6754362.27576 6916562.49672 7081769.06542 7250057.76574 7421496.4958 7596154.27786 7774101.2124 7955408.61622 8140148.88115 8328395.46926 8520223.00363 8715707.19279 8914924.75663 9117953.4994 9324872.28082 9535760.9391 9750700.27222 9969772.04173 10193058.9337 10420644.4472 10652612.9577 10889049.6053 11125560.3494 11362071.0936 11598581.8378 11835092.582 12071603.3262 12308114.0703 12544624.8145 12781135.5587 13017646.3029 13254157.0471 13490667.7913 13727178.5354 13963689.2796 14200200.0238 14436710.768 14673221.5122 14909732.2564 15146243.0005 15382753.7447 15619264.4889],matlab_r2025a;octave_agrees,yes
current_molei,53,matlab_r2025a;octave_agrees,yes
d,3,octave_8_4_only(matlab_v2.0_dropped),yes
df,[0.970873786408 0.942595909134 0.915141659353 0.888487047916 0.862608784384 0.837484256684 0.813091511343 0.789409234314 0.766416732344 0.744093914897 0.722421276599 0.701379880193 0.680951339993 0.661117805819 0.641861947397 0.62316693922 0.605016445845 0.587394607616 0.570286026812 0.553675754186 0.537549275909 0.521892500883 0.50669174843 0.49193373634 0.477605569262 0.463694727439 0.450189055766 0.43707675317 0.424346362301 0.411986759516 0.399987145161 0.390231361133 0.380713523056 0.371427827372 0.36236861207 0.353530353239 0.344907661697 0.336495279704 0.32828807776 0.320281051473 0.312469318511 0.30484811562 0.297412795727 0.2901588251 0.283081780585 0.276177346912 0.269441314061 0.262869574693 0.256458121652 0.250203045514 0.244100532209 0.238146860692 0.232338400675 0.226671610414 0.221143034551 0.215749302001 0.210487123903 0.205353291613 0.200344674744 0.195458219263 0.190690945622 0.186039946948 0.181502387267 0.177075499772 0.172756585144 0.168543009896 0.164432204777 0.160421663197 0.156508939704 0.152691648492 0.148967461943 0.145334109213 0.141789374842 0.138331097407 0.134957168202 0.131665529953 0.129083852895 0.126552796956 0.124071369565 0.121638597612 0.119253527071 0.116915222619 0.114622767273 0.112375262033 0.110171825522 0.108011593649 0.105893719264 0.103817371827 0.101781737086 0.0997860167506 0.0978294281868 0.0959112041047 0.0940305922596 0.0921868551564 0.0903792697612 0.0886071272169 0.0868697325656 0.085166404476 0.0834964749765 0.0818592891926 0.0802542050908 0.0786805932263 0.0771378364964 0.0756253298984 0.0741424802926 0.0726887061692 0.0712634374208 0.0698661151184 0.0684961912925 0.0671531287182 0.0658364007041 0.0645454908864 0.0632798930259 0.0620391108097 0.0608226576565 0.059630056526 0.0584608397314 0.0573145487563 0.0561907340748 0.0550889549753 0.0540087793875 0.0529497837132 0.05191155266 0.0508936790785 0.0498957638024 0.0489174154926 0.0479582504829 0.0470178926303 0.046095973167 0.0451921305558 0.0443060103489 0.0434372650479 0.0425855539685 0.0417505431064 0.0409319050063 0.0401293186336 0.0393424692486 0.038571048283 0.0378147532186 0.0370732874692 0.0363463602639 0.0356336865333 0.0349349867973 0.0342499870562 0.0335784186826 0.0329200183162 0.032274527761 0.0316416938833 0.0310212685131 0.0304130083462 0.0298166748492 0.0292320341659 0.0286588570254 0.0280969186523 0.0275459986787 0.0270058810576 0.026476353978 0.0259572097824 0.0254482448847 0.0249492596909 0.0244600585205 0.0239804495299 0.0235102446371 0.0230492594482 0.0225973131845 0.0221542286122 0.0217198319728 0.0212939529145 0.020876424426 0.0204670827705 0.0200657674221 0.0196723210021 0.0192865892177 0.0189084208017 0.0185376674526 0.0181741837771 0.0178178272324 0.017468458071 0.0171259392853 0.0167901365542 0.0164609181904 0.0161381550886 0.0158217206751 0.015511490858 0.0152073439784 0.0149091607631 0.0146168242776 0.01433021988 0.0140492351765 0.0137737599769 0.0135036862519 0.0132389080901 0.0129793216569 0.0127248251539 0.0124753187783 0.0122307046846 0.0119908869457 0.0117557715154 0.0115252661916 0.01129928058 0.0110777260588],matlab_r2025a;octave_agrees,yes
df_k,[0.966183574879 0.933510700366 0.901942705668 0.871442227699 0.841973166859 0.813500644308 0.785990960684 0.759411556216 0.73373097219 0.70891881371 0.684945713729 0.661783298289 0.639404152936 0.617781790277 0.596890618625 0.576705911715 0.557203779435 0.53836113955 0.520155690387 0.502565884432 0.485570902833 0.469150630756 0.453285633581 0.437957133894 0.42314698927 0.408837670792 0.395012242311 0.381654340397 0.368748154973 0.356278410602 0.344230348408 0.332589708607 0.32134271363 0.310476051816 0.299976861658 0.289832716578 0.28003161022 0.270561942242 0.261412504581 0.252572468195 0.244031370236 0.235779101678 0.227805895341 0.220102314339 0.212659240907 0.205467865611 0.198519676919 0.191806451129 0.185320242637 0.179053374528 0.172998429496 0.167148241059 0.161495885081 0.156034671576 0.150758136788 0.145660035544 0.140734333859 0.135975201796 0.131377006566 0.126934305861 0.122641841412 0.118494532765 0.114487471271 0.110615914271 0.106875279489 0.103261139603 0.0997692170077 0.0963953787514 0.0931356316438 0.0899861175303 0.0869431087249 0.0840030035989 0.0811623223178 0.0784177027225 0.0757658963503 0.0732037645896 0.0707282749658 0.0683364975515 0.0660256014991 0.0637928516899 0.0616356054975 0.0595513096594 0.0575374972555 0.0555917847879 0.0537118693603 0.051895525952 0.0501406047845 0.0484450287773 0.0468067910892 0.0452239527432 0.0436946403316 0.0422170437986 0.0407894142982 0.0394100621238 0.038077354709 0.0367897146947 0.0355456180625 0.0343435923309 0.0331822148125 0.03206011093 0.0309759525893 0.029928456608 0.0289163831962 0.0279385344891 0.0269937531295 0.0260809208981 0.0251989573895 0.0243468187338 0.0235234963611 0.0227280158079 0.0219594355632 0.0212168459547 0.0204993680722 0.0198061527268 0.0191363794462 0.0184892555035 0.0178640149793 0.0172599178544 0.0166762491346 0.0161123180045 0.0155674570092 0.0150410212649 0.0145323876956 0.0140409542952 0.0135661394157 0.0131073810779 0.0126641363072 0.01223588049 0.0118221067537 0.0114223253659 0.0110360631554 0.0106628629521 0.0103022830455 0.00995389666232 0.00961729146118 0.00929206904462 0.00897784448755 0.00867424588169 0.00838091389536 0.00809750134817 0.00782367280017 0.00755910415475 0.00730348227512 0.00705650461364 0.00681787885376 0.00658732256402 0.00636456286379 0.00614933610028 0.0059413875365 0.00574047104976 0.00554634884035 0.00535879115009 0.00517757599043 0.00500248887964 0.00483332258903 0.00466987689761 0.00451195835518 0.00435938005331 0.00421196140417 0.00406952792673 0.00393191104032 0.00379894786504 0.00367048102903 0.00354635848215 0.00342643331609 0.00331056359042 0.00319861216466 0.0030904465359 0.00298593868203 0.00288496491018 0.00278740571032 0.00269314561383 0.00260207305684 0.00251408024816 0.0024290630417 0.00234692081323 0.00226755634129 0.00219087569207 0.00211678810828 0.00204520590172 0.00197604434948 0.0019092215937 0.00184465854464 0.00178227878709 0.00172200848995 0.00166377631879 0.00160751335149 0.00155315299661 0.00150063091459 0.00144988494164 0.00140085501607 0.00135348310732 0.00130771314717 0.00126349096345 0.00122076421589 0.00117948233419 0.00113959645816 0.00110105937986 0.00106382548779 0.00102785071284 0.000993092476175],matlab_r2025a;octave_agrees,yes
dr,[0.03 0.03 0.03 0.03 0.03 0.03 0.03 0.03 0.03 0.03 0.03 0.03 0.03 0.03 0.03 0.03 0.03 0.03 0.03 0.03 0.03 0.03 0.03 0.03 0.03 0.03 0.03 0.03 0.03 0.03 0.03 0.025 0.025 0.025 0.025 0.025 0.025 0.025 0.025 0.025 0.025 0.025 0.025 0.025 0.025 0.025 0.025 0.025 0.025 0.025 0.025 0.025 0.025 0.025 0.025 0.025 0.025 0.025 0.025 0.025 0.025 0.025 0.025 0.025 0.025 0.025 0.025 0.025 0.025 0.025 0.025 0.025 0.025 0.025 0.025 0.025 0.02 0.02 0.02 0.02 0.02 0.02 0.02 0.02 0.02 0.02 0.02 0.02 0.02 0.02 0.02 0.02 0.02 0.02 0.02 0.02 0.02 0.02 0.02 0.02 0.02 0.02 0.02 0.02 0.02 0.02 0.02 0.02 0.02 0.02 0.02 0.02 0.02 0.02 0.02 0.02 0.02 0.02 0.02 0.02 0.02 0.02 0.02 0.02 0.02 0.02 0.02 0.02 0.02 0.02 0.02 0.02 0.02 0.02 0.02 0.02 0.02 0.02 0.02 0.02 0.02 0.02 0.02 0.02 0.02 0.02 0.02 0.02 0.02 0.02 0.02 0.02 0.02 0.02 0.02 0.02 0.02 0.02 0.02 0.02 0.02 0.02 0.02 0.02 0.02 0.02 0.02 0.02 0.02 0.02 0.02 0.02 0.02 0.02 0.02 0.02 0.02 0.02 0.02 0.02 0.02 0.02 0.02 0.02 0.02 0.02 0.02 0.02 0.02 0.02 0.02 0.02 0.02 0.02 0.02 0.02 0.02 0.02 0.02 0.02 0.02],matlab_r2025a;octave_agrees,yes
dr_opts,[0.014 0.02 0.03 0.035],matlab_r2025a;octave_agrees,yes
earth_cargo,[35.2993333333 28.3333333333 28.3333333333 29.5203333333 28.3333333333 28.3333333333 29.5203333333 78.6123333333 33.3333333333 41.5203333333 45.4683333333 46.6553333333 45.0813333333 46.6553333333 45.4683333333 36.6553333333 37.8423333333 39.0293333333 37.8423333333 138.700633333 39.2191633333 38.0306933333 69.6032233333 68.0277533333 39.2132833333 211.611813333 231.172788333 1272.06392333 8451.04323333 52.9083333333 53.8869833333 51.7176333333 51.5092833333 52.1009333333 49.9315833333 101.918233333 1323.04009833 1298.27655333 1409.98420833 1348.84928333 1217.70330833 1144.31787162 1379.33572857 1555.7842069 1806.71960717 2068.49610541 1676.95031253 1858.72740235 1991.55804599 2116.35381272 2233.88601562 2325.09294133 2389.88862685 2464.73954464 2437.52829102 2338.78971228 2745.62277016 3164.52436362 3660.07388968 4269.4325035 4970.33304967 4333.04428724 4826.14615905 5448.95220756 6037.18218713 6796.72563124 7581.02872529 8483.21208863 9487.6213454 10611.1561158 12003.6755957 13293.4000539 14861.3210827 16632.1427913 18631.2131294 20817.4341785 23302.5644041 26058.9542089 29172.8515643 32646.5237136 36566.4163597 17437.1155544 18245.1012842 19061.4571869 19924.9660691 20883.1904744 21758.4828387 22763.0779165 23774.3115461 24872.6671728 25993.312295 27090.558286 28271.406918 29483.0270843 30776.8782214 32118.6491675 33966.1931106 35454.6866255 36992.1124801 38603.9418928 40276.6822682 33486.6199636 34683.9091866 35886.525356 37165.7029622 38528.1603151 37846.5686957 37176.7957885 36359.6220211 35473.4778615 34463.336011 33348.7113915 32101.2602397 30721.682912 29219.1983325 27601.4412202 28533.0119898 29557.9846197 30587.9433561 31652.4859649 32783.5520894 33940.9462139 35136.9896529 36370.1134251 37650.3728443 39063.1612432 39106.5818355 39232.2249981 39282.4988153 39286.8370081 39275.1094084 39176.669235 39040.7492484 38842.925673 38581.3477009 38250.1262003 39608.2092726 41012.2363124 42447.7359056 43933.4075898 45513.8890588 34812.6226819 35533.2052241 36253.0896216 36988.5859691 37754.3550057 38533.8565073 39314.0413316 40126.6392657 40938.557525 41780.3476943 42641.0890776 43502.6704839 44397.3728921 45310.8392191 46241.0554185 47173.807984 48142.4028737 49143.8538848 50133.2173302 51177.1020353 58922.9822138 60457.6381934 62016.7726404 63609.9232216 65278.3510259 66954.6194377 68673.7771428 70467.664118 72290.0839573 74142.5634561 76070.8940858 78050.0693546 80061.1531898 82124.8836936 84254.3912765 86435.9941943 88658.1201992 90964.7224193 93316.7743534 95724.3213951 44484.3722496 44484.3722496 44484.3722496 44484.3722496 44484.3722496 44484.3722496 44484.3722496 44484.3722496 44484.3722496 44484.3722496 44484.3722496 44484.3722496 44484.3722496 44484.3722496 44484.3722496 44484.3722496 44484.3722496 44484.3722496 44484.3722496 44484.3722496],matlab_r2025a;octave_agrees,yes
ec_25,[35.2993333333 28.3333333333 28.3333333333 29.5203333333 28.3333333333 28.3333333333 29.5203333333 78.6123333333 33.3333333333 41.5203333333 45.4683333333 46.6553333333 45.0813333333 46.6553333333 45.4683333333 36.6553333333 37.8423333333 39.0293333333 37.8423333333 138.700633333 39.2191633333 38.0306933333 69.6032233333 68.0277533333 39.2132833333 211.611813333 231.172788333 1272.06392333 8451.04323333 52.9083333333 53.8869833333 51.7176333333 51.5092833333 52.1009333333 49.9315833333 101.918233333 1270.54009833 1295.77655333 1407.48420833 1346.34928333 1215.20330833 1141.81787162 1324.33572857 1550.7842069 1749.21960717 2218.49610541 1676.95031253 1858.72740235 1991.55804599 2116.35381272 2233.88601562 2325.09294133 2389.88862685 2464.73954464 2437.52829102 2338.78971228 2745.62277016 3164.52436362 3660.07388968 4269.4325035 4970.33304967 4333.04428724 4826.14615905 5448.95220756 6037.18218713 6796.72563124 7581.02872529 8483.21208863 9487.6213454 10611.1561158 12003.6755957 13293.4000539 14861.3210827 16632.1427913 18631.2131294 20817.4341785 23302.5644041 26058.9542089 29172.8515643 32646.5237136 36566.4163597 17437.1155544 18245.1012842 19061.4571869 19924.9660691 20883.1904744 21758.4828387 22763.0779165 23774.3115461 24872.6671728 25993.312295 27152.8360767 28397.8718482 29675.340061 31036.6231981 32447.2135861 34609.5269245 36240.5154976 37932.2491313 39711.1350788 41564.6007566 34578.695545 35814.5632564 37056.8847747 38377.3463342 39782.6829895 39145.1414864 38521.3354397 37751.4778351 36914.4529778 35955.1053134 34892.9665078 33700.1508211 32376.9403539 30932.7178673 29375.4311039 30369.7035014 31459.3378755 32556.2314957 33690.299337 34893.2140662 44366.1086842 46442.1108726 48611.6245749 50865.0738226 53328.7230985 54051.3943627 54822.5980118 55539.0246977 56201.7655371 56801.8302072 57328.1287392 57810.5283769 58172.9462066 58472.2810838 58648.4296582 61383.8144026 64259.3176948 67247.0803563 70401.2529876 73678.3479431 23917.9337533 23940.8047667 23963.0869733 23987.9925667 24013.84974 24037.9373133 24063.9731667 24091.07212 24117.9060133 24144.0806867 24171.82496 24200.4076933 24229.3456667 24260.9064067 24290.74238 24320.8730733 24354.1539333 24385.5684867 24417.22516 24452.06842 24605.64068 24653.3648467 24703.87354 24751.5069467 24803.70694 24855.1537467 24909.30622 24965.0111733 25021.2991467 25078.94256 25137.7129333 25199.7413933 25260.9460067 25326.7775467 25392.7057667 25459.7410867 25529.3958467 25599.2384267 25673.7798333 25747.8760933 24863.2360933 24863.2360933 24863.2360933 24863.2360933 24863.2360933 24863.2360933 24863.2360933 24863.2360933 24863.2360933 24863.2360933 24863.2360933 24863.2360933 24863.2360933 24863.2360933 24863.2360933 24863.2360933 24863.2360933 24863.2360933 24863.2360933 24863.2360933],matlab_r2025a;octave_agrees,yes
ec_k,[35.2993333333 28.3333333333 28.3333333333 29.5203333333 28.3333333333 28.3333333333 29.5203333333 78.6123333333 33.3333333333 41.5203333333 45.4683333333 46.6553333333 45.0813333333 46.6553333333 45.4683333333 36.6553333333 37.8423333333 39.0293333333 37.8423333333 139.120633333 39.6391633333 38.4506933333 70.0232233333 68.4477533333 39.6332833333 212.031813333 232.394988333 1278.38072333 8491.17423333 91.7163333333 91.3719833333 87.8796333333 86.3482833333 85.6169333333 82.1245833333 132.788233333 1359.34069833 1340.74695333 1459.94320833 1407.31328333 1285.84830833 1223.59707162 1471.32832857 1662.0442069 1928.98580717 2208.60810541 1827.99911253 2020.51980235 2163.55224599 2297.45781272 2422.46601562 2518.57854133 2584.68042685 2655.99074464 2618.69109102 2501.24571228 2935.04277016 3385.36036362 3917.57588968 4569.6485035 5320.36104967 4725.78628724 5266.81015905 5943.37620756 6591.91818713 7419.12363124 8279.40472529 9266.80608863 10366.8073454 11597.6101158 13110.5015957 14535.2560539 16254.7130827 18195.5507913 20385.3851294 22785.6381785 25510.9244041 28536.7862089 31953.0415643 35765.9057136 40066.4443597 21101.2375544 22080.9612842 23077.1611869 24128.9140691 25284.2444744 26365.8408387 27586.4419165 28823.7615461 30158.8711728 31527.316295 32883.996286 34336.458918 35832.3770843 37423.9242214 39077.2931675 41251.0511106 43081.0466255 44976.0184801 46962.1098928 49026.7102682 42545.2219636 44061.9631866 45595.287356 47216.8489622 48933.7443151 50582.9179157 52395.3104285 54219.5701411 56142.0385015 58116.669211 60171.6132315 62288.6307397 64476.175152 66754.0603125 69143.4144202 71540.1859898 74082.3442197 76680.2385561 79372.2391649 82185.1826894 85085.6860139 88084.9910529 91184.4212251 94398.9878443 97811.0966432 101162.225751 104753.72087 108437.704795 112251.692496 116229.320448 120312.968563 124558.492692 128950.630017 133491.885745 138198.87244 143076.935193 148133.860152 153343.832546 158740.24295 164372.170979 125447.221562 128022.618184 130637.516822 133306.035729 136043.219806 138838.174747 141670.452692 144580.005346 147531.602965 150556.236174 153646.054198 156778.178004 159995.796252 163274.632019 166620.948058 170018.448784 173506.195834 177071.283165 180682.30565 184401.268915 212597.803654 218111.791633 223746.23424 229524.866262 235487.635026 241565.735278 247800.684823 254230.902518 260803.726197 267537.730176 274467.143046 281576.168075 288855.24359 296321.492334 303992.212236 311855.313074 319911.337639 328200.788339 336691.601713 345393.003315 158817.74217 158817.74217 158817.74217 158817.74217 158817.74217 158817.74217 158817.74217 158817.74217 158817.74217 158817.74217 158817.74217 158817.74217 158817.74217 158817.74217 158817.74217 158817.74217 158817.74217 158817.74217 158817.74217 158817.74217],matlab_r2025a;octave_agrees,yes
ef,0.3,matlab_r2025a;octave_agrees,yes
ef_base,0.008,matlab_r2025a;octave_agrees,yes
ef_h,0.33,matlab_r2025a;octave_agrees,yes
exr_25,[-2.58214623333 -2.07258333333 -2.07258333333 -2.15941238333 -2.07258333333 -2.07258333333 -2.15941238333 -5.75049218333 -2.43833333333 -3.03721238333 -3.32600858333 -3.41283763333 -3.29769953333 -3.41283763333 -3.32600858333 -2.68133763333 -2.76816668333 -2.85499573333 -2.76816668333 -10.1459513283 -2.86888179783 -2.78194521733 -5.09147578683 -4.97623015633 -2.86845167583 -8.84537379733 -9.66302255233 -53.1722719953 -353.253607153 -2.21156833333 -2.25247590333 -2.13304517226 -2.09581590138 -2.0909240347 -1.97610432558 -3.97688004014 -48.8705117367 -49.1208418099 -52.5730257421 -49.5409952581 -44.039697016 -40.7453825308 -46.5222189951 -53.6149212126 -59.5029235019 -46.366568603 -33.5893776456 -35.6133564335 -36.4258207114 -36.8672008707 -36.9712324122 -36.457980466 -35.3948779094 -34.3592086741 -31.8593174294 -28.534111536 -31.1090385553 -33.1023488794 -35.1018928881 -37.2316928826 -38.9549852768 -32.5452248262 -34.6728438115 -37.3678925609 -39.4303461597 -42.1715585651 -44.5622344759 -47.0950821108 -49.5728215297 -51.978085036 -54.8793043641 -56.4346374162 -58.2378019929 -59.7457754332 -60.8425553756 -61.1837401401 -60.8779495058 -59.5691406368 -57.1605560338 -53.3056520012 -47.7648813699 -22.777232193 -23.8326635524 -24.8990284504 -26.0269869277 -27.2786675572 -28.422018208 -29.7342705284 -31.0551944571 -32.4899214944 -33.9537641854 -35.4683921252 -37.0947201017 -38.7634129547 -40.5415890526 -42.3841727469 -45.2086945452 -47.3391733688 -49.5490004277 -51.8726701967 -54.2937597383 -45.1684210557 -46.7827732536 -48.4055557369 -50.1304086491 -51.966129655 -51.1333410667 -50.3184944181 -49.3128679221 -48.2195042023 -46.9663563156 -45.5789375008 -44.02082201 -42.2923783372 -40.4058627142 -38.3716568795 -39.6704251987 -41.0937600999 -42.5265773912 -44.0079535089 -45.5792608739 -57.9532294687 -60.6650073274 -63.498934601 -66.4425026807 -69.6606445475 -70.6046338863 -71.6120186529 -72.5478510114 -73.4135562329 -74.1973907082 -74.8848681656 -75.5150026924 -75.9884109823 -76.3794171657 -76.6095112411 -80.1826075634 -83.9387337389 -87.8414987154 -91.961636715 -96.2423420006 -31.2428009653 -31.2726762265 -31.3017823589 -31.3343152902 -31.3680912229 -31.3995556155 -31.433564949 -31.4689629567 -31.5040147299 -31.538205397 -31.574446354 -31.6117825494 -31.6495827771 -31.6908089937 -31.7297822339 -31.769140452 -31.8126135754 -31.8536488357 -31.8950003653 -31.9405143736 -32.1411181383 -32.203457831 -32.2694348116 -32.3316559491 -32.3998421904 -32.4670445816 -32.5377812499 -32.6105458452 -32.6840720103 -32.759368719 -32.8361375192 -32.917162195 -32.9971107212 -33.0831031703 -33.1692219077 -33.2567867945 -33.3477733247 -33.4390051948 -33.5363749073 -33.6331631469 -32.4776021469 -32.4776021469 -32.4776021469 -32.4776021469 -32.4776021469 -32.4776021469 -32.4776021469 -32.4776021469 -32.4776021469 -32.4776021469 -32.4776021469 -32.4776021469 -32.4776021469 -32.4776021469 -32.4776021469 -32.4776021469 -32.4776021469 -32.4776021469 -32.4776021469 -32.4776021469],matlab_r2025a;octave_agrees,yes
ext_rockets,[-2.58214623333 -2.07258333333 -2.07258333333 -2.15941238333 -2.07258333333 -2.07258333333 -2.15941238333 -5.75049218333 -2.43833333333 -3.03721238333 -3.32600858333 -3.41283763333 -3.29769953333 -3.41283763333 -3.32600858333 -2.68133763333 -2.76816668333 -2.85499573333 -2.76816668333 -10.1459513283 -2.86888179783 -2.78194521733 -5.09147578683 -4.97623015633 -2.86845167583 -8.84537379733 -9.66302255233 -53.1722719953 -353.253607153 -2.21156833333 -2.25247590333 -2.13304517226 -2.09581590138 -2.0909240347 -1.97610432558 -3.97688004014 -50.8898906367 -49.2156128599 -52.6664069421 -49.6329866081 -44.130298516 -40.8345941808 -48.4542985951 -53.7877851126 -61.4588918019 -43.231568603 -33.5893776456 -35.6133564335 -36.4258207114 -36.8672008707 -36.9712324122 -36.457980466 -35.3948779094 -34.3592086741 -31.8593174294 -28.534111536 -31.1090385553 -33.1023488794 -35.1018928881 -37.2316928826 -38.9549852768 -32.5452248262 -34.6728438115 -37.3678925609 -39.4303461597 -42.1715585651 -44.5622344759 -47.0950821108 -49.5728215297 -51.978085036 -54.8793043641 -56.4346374162 -58.2378019929 -59.7457754332 -60.8425553756 -61.1837401401 -60.8779495058 -59.5691406368 -57.1605560338 -53.3056520012 -47.7648813699 -22.777232193 -23.8326635524 -24.8990284504 -26.0269869277 -27.2786675572 -28.422018208 -29.7342705284 -31.0551944571 -32.4899214944 -33.9537641854 -35.4683921252 -37.0947201017 -38.7634129547 -40.5415890526 -42.3841727469 -45.2086945452 -47.3391733688 -49.5490004277 -51.8726701967 -54.2937597383 -45.1684210557 -46.7827732536 -48.4055557369 -50.1304086491 -51.9455562175 -51.1323613792 -50.3175147306 -49.3118882346 -48.2185245148 -46.9654048431 -45.5779860283 -44.0198705375 -42.2914268647 -40.4049112417 -38.370705407 -39.6694737262 -41.0928086274 -42.5256259187 -44.0070020364 -45.5783094014 -47.1874569758 -48.8503828786 -50.5650704362 -52.3454557712 -54.2819778106 -54.4737521846 -54.7575804422 -54.9470534974 -55.0810444391 -55.198425073 -55.2071489257 -55.1719570493 -55.0609978332 -54.8717134655 -54.5968447604 -56.5344566362 -58.5375851698 -60.5877660375 -62.7098699388 -64.9415048999 -49.4726961826 -50.4955904627 -51.5197934163 -52.5658634155 -53.6531541273 -54.7602656941 -55.8699769377 -57.0241328431 -58.1791408177 -59.3749225397 -60.5978029403 -61.8235697279 -63.0947878816 -64.3923383192 -65.7141802834 -67.0415771135 -68.4176695749 -69.839339171 -71.2471342559 -72.729036979 -83.8994495799 -86.0834183834 -88.3042744445 -90.5739463977 -92.9471383778 -95.3354262371 -97.7848282059 -100.337173872 -102.932360534 -105.572242373 -108.31668371 -111.13364545 -113.998257622 -116.93766405 -119.969455295 -123.075627587 -126.241506371 -129.524376164 -132.873703026 -136.302482229 -62.2058178454 -62.2058178454 -62.2058178454 -62.2058178454 -62.2058178454 -62.2058178454 -62.2058178454 -62.2058178454 -62.2058178454 -62.2058178454 -62.2058178454 -62.2058178454 -62.2058178454 -62.2058178454 -62.2058178454 -62.2058178454 -62.2058178454 -62.2058178454 -62.2058178454 -62.2058178454],matlab_r2025a;octave_agrees,yes
ext_total,[-2.58214623333 -2.07258333333 -2.07258333333 -1.71053738333 -1.17483333333 -0.725958333333 0.0849626166667 -2.60836718333 1.60154166667 2.34928761667 5.20261641667 10.5022873667 17.7994254667 27.1106623667 38.4193664167 52.5302873667 68.6029583167 87.8177542667 109.899458317 127.659922013 163.216982659 194.27776128 226.085215603 262.56354518 304.179452833 340.857731203 386.444780026 394.367043612 156.903392847 566.299181667 627.305274097 690.267204828 755.391309099 822.727450965 892.417895674 962.23711996 988.375777271 1062.24730101 1130.70197593 1205.04028058 1281.41971137 1355.82519408 1419.3608035 1485.9988314 1551.06273481 1643.2763064 1722.15351372 1788.25120957 1854.33480757 1920.4052042 1986.43735424 2053.69354954 2122.7283515 2193.24079333 2268.01691727 2346.9547355 2427.17140251 2516.488714 2615.88119865 2727.04643438 2852.64501472 2983.92729474 3130.14619093 3604.87445064 3832.7184304 4090.92809019 4383.62613307 4712.7767218 5081.32642349 5492.36925244 5948.77991635 6456.70259174 7018.85642604 7640.61169002 8327.48759436 9085.87668149 9922.44066237 10845.1146413 11862.4801102 12984.3826176 14221.6966424 14907.0612685 15567.5564596 16230.001858 16895.1706391 18500.0875382 20111.4567668 21729.9443979 23356.6975471 24992.6435759 26638.9473925 28296.2686208 29965.7287855 31668.2743755 33411.0559683 35173.1957536 36955.3780115 38760.9556271 40590.9107265 42447.046632 44331.3037403 46025.0230722 47736.4426616 49477.2333833 51248.2743472 52114.3593827 53013.6791945 53944.6864256 54908.6876001 55906.7364764 56940.102669 58010.0005496 59117.7500669 60264.679668 61452.1527726 62364.2285632 63316.2554135 64312.9681392 65356.0620614 66447.1340674 67587.8364406 68779.9746546 70025.3479868 71325.8376827 72683.3753059 74099.8845251 75579.3513596 77122.0976752 78730.5446731 80406.9670825 82153.7212226 83973.3787973 85868.4421679 87841.6008169 89895.6086543 92350.6759425 94890.0988178 97519.0770606 100240.789609 103058.483519 105975.508495 107746.126472 109536.19847 111362.951058 113227.114928 115129.437364 117070.722103 119051.784726 121073.398098 123136.437207 125241.710556 127390.097617 129277.412126 131201.250482 133164.489046 135167.937319 137212.438037 139298.788934 141427.851223 143600.560026 145817.720963 148666.50719 151598.267667 154605.893146 157691.3353 160856.553825 164103.703658 167434.858755 170852.152105 174357.874893 177954.314065 181643.757769 185428.646799 189311.477098 193294.756518 197381.068049 201573.097552 205873.596576 210285.315515 214811.185218 219454.147518 219528.244182 219528.244182 219528.244182 219528.244182 219528.244182 219528.244182 219528.244182 219528.244182 219528.244182 219528.244182 219528.244182 219528.244182 219528.244182 219528.244182 219528.244182 219528.244182 219528.244182 219528.244182 219528.244182 219528.244182],matlab_r2025a;octave_agrees,yes
fossil_frac,[1 1 1 1 1 1 1 1 1 1 1 1 1 1 1 1 1 1 1 1 1 1 1 1 1 1 1 1 1 1 1 0.9867 0.9734 0.9601 0.9468 0.9335 0.9202 0.9069 0.8936 0.8803 0.867 0.8537 0.8404 0.8271 0.8138 0.8 0.7667 0.7334 0.7001 0.6668 0.6335 0.6002 0.5669 0.5336 0.5003 0.467 0.4337 0.4004 0.3671 0.3338 0.3 0.2875 0.275 0.2625 0.25 0.2375 0.225 0.2125 0.2 0.1875 0.175 0.1625 0.15 0.1375 0.125 0.1125 0.1 0.0875 0.075 0.0625 0.05 0.05 0.05 0.05 0.05 0.05 0.05 0.05 0.05 0.05 0.05 0.05 0.05 0.05 0.05 0.05 0.05 0.05 0.05 0.05 0.05 0.05 0.05 0.05 0.05 0.05 0.05 0.05 0.05 0.05 0.05 0.05 0.05 0.05 0.05 0.05 0.05 0.05 0.05 0.05 0.05 0.05 0.05 0.05 0.05 0.05 0.05 0.05 0.05 0.05 0.05 0.05 0.05 0.05 0.05 0.05 0.05 0.05 0.05 0.05 0.05 0.05 0.05 0.05 0.05 0.05 0.05 0.05 0.05 0.05 0.05 0.05 0.05 0.05 0.05 0.05 0.05 0.05 0.05 0.05 0.05 0.05 0.05 0.05 0.05 0.05 0.05 0.05 0.05 0.05 0.05 0.05 0.05 0.05 0.05 0.05 0.05 0.05 0.05 0.05 0.05 0.05 0.05 0.05 0.05 0.05 0.05 0.05 0.05 0.05 0.05 0.05 0.05 0.05 0.05 0.05 0.05 0.05 0.05 0.05 0.05],octave_8_4_only(matlab_v2.0_dropped),yes
frac,0.983333333333,matlab_r2025a;octave_agrees,yes
fsp.mass_kg,6600,matlab_r2025a;octave_agrees,yes
fsp.power_kw,40,matlab_r2025a;octave_agrees,yes
gc,[0.15 0.2 0.3],matlab_r2025a;octave_agrees,yes
geo_insurance_per_yr,15000,matlab_r2025a;octave_agrees,yes
geo_threshold,0.01,matlab_r2025a;octave_agrees,yes
gval,25000,matlab_r2025a;octave_agrees,yes
h2_attribution,0.5,matlab_r2025a;octave_agrees,yes
h2_co2_mult,12,matlab_r2025a;octave_agrees,yes
h2_per_gw_yr,150000,matlab_r2025a;octave_agrees,yes
hauler.life_yr,10,matlab_r2025a;octave_agrees,yes
hauler.maint_kg_yr,9,matlab_r2025a;octave_agrees,yes
hauler.mass_kg,1450,matlab_r2025a;octave_agrees,yes
hauler.throughput_yr,1500,matlab_r2025a;octave_agrees,yes
hauler_ore_frac,[1 1 1 1 1 1 1 1 1 1 1 1 1 1 1 1 1 1 1 1 1 1 1 1 1 1 1 1 1 1 1 1 1 1 1 1 1 1 1 1 1 0.99 0.98 0.97 0.96 0.95 0.94 0.93 0.92 0.91 0.9 0.89 0.88 0.87 0.86 0.85 0.84 0.83 0.82 0.81 0.8 0.79 0.78 0.77 0.76 0.75 0.74 0.73 0.72 0.71 0.7 0.69 0.68 0.67 0.66 0.65 0.64 0.63 0.62 0.61 0.6 0.59 0.58 0.57 0.56 0.55 0.54 0.53 0.52 0.51 0.5 0.49 0.48 0.47 0.46 0.45 0.45 0.45 0.45 0.45 0.45 0.45 0.45 0.45 0.45 0.45 0.45 0.45 0.45 0.45 0.45 0.45 0.45 0.45 0.45 0.45 0.45 0.45 0.45 0.45 0.45 0.45 0.45 0.45 0.45 0.45 0.45 0.45 0.45 0.45 0.45 0.45 0.45 0.45 0.45 0.45 0.45 0.45 0.45 0.45 0.45 0.45 0.45 0.45 0.45 0.45 0.45 0.45 0.45 0.45 0.45 0.45 0.45 0.45 0.45 0.45 0.45 0.45 0.45 0.45 0.45 0.45 0.45 0.45 0.45 0.45 0.45 0.45 0.45 0.45 0.45 0.45 0.45 0.45 0.45 0.45 0.45 0.45 0.45 0.45 0.45 0.45 0.45 0.45 0.45 0.45 0.45 0.45 0.45 0.45 0.45 0.45 0.45 0.45 0.45 0.45 0.45 0.45 0.45 0.45 0.45],octave_8_4_only(matlab_v2.0_dropped),yes
i,201,matlab_r2025a;octave_agrees,yes
i160,161,matlab_r2025a;octave_agrees,yes
i200,201,matlab_r2025a;octave_agrees,yes
idx,13,matlab_r2025a;octave_agrees,yes
insitu_cost_per_kg,100,matlab_r2025a;octave_agrees,yes
ir_frac,0.15,matlab_r2025a;octave_agrees,yes
j,9,matlab_r2025a;octave_agrees,yes
k,4,octave_8_4_only(matlab_v2.0_dropped),yes
launch_cost,[6000 6000 6000 6000 6000 6000 6000 6000 6000 6000 6000 6000 6000 6000 6000 6000 6000 6000 6000 6000 6000 6000 6000 6000 6000 4000 4000 4000 4000 4000 4000 4000 4000 4000 4000 4000 4000 4000 4000 4000 4000 4000 4000 4000 4000 2000 2000 2000 2000 2000 2000 2000 2000 2000 2000 2000 2000 2000 2000 2000 2000 2000 2000 2000 2000 2000 2000 2000 2000 2000 2000 2000 2000 2000 2000 2000 2000 2000 2000 2000 2000 2000 2000 2000 2000 2000 2000 2000 2000 2000 2000 2000 2000 2000 2000 2000 2000 2000 2000 2000 2000 2000 2000 2000 2000 2000 2000 2000 2000 2000 2000 2000 2000 2000 2000 2000 2000 2000 2000 2000 2000 2000 2000 2000 2000 2000 2000 2000 2000 2000 2000 2000 2000 2000 2000 2000 2000 2000 2000 2000 2000 2000 2000 2000 2000 2000 2000 2000 2000 2000 2000 2000 2000 2000 2000 2000 2000 2000 2000 2000 2000 2000 2000 2000 2000 2000 2000 2000 2000 2000 2000 2000 2000 2000 2000 2000 2000 2000 2000 2000 2000 2000 2000 2000 2000 2000 2000 2000 2000 2000 2000 2000 2000 2000 2000 2000 2000 2000 2000 2000 2000],matlab_r2025a;octave_agrees,yes
leo_cost_per_kg,500,matlab_r2025a;octave_agrees,yes
maint_armc,[3 3 3 3 3 3 3 3 3 3 3 3 3 3 3 3 3 3 3 3 3 3 3 3 3 3 3 3 3 3 3 3 3 3 3 3 3 3 3 3 3 3 3 3 3 3 3 3 3 3 3 3 3 3 3 3 3 3 3 3 3 3 3 3 3 3 3 3 3 3 3 3 3 3 3 3 3 3 3 3 3 3 3 3 3 3 3 3 3 3 3 3 3 3 3 3 3 3 3 3 3 3 3 3 3 3 3 3 3 3 3.15 3.15 3.3 3.45 3.6 3.6 3.75 3.9 4.05 4.2 4.35 4.5 4.65 4.8 4.95 5.1 5.25 5.55 5.7 5.85 6.15 6.3 6.6 6.75 7.05 7.2 7.5 7.8 7.95 8.25 8.55 5.25 5.25 5.4 5.55 5.7 5.7 5.85 6 6.15 6.15 6.3 6.45 6.6 6.75 6.9 7.05 7.2 7.35 7.5 7.65 9.75 10.05 10.35 10.5 10.8 11.1 11.4 11.7 12 12.3 12.6 12.9 13.2 13.65 13.95 14.25 14.7 15 15.45 15.9 3 3 3 3 3 3 3 3 3 3 3 3 3 3 3 3 3 3 3 3],octave_8_4_only(matlab_v2.0_dropped),yes
maint_sinter,[7.33333333333 7.33333333333 7.33333333333 7.33333333333 7.33333333333 7.33333333333 7.33333333333 7.33333333333 7.33333333333 7.33333333333 7.33333333333 7.33333333333 7.33333333333 7.33333333333 7.33333333333 7.33333333333 7.33333333333 7.33333333333 7.33333333333 7.33333333333 7.33333333333 7.33333333333 7.33333333333 7.33333333333 7.33333333333 7.33333333333 7.33333333333 7.33333333333 7.33333333333 7.33333333333 7.33333333333 7.33333333333 7.33333333333 7.33333333333 7.33333333333 7.33333333333 7.33333333333 7.33333333333 7.33333333333 7.33333333333 7.33333333333 7.33333333333 7.33333333333 7.33333333333 7.33333333333 7.33333333333 7.33333333333 7.33333333333 7.33333333333 7.33333333333 7.33333333333 7.33333333333 7.33333333333 7.33333333333 7.33333333333 7.33333333333 7.33333333333 7.33333333333 7.33333333333 7.33333333333 7.33333333333 7.33333333333 7.33333333333 7.33333333333 7.33333333333 7.33333333333 7.33333333333 7.33333333333 7.33333333333 7.33333333333 7.33333333333 7.33333333333 7.33333333333 7.33333333333 7.33333333333 7.33333333333 7.33333333333 7.33333333333 7.33333333333 7.33333333333 7.33333333333 7.33333333333 7.33333333333 7.33333333333 7.33333333333 7.33333333333 7.33333333333 7.33333333333 7.33333333333 7.33333333333 7.33333333333 7.33333333333 7.33333333333 7.33333333333 7.33333333333 7.33333333333 7.33333333333 7.33333333333 7.33333333333 7.33333333333 7.33333333333 7.33333333333 7.33333333333 7.33333333333 7.33333333333 7.33333333333 7.33333333333 7.33333333333 7.33333333333 7.33333333333 7.48 7.62666666667 7.92 8.21333333333 8.50666666667 8.8 9.09333333333 9.38666666667 9.82666666667 10.12 10.4133333333 10.8533333333 11.2933333333 11.5866666667 12.0266666667 12.4666666667 12.9066666667 13.3466666667 13.7866666667 14.2266666667 14.8133333333 15.2533333333 15.84 16.4266666667 17.0133333333 17.6 18.1866666667 18.7733333333 19.5066666667 20.24 20.8266666667 12.6133333333 12.9066666667 13.0533333333 13.3466666667 13.64 13.9333333333 14.2266666667 14.52 14.8133333333 15.1066666667 15.4 15.6933333333 15.9866666667 16.4266666667 16.72 17.0133333333 17.4533333333 17.7466666667 18.04 18.48 23.76 24.3466666667 25.08 25.6666666667 26.4 26.9866666667 27.72 28.4533333333 29.1866666667 29.92 30.6533333333 31.5333333333 32.2666666667 33.1466666667 34.0266666667 34.9066666667 35.7866666667 36.6666666667 37.6933333333 38.5733333333 7.33333333333 7.33333333333 7.33333333333 7.33333333333 7.33333333333 7.33333333333 7.33333333333 7.33333333333 7.33333333333 7.33333333333 7.33333333333 7.33333333333 7.33333333333 7.33333333333 7.33333333333 7.33333333333 7.33333333333 7.33333333333 7.33333333333 7.33333333333],matlab_r2025a;octave_agrees,yes
mf,0.9,matlab_r2025a;octave_agrees,yes
mkiii_life,15,matlab_r2025a;octave_agrees,yes
mkiii_mass_kg,1200,matlab_r2025a;octave_agrees,yes
mkiii_replace,20,matlab_r2025a;octave_agrees,yes
mkiii_target,1714,matlab_r2025a;octave_agrees,yes
molei.mass_kg,360,matlab_r2025a;octave_agrees,yes
molei.propellant_yr,5692,matlab_r2025a;octave_agrees,yes
molei_needed,[18 18 18 19 19 19 20 137 137 138 143 149 153 159 164 170 177 185 192 200 208 215 224 231 239 247 257 268 280 290 302 312 323 335 345 357 350 343 336 329 322 315 308 301 294 287 289 292 294 296 299 301 303 306 308 310 313 315 317 320 322 309 296 283 271 258 245 232 219 206 193 182 170 158 147 135 123 112 100 88 77 72 67 62 58 53 53 53 53 53 53 53 53 53 53 53 53 53 53 53 53 53 53 53 53 53 53 53 53 53 53 53 53 53 53 53 53 53 53 53 53 53 53 53 53 53 53 53 53 53 53 53 53 53 53 53 53 53 53 53 53 53 53 53 53 53 53 53 53 53 53 53 53 53 53 53 53 53 53 53 53 53 53 53 53 53 53 53 53 53 53 53 53 53 53 53 53 53 53 53 53 53 53 53 53 53 53 53 53 53 53 53 53 53 53 53 53 53 53 53 53],matlab_r2025a;octave_agrees,yes
msr.life_yr,20,matlab_r2025a;octave_agrees,yes
msr.mass_kg,50000,matlab_r2025a;octave_agrees,yes
msr.power_mw,100,matlab_r2025a;octave_agrees,yes
mtype_bonus,0.1,matlab_r2025a;octave_agrees,yes
mult,0.5,matlab_r2025a;octave_agrees,yes
net_25,[-820.276146233 -757.072583333 -757.072583333 -766.518537383 -755.299833333 -754.850958333 -763.848037383 -1208.36936718 -796.648458333 -868.708712383 -897.887383583 -898.895712633 -873.932574533 -874.412337633 -848.920633583 -751.117712633 -740.478041683 -725.821245733 -687.806541683 -1571.64552392 -634.63005699 -587.622749786 -833.842559718 -777.934143503 -470.861554866 -1717.8400608 -1770.15295831 -7377.1094095 -46392.5437141 -601.156016303 -536.684629991 -454.133205454 -380.009007452 -307.117771928 -217.837833632 -419.996515831 -6722.41208278 -6790.32246556 -7332.94469849 -6937.62480141 -6166.35241252 -5718.46233979 -6666.18511064 -7859.6589371 -8912.19845893 -5489.01414549 -4028.25172253 -4473.4250219 -4808.98578827 -5138.21367007 -5468.62905313 -5750.96180377 -5990.69020933 -6285.93158245 -6356.70848331 -6287.27710434 -7480.62140546 -8735.71739052 -10226.9470866 -12046.510845 -14717.1852226 -12490.8979145 -13910.3759418 -15370.3154635 -17041.1850737 -19232.4898815 -21391.4079673 -23938.2485463 -26782.7636907 -29976.1547768 -33900.152001 -37628.2167608 -42131.7544362 -47227.7471612 -52995.9163484 -59346.3344921 -66576.9117086 -74636.6108477 -83761.4608228 -93977.4967546 -105474.473488 -41279.8769206 -43212.1265371 -45198.1196702 -47324.6602144 -47191.9183123 -48431.559935 -50057.9348137 -51724.993205 -53646.1346278 -55646.3141579 -57779.2874246 -60159.0388747 -62630.8121259 -65330.0455726 -68178.3914752 -71196.6274334 -74504.4478856 -77991.3002765 -81716.8426123 -85660.7252475 -60028.0230317 -62117.2565417 -64218.4896211 -66512.9476198 -70515.9283605 -68952.2209746 -67494.4582797 -65682.3369566 -63713.072625 -61450.8631534 -58944.2143175 -56125.89969 -52993.345495 -49572.3531069 -46753.2570236 -49542.6392478 -52571.965884 -55617.0209816 -58762.3299946 -62077.4345947 -98665.1622412 -104639.669665 -110873.268941 -117338.182989 -125156.54203 -127997.480711 -131003.681189 -133912.811842 -136742.942228 -139464.704307 -142057.210951 -144599.269784 -146904.408816 -149118.601165 -150777.955515 -158673.865677 -166986.591413 -175640.099531 -184774.440074 -194296.150736 67507.4941839 67210.4686029 66909.7662659 66597.5911717 66277.9485662 65957.4665783 65626.8306154 65287.9897971 64944.3298299 64596.732817 64239.2699091 63873.9097538 63501.5854108 63116.6778206 62729.6986589 62335.5619816 61927.1711015 61516.621064 61098.8440568 60665.9346743 55303.7427365 54610.0742629 53894.4657911 53170.9711386 52420.2851598 51655.5100788 50867.5325782 50058.7656595 49231.1527088 48382.4351179 47512.7645996 46616.131958 45702.3882222 44757.4461232 43792.0069552 42803.1490297 41786.4349137 40747.5275172 39674.4631788 38579.662927 76859.5696645 76859.5696645 76859.5696645 76859.5696645 76859.5696645 76859.5696645 76859.5696645 76859.5696645 76859.5696645 76859.5696645 76859.5696645 76859.5696645 76859.5696645 76859.5696645 76859.5696645 76859.5696645 76859.5696645 76859.5696645 76859.5696645 76859.5696645],matlab_r2025a;octave_agrees,yes
net_direct,[-817.694 -755 -755 -764.808 -754.125 -754.125 -763.933 -1205.761 -798.25 -871.058 -903.09 -909.398 -891.732 -901.523 -887.34 -803.648 -809.081 -813.639 -797.706 -1699.30544593 -797.847039649 -781.900511066 -1059.92777532 -1040.49768868 -775.041007699 -2058.697792 -2156.59773833 -7771.47645311 -46549.4471069 -1167.45519797 -1163.98990409 -1144.40041028 -1135.40031655 -1129.84522289 -1110.25572931 -1382.23363579 -7996.30723895 -7866.16453762 -8477.24005561 -8156.25707334 -7461.3627254 -7087.87674551 -8384.47799374 -9372.8306324 -10775.717162 -6754.15545188 -5750.40523625 -6261.67623148 -6663.32059584 -7058.61887427 -7455.06640737 -7804.65535331 -8113.41856084 -8479.17237578 -8624.72540058 -8634.23183984 -9907.79280797 -11252.2061045 -12842.8282852 -14773.5572794 -17569.8302373 -15474.8252092 -17040.5221327 -18975.1899141 -20873.9035041 -23323.4179717 -25775.0341004 -28651.0252681 -31864.0901141 -35468.5240293 -39848.9319174 -44084.9193525 -49150.6108623 -54868.3588512 -61323.4039427 -68432.2111736 -76499.352371 -85481.725489 -95623.940933 -106961.879372 -119696.17013 -56186.9381891 -58779.6829967 -61428.1215282 -64219.8308535 -65692.0058505 -68543.0167018 -71787.8792116 -75081.6907521 -78638.7782037 -82285.2615504 -85919.8615686 -89808.6053346 -93818.3040595 -98091.739099 -102530.176182 -106543.67091 -111300.831332 -116231.869375 -121395.906279 -126772.232767 -103322.85715 -107027.064029 -110769.824458 -114732.113537 -119493.960484 -118548.222013 -117723.230598 -116560.780842 -115257.360731 -113678.013615 -111871.712125 -109770.561952 -107373.755807 -104707.166891 -102343.249926 -105845.388931 -109624.317932 -113456.929743 -117427.76968 -121609.287142 -125909.065576 -130355.675367 -134948.108184 -139717.293083 -145671.873453 -147467.74774 -149529.526755 -151468.731624 -153362.211867 -155282.658196 -157061.756646 -158823.459196 -160509.978708 -162114.888641 -163639.608958 -169467.470854 -175511.045361 -181722.763633 -188163.255395 -194947.743984 -131739.04011 -134501.432081 -137287.387123 -140135.055932 -143081.409248 -146090.466021 -149122.218683 -152263.986488 -155430.633715 -158698.833426 -162044.359038 -165416.965495 -168907.935666 -172471.481524 -176110.741379 -179787.96045 -183591.67681 -187505.091598 -191428.549355 -195524.39885 -237979.598464 -244351.922996 -250856.265615 -257530.001128 -264475.334502 -271522.296943 -278765.010772 -286289.650145 -293974.77577 -301840.852657 -309991.456079 -318373.664806 -326949.498302 -335767.744388 -344866.002526 -354212.18499 -363789.922759 -373706.415498 -383871.871444 -394311.507164 -97751.243124 -97751.243124 -97751.243124 -97751.243124 -97751.243124 -97751.243124 -97751.243124 -97751.243124 -97751.243124 -97751.243124 -97751.243124 -97751.243124 -97751.243124 -97751.243124 -97751.243124 -97751.243124 -97751.243124 -97751.243124 -97751.243124 -97751.243124],matlab_r2025a;octave_agrees,yes
net_total,[-820.276146233 -757.072583333 -757.072583333 -766.518537383 -755.299833333 -754.850958333 -763.848037383 -1208.36936718 -796.648458333 -868.708712383 -897.887383583 -898.895712633 -873.932574533 -874.412337633 -848.920633583 -751.117712633 -740.478041683 -725.821245733 -687.806541683 -1571.64552392 -634.63005699 -587.622749786 -833.842559718 -777.934143503 -470.861554866 -1717.8400608 -1770.15295831 -7377.1094095 -46392.5437141 -601.156016303 -536.684629991 -454.133205454 -380.009007452 -307.117771928 -217.837833632 -419.996515831 -7007.93146168 -6803.91723661 -7346.53807969 -6951.21679276 -6179.94301402 -5732.05155144 -6965.11719024 -7886.831801 -9224.65442723 -5110.87914549 -4028.25172253 -4473.4250219 -4808.98578827 -5138.21367007 -5468.62905313 -5750.96180377 -5990.69020933 -6285.93158245 -6356.70848331 -6287.27710434 -7480.62140546 -8735.71739052 -10226.9470866 -12046.510845 -14717.1852226 -12490.8979145 -13910.3759418 -15370.3154635 -17041.1850737 -19232.4898815 -21391.4079673 -23938.2485463 -26782.7636907 -29976.1547768 -33900.152001 -37628.2167608 -42131.7544362 -47227.7471612 -52995.9163484 -59346.3344921 -66576.9117086 -74636.6108477 -83761.4608228 -93977.4967546 -105474.473488 -41279.8769206 -43212.1265371 -45198.1196702 -47324.6602144 -47191.9183123 -48431.559935 -50057.9348137 -51724.993205 -53646.1346278 -55646.3141579 -57623.5929478 -59842.8765491 -62150.029684 -64680.6831307 -67356.9804287 -69588.2928985 -72539.8757054 -75640.9586486 -78948.8596471 -82440.9290266 -57297.8340782 -59290.6213673 -61292.5910746 -63483.8391895 -67379.601101 -65534.5428182 -63778.5441721 -61652.093242 -59350.6242546 -56737.9109461 -53861.7115754 -50652.8118851 -47109.0761388 -43255.0141182 -39979.0213628 -42529.1335173 -45311.349793 -48100.8676813 -50980.6356129 -54021.4507013 -57129.0909211 -60330.3273799 -63622.2705017 -67033.9177774 -71571.988928 -71888.3963808 -72407.4290795 -72738.1869506 -72955.2447846 -73128.9369735 -73088.3778489 -72955.0170282 -72668.3778914 -72219.2799871 -71288.9330158 -74577.3720362 -77991.9683 -81481.974024 -85104.7718765 -88972.2354888 -23992.9136387 -24965.2336111 -25924.4360651 -26907.9410041 -27951.9718842 -29019.7439184 -30070.4339569 -31190.5883909 -32294.1965074 -33457.1228702 -34654.2614209 -36139.5533688 -37706.6851838 -39306.9924783 -40942.8040605 -42575.5224123 -44292.8878757 -46077.2403743 -47827.9893291 -49706.6778865 -89313.0912741 -92753.655329 -96250.3724696 -99838.665828 -103618.780677 -107418.593286 -111330.152017 -115437.49804 -119616.900876 -123886.538592 -128347.69831 -132945.018007 -137638.021205 -142472.98787 -147484.934477 -152639.087438 -157916.326183 -163421.099983 -169060.686226 -174857.359647 121777.001058 121777.001058 121777.001058 121777.001058 121777.001058 121777.001058 121777.001058 121777.001058 121777.001058 121777.001058 121777.001058 121777.001058 121777.001058 121777.001058 121777.001058 121777.001058 121777.001058 121777.001058 121777.001058 121777.001058],matlab_r2025a;octave_agrees,yes
npv_25,-441765.299988,matlab_r2025a;octave_agrees,yes
npv_direct,[-793.877669903 -1505.5375813 -2196.46953411 -2875.99153625 -3526.50638578 -4158.07420085 -4779.22163838 -5731.06050616 -6342.85266275 -6991.00162007 -7643.41305076 -8281.24651105 -8888.47261136 -9484.48551902 -10054.0352994 -10554.8421638 -11044.3494748 -11522.276636 -11977.1972213 -12918.0614456 -13346.9435441 -13755.0115572 -14292.0682149 -14803.9241306 -15174.0880323 -16128.6953438 -17099.5720433 -20496.3037387 -40249.3922857 -40730.3683696 -41195.9493683 -41642.5302981 -42074.7925527 -42494.4485091 -42896.7703368 -43385.4318823 -46143.4195143 -48790.3467506 -51573.3235932 -54185.6181847 -56517.0651107 -58677.7909803 -61171.4420211 -63891.0515453 -66941.4607466 -68806.8054799 -70356.2022231 -72002.206391 -73711.069075 -75477.1570144 -77296.9426921 -79155.5968633 -81040.6555557 -82962.6432131 -84869.9411604 -86732.7706531 -88818.2334655 -91128.911027 -93701.9032826 -96589.5164806 -99939.9240229 -102818.859684 -105911.755131 -109271.796369 -112877.900657 -116808.899723 -121047.145408 -125643.390534 -130630.405492 -136046.152896 -141982.347145 -148389.389628 -155358.424016 -162948.424309 -171224.457249 -180234.620599 -190109.451747 -200927.403196 -212791.596511 -225802.289516 -240076.479981 -246645.588368 -253383.078292 -260286.079545 -267361.295545 -274456.793787 -281715.068755 -289167.897704 -296809.842612 -304656.893051 -312706.813137 -320947.490516 -329392.246866 -338041.061273 -346906.521022 -355991.425387 -365246.845585 -374725.937205 -384430.888578 -394368.271177 -404542.275945 -412671.77964 -420927.615805 -429304.620323 -437811.14379 -446497.005172 -454945.158973 -463170.023754 -471153.993296 -478893.885677 -486378.036932 -493598.851508 -500545.120925 -507206.49326 -513575.061426 -519677.795204 -525865.605523 -532148.673838 -538523.902006 -544992.875123 -551560.844283 -558227.702073 -564994.667579 -571862.67329 -578833.974344 -585959.865904 -593032.161088 -600062.724322 -607044.82291 -613975.588012 -620855.543073 -627677.876225 -634441.461218 -641142.840003 -647778.511225 -654345.257234 -661012.525995 -667782.170999 -674653.97246 -681629.802919 -688715.443854 -693409.791514 -698108.597268 -702810.6885 -707516.20208 -712226.444693 -716941.445494 -721659.925089 -726383.347099 -731110.460259 -735842.331774 -740579.218014 -745319.879178 -750065.671706 -754816.570908 -759572.596643 -764332.726325 -769098.253994 -773869.929482 -778645.930072 -783428.46831 -789135.32606 -794880.099547 -800662.150698 -806481.636788 -812340.883811 -818238.302477 -824174.311491 -830151.015736 -836167.821804 -842224.490152 -848322.741584 -854463.083675 -860645.182369 -866869.533156 -873137.191265 -879448.48278 -885803.331793 -892203.405175 -898648.666316 -905139.395777 -906716.920498 -908263.513363 -909779.780877 -911266.317655 -912723.706654 -914152.519398 -915553.316205 -916926.646409 -918273.048569 -919593.050687 -920887.17041 -922155.915237 -923399.782714 -924619.260633 -925814.82722 -926986.951326 -928136.092605 -929262.701703 -930367.220426 -931450.081919],matlab_r2025a;octave_agrees,yes
npv_k,-1218617.58512,matlab_r2025a;octave_agrees,yes
npv_total,[-796.384607994 -1509.99812796 -2202.82678812 -2883.86858058 -3535.39685165 -4167.5726454 -4788.65100055 -5742.54893747 -6353.11364573 -6999.51451243 -7648.16746232 -8278.63482956 -8873.74038725 -9451.82995329 -9996.71980434 -10464.7915303 -10912.7929233 -11339.1364092 -11731.382869 -12601.5648898 -12942.7098174 -13249.3857239 -13671.8868684 -14054.5789182 -14279.4650192 -15076.0183979 -15872.9218868 -19097.2849153 -38783.7920783 -39031.4603974 -39246.1273504 -39423.3443693 -39568.0189373 -39682.0910241 -39761.0286175 -39909.5101341 -42326.5993879 -44616.0854215 -47027.8662859 -49254.2093093 -51185.2518913 -52932.6570054 -55004.1719815 -57292.6058307 -59903.9374312 -61315.446474 -62400.8239115 -63576.7512444 -64810.0547067 -66095.6514155 -67430.5466778 -68800.1201773 -70191.9875595 -71616.8297942 -73022.571598 -74379.0472447 -75953.6217294 -77747.5300501 -79796.4444378 -82151.0339959 -84957.4679629 -87281.2739482 -89806.0403894 -92527.7466818 -95471.7236219 -98713.2253544 -102230.66173 -106070.875376 -110262.617323 -114839.725811 -119889.745415 -125358.408779 -131332.243901 -137865.309994 -145017.488791 -152831.355372 -161425.35965 -170870.831508 -181263.230669 -192694.521581 -205272.72456 -210098.97056 -215052.064084 -220131.214625 -225345.058833 -230442.333137 -235570.931149 -240767.81438 -246032.474039 -251385.608128 -256829.455223 -262356.203407 -267983.264532 -273712.680316 -279558.473225 -285526.781759 -291571.898153 -297749.858548 -304065.611959 -310528.309492 -317144.540718 -321652.768294 -326226.31855 -330861.590971 -335568.440267 -340466.176293 -345136.393084 -349592.352193 -353815.285766 -357800.865876 -361536.285716 -365012.816329 -368218.120847 -371140.726042 -373771.610957 -376155.562261 -378641.851119 -381238.850686 -383941.673751 -386750.143691 -389667.776304 -392692.749312 -395824.590279 -399062.561696 -402407.270224 -405908.386944 -409356.028665 -412760.473391 -416113.410905 -419410.413852 -422650.46529 -425825.224531 -428932.054345 -431965.998589 -434922.071297 -437782.847605 -440716.905571 -443725.137546 -446806.358286 -449961.471958 -453195.288883 -454050.244847 -454922.404953 -455810.316553 -456713.842662 -457634.022088 -458570.620619 -459522.100085 -460489.671703 -461471.835371 -462469.415525 -463482.430078 -464518.148371 -465577.590038 -466660.340401 -467766.036897 -468893.281499 -470043.001282 -471215.586178 -472408.859105 -473624.687355 -475766.455432 -477947.11656 -480165.616367 -482421.701967 -484717.296122 -487050.409919 -489421.068934 -491830.991138 -494279.200149 -496765.078619 -499289.97574 -501854.031691 -504456.549314 -507097.666184 -509778.084488 -512497.781377 -515256.336099 -518055.075936 -520893.627943 -523771.940636 -521806.684506 -519879.962811 -517991.019972 -516139.115228 -514323.522342 -512543.529317 -510798.438115 -509087.564388 -507410.237205 -505765.79879 -504153.604266 -502573.021399 -501023.430352 -499504.223444 -498014.804907 -496554.590655 -495123.008054 -493719.495701 -492343.503198 -490994.49094],matlab_r2025a;octave_agrees,yes
pem_gw_per_t_ir,1,octave_8_4_only(matlab_v2.0_dropped),yes
pem_life,20,matlab_r2025a;octave_agrees,yes
probe.mass_kg,800,matlab_r2025a;octave_agrees,yes
probe.pgm_per_mission,0.0175,matlab_r2025a;octave_agrees,yes
probe.propellant,6654,matlab_r2025a;octave_agrees,yes
prop_demand_kg,[100000 100000 100000 106654 106654 106654 113308 777308 777308 783962 810578 843848 870464 903734 930350 963620 1003544 1050122 1090046 1136624 1183202 1223126 1269704 1309628 1356206 1402784 1462670 1522556 1589096 1648982 1715522 1775408 1835294 1901834 1961720 2028260 1988476 1948692 1908908 1869124 1829340 1789556 1749772 1709988 1670204 1630420 1643728 1657036 1670344 1683652 1696960 1710268 1723576 1736884 1750192 1763500 1776808 1790116 1803424 1816732 1830040 1756846 1683652 1610458 1537264 1464070 1390876 1317682 1244488 1171294 1098100 1031560 965020 898480 831940 765400 698860 632320 565780 499240 432700 406084 379468 352852 326236 299620 299620 299620 299620 299620 299620 299620 299620 299620 299620 299620 299620 299620 299620 299620 299620 299620 299620 299620 299620 299620 299620 299620 299620 299620 299620 299620 299620 299620 299620 299620 299620 299620 299620 299620 299620 299620 299620 299620 299620 299620 299620 299620 299620 299620 299620 299620 299620 299620 299620 299620 299620 299620 299620 299620 299620 299620 299620 299620 299620 299620 299620 299620 299620 299620 299620 299620 299620 299620 299620 299620 299620 299620 299620 299620 299620 299620 299620 299620 299620 299620 299620 299620 299620 299620 299620 299620 299620 299620 299620 299620 299620 299620 299620 299620 299620 299620 299620 299620 299620 299620 299620 299620 299620 299620 299620 299620 299620 299620 299620 299620 299620 299620 299620 299620 299620],matlab_r2025a;octave_agrees,yes
r0,1250000,matlab_r2025a;octave_agrees,yes
r1,1250000,matlab_r2025a;octave_agrees,yes
reagent.per_circuit_yr,49000,matlab_r2025a;octave_agrees,yes
reduced_molei,50,matlab_r2025a;octave_agrees,yes
reo_demand,[400000 408000 416160 424483.2 432972.864 441632.32128 450464.967706 459474.26706 468663.752401 478037.027449 487597.767998 497349.723358 507296.717825 517442.652182 527791.505225 538347.33533 549114.282036 560096.567677 571298.499031 582724.469011 594378.958391 606266.537559 618391.86831 630759.705677 643374.89979 656242.397786 669367.245742 682754.590656 696409.68247 710337.876119 724544.633641 739035.526314 753816.23684 768892.561577 784270.412809 799955.821065 815954.937486 832274.036236 848919.516961 865897.9073 883215.865446 900880.182755 918897.78641 937275.742138 956021.256981 975141.682121 994644.515763 1014537.40608 1034828.1542 1055524.71728 1076635.21163 1098167.91586 1120131.27418 1142533.89966 1165384.57766 1188692.26921 1212466.11459 1236715.43689 1261449.74562 1286678.74054 1312412.31535 1338660.56165 1365433.77289 1392742.44834 1420597.29731 1449009.24326 1477989.42812 1507549.21668 1537700.20102 1568454.20504 1599823.28914 1631819.75492 1664456.15002 1697745.27302 1731700.17848 1766334.18205 1801660.86569 1837694.08301 1874447.96467 1911936.92396 1950175.66244 1989179.17569 2028962.7592 2069542.01439 2110932.85467 2153151.51177 2196214.542 2240138.83284 2284941.6095 2330640.44169 2377253.25052 2424798.31553 2473294.28184 2500000 2500000 2500000 2500000 2500000 2500000 2500000 2500000 2500000 2500000 2500000 2500000 2500000 2500000 2500000 2500000 2500000 2500000 2500000 2500000 2500000 2500000 2500000 2500000 2500000 2500000 2500000 2500000 2500000 2500000 2500000 2500000 2500000 2500000 2500000 2500000 2500000 2500000 2500000 2500000 2500000 2500000 2500000 2500000 2500000 2500000 2500000 2500000 2500000 2500000 2500000 2500000 2500000 2500000 2500000 2500000 2500000 2500000 2500000 2500000 2500000 2500000 2500000 2500000 2500000 2500000 2500000 2500000 2500000 2500000 2500000 2500000 2500000 2500000 2500000 2500000 2500000 2500000 2500000 2500000 2500000 2500000 2500000 2500000 2500000 2500000 2500000 2500000 2500000 2500000 2500000 2500000 2500000 2500000 2500000 2500000 2500000 2500000 2500000 2500000 2500000 2500000 2500000 2500000 2500000 2500000 2500000 2500000],matlab_r2025a;octave_agrees,yes
reo_demand_2026,400000,matlab_r2025a;octave_agrees,yes
reo_final,2500000,matlab_r2025a;octave_agrees,yes
reo_final_alt,1250000,matlab_r2025a;octave_agrees,yes
reo_price,[15000 15000 15000 15000 15000 15000 15000 15000 15000 15000 15000 15000 15000 15000 15000 15000 15000 15000 15000 14999.9997384 14999.9995656 14999.9992786 14999.998802 14999.9980107 14999.9966965 14999.9945142 14999.9635032 14999.7571874 14998.3845716 14998.4162466 14998.4473006 14998.4777457 14998.5075938 14998.5368567 14998.5655458 14998.5936723 14998.3025564 14997.9511783 14997.5270633 14997.0151547 14996.3972788 14995.6514999 14994.7513416 14993.6648466 14992.3534424 14990.7705719 14989.4502715 14987.9410976 14986.2160314 14984.2441888 14981.9902675 14979.4139152 14976.4690071 14973.1028201 14969.2550888 14964.8569267 14959.8295929 14954.0830822 14947.514514 14940.0062903 14931.42399 14924.5651483 14917.0202984 14908.7208269 14899.5912581 14889.5485673 14878.5014257 14866.3493701 14852.981889 14838.277418 14822.1022338 14804.3092386 14784.7366219 14763.2063895 14739.5227443 14713.470306 14684.8121526 14653.2876653 14618.610159 14580.4642746 14538.5031116 14526.341205 14513.8587935 14501.0474309 14487.8984482 14474.4029482 14460.5517989 14446.3356279 14431.7448157 14416.7694894 14401.3995157 14385.6244944 14369.4337514 14346.9243274 14316.3079864 14284.2563441 14250.7021133 14215.5748523 14178.8008171 14140.3028064 14100 14068.2615685 14035.4038837 14001.3874751 13966.1714805 13929.7135965 13891.970028 13852.8954354 13812.4428803 13770.5637689 13727.2077939 13682.3228736 13635.8550901 13587.7486238 13537.9456866 13486.3864525 13433.0089861 13377.7491673 13320.5406152 13261.3146079 13200 13136.5231371 13070.8077674 13002.7749503 12932.342961 12859.427193 12783.940056 12705.7908708 12624.8857606 12541.1275378 12454.4155877 12364.6457473 12271.7101803 12175.4972476 12075.8913731 11972.7729051 11866.0179721 11755.4983346 11641.0812305 11522.6292159 11400 11326.2714469 11251.0329216 11174.2534998 11095.9016237 11015.9450891 10934.3510324 10851.0859168 10766.1155189 10679.4049142 10590.918463 10500.6197957 10408.4717977 10314.4365947 10218.4755362 10120.5491805 10020.617278 9918.63875477 9814.57169572 9708.37332731 9600 9460.30062549 9316.9871926 9169.96620472 9019.14174646 8864.41542108 8705.68628627 8542.85078834 8375.80269464 8204.43302423 8028.62997683 7848.27885984 7663.26201355 7473.45873435 7278.745196 7078.99436886 6874.07593697 6663.85621309 6448.19805145 6226.96075827 6000 6000 6000 6000 6000 6000 6000 6000 6000 6000 6000 6000 6000 6000 6000 6000 6000 6000 6000 6000 6000],matlab_r2025a;octave_agrees,yes
rev_k,[-2.58214623333 -2.07258333333 -2.07258333333 -0.835537383333 -0.299833333333 0.149041666667 1.83496261667 -0.858367183333 3.35154166667 4.97428761667 11.3276164167 21.0022873667 31.7994254667 45.4856623667 60.2943664167 78.7802873667 100.102958317 125.442754267 152.774458317 176.660176085 218.34241301 254.653490214 292.586450282 334.315636497 382.057995134 424.8637312 478.360496191 494.393341502 267.278190918 684.548983697 754.305080009 825.142014546 898.141122548 974.227268072 1051.79271637 1130.36194417 1160.43391182 1238.33888139 1310.95027281 1389.59704224 1470.47173848 1549.60243051 1618.14629178 1690.14096109 1760.99030982 1859.51707697 1942.62992966 2013.37516309 2084.58635934 2156.34383679 2228.7150738 2303.0701361 2380.08910606 2459.6171847 2544.61059516 2635.16544831 2728.62944149 2833.09259951 2949.84143141 3080.93625558 3229.45925462 3406.75241993 3601.17785015 4329.41458661 4630.96657544 4967.99724482 5345.20059683 5765.17547755 6231.57337356 6748.27099608 7319.01181334 7951.77891403 8649.48545481 9418.68666957 10266.2145034 11199.9148238 12228.0571091 13360.3535691 14607.3480704 15981.0507259 17494.7205944 18270.495318 19025.153546 19785.6691786 20552.9759698 24089.2658009 25814.9168523 27552.276253 29302.6795342 31067.250114 32847.3568891 34643.8717034 36458.1368418 38323.3528857 40250.3702861 42204.8249493 44187.7263644 46202.7627337 48251.2615901 50335.381684 52457.4287403 54337.7723553 56241.8079413 58181.3753547 60157.5256085 61235.2272424 62352.8483438 63509.0214543 64705.2353335 65942.7281066 67222.9556526 68547.3202432 69917.3310646 71334.5068078 72800.4017709 73380.6412356 74628.0144365 75928.8213026 77284.9459571 78698.1721576 80170.3364406 81703.4251625 83299.4142865 84960.3566394 86688.3492686 88485.4741415 90355.8672033 92299.9905759 94320.3946331 96419.4706504 98599.6771899 100863.672068 103214.025644 105653.475125 108184.799531 111128.209081 114166.971954 117306.229074 120549.066386 123898.600315 127358.008495 129450.702927 131566.334205 133722.071397 135918.581185 138156.53998 140436.673416 142759.711349 145126.332894 147537.31084 149993.342598 152495.187194 154535.132071 156608.457886 158719.180923 160867.860094 163055.073742 165281.34076 167547.228408 169853.362039 172200.220963 175206.568706 178288.700317 181438.730055 184657.782065 187946.934535 191307.403818 194740.264931 198246.588116 201827.53437 205484.189162 209217.563835 213028.742776 216918.78142 220888.658271 224939.333121 229071.769515 233286.892011 237585.513476 241968.51052 246436.647518 246510.744182 246510.744182 246510.744182 246510.744182 246510.744182 246510.744182 246510.744182 246510.744182 246510.744182 246510.744182 246510.744182 246510.744182 246510.744182 246510.744182 246510.744182 246510.744182 246510.744182 246510.744182 246510.744182 246510.744182],matlab_r2025a;octave_agrees,yes
rev_total,[-2.58214623333 -2.07258333333 -2.07258333333 -0.835537383333 -0.299833333333 0.149041666667 1.83496261667 -0.858367183333 3.35154166667 4.97428761667 11.3276164167 21.0022873667 31.7994254667 45.4856623667 60.2943664167 78.7802873667 100.102958317 125.442754267 152.774458317 176.660176085 218.34241301 254.653490214 292.586450282 334.315636497 382.057995134 424.8637312 478.360496191 494.393341502 267.278190918 684.548983697 754.305080009 825.142014546 898.141122548 974.227268072 1051.79271637 1130.36194417 1160.43391182 1238.33888139 1310.95027281 1389.59704224 1470.47173848 1549.60243051 1618.14629178 1690.14096109 1760.99030982 1859.51707697 1942.62992966 2013.37516309 2084.58635934 2156.34383679 2228.7150738 2303.0701361 2380.08910606 2459.6171847 2544.61059516 2635.16544831 2728.62944149 2833.09259951 2949.84143141 3080.93625558 3229.45925462 3406.75241993 3601.17785015 4126.57197974 4407.83603796 4722.54961661 5075.20376505 5468.17407769 5904.86646023 6388.88748049 6923.68344406 7516.91055536 8171.12239244 8892.4786462 9687.37615728 10563.1821705 11527.6396704 12589.8817143 13759.8150904 15048.7491139 16469.1719535 17217.9202179 17944.8397537 18676.8856917 19414.9725214 22921.2723524 24616.1430721 26321.9109817 28039.8902359 29771.1823126 31517.1335906 33278.5928021 35056.8785115 36872.0736131 38731.0547002 40614.2834918 42522.6199496 44459.5957389 46426.3745169 48424.9434761 50457.4287403 52267.2425076 54098.2610162 55962.2364106 57860.1288985 58856.8130124 59890.5595171 60959.9001997 62066.219512 63210.6475931 64394.5285279 65619.1488513 66885.8979316 68196.1704162 69551.3921854 70017.0555745 71145.8121833 72323.8194521 73552.813991 74834.4268419 76170.3364406 77562.3654672 79012.3204363 80522.0787512 82093.5558486 83728.6456814 85431.2895499 87201.7480666 89042.36299 90955.3096234 92942.8229404 95007.3292844 97151.1593778 99376.8023413 101686.78036 104401.037759 107202.567448 110096.225373 113084.802454 116171.109683 119358.008495 121286.861698 123235.296253 125220.412507 127242.807015 129303.084623 131401.897933 133539.902275 135717.700713 137935.988427 140195.383627 142496.564518 144535.132071 146608.457886 148719.180923 150867.860094 153055.073742 155281.34076 157547.228408 159853.362039 162200.220963 165206.568706 168288.700317 171438.730055 174657.782065 177946.934535 181307.403818 184740.264931 188246.588116 191827.53437 195484.189162 199217.563835 203028.742776 206918.78142 210888.658271 214939.333121 219071.769515 223286.892011 227585.513476 231968.51052 236436.647518 236510.744182 236510.744182 236510.744182 236510.744182 236510.744182 236510.744182 236510.744182 236510.744182 236510.744182 236510.744182 236510.744182 236510.744182 236510.744182 236510.744182 236510.744182 236510.744182 236510.744182 236510.744182 236510.744182 236510.744182],matlab_r2025a;octave_agrees,yes
rp_25,[15000 15000 15000 15000 15000 15000 15000 15000 15000 15000 15000 15000 15000 15000 15000 15000 15000 15000 15000 14999.9997384 14999.9995656 14999.9992786 14999.998802 14999.9980107 14999.9966965 14999.9945142 14999.9635032 14999.7571874 14998.3845716 14998.4162466 14998.4473006 14998.4777457 14998.5075938 14998.5368567 14998.5655458 14998.5936723 14998.3025564 14997.9511783 14997.5270633 14997.0151547 14996.3972788 14995.6514999 14994.7513416 14993.6648466 14992.3534424 14990.7705719 14989.4502715 14987.9410976 14986.2160314 14984.2441888 14981.9902675 14979.4139152 14976.4690071 14973.1028201 14969.2550888 14964.8569267 14959.8295929 14954.0830822 14947.514514 14940.0062903 14931.42399 14924.5651483 14917.0202984 14908.7208269 14899.5912581 14889.5485673 14878.5014257 14866.3493701 14852.981889 14838.277418 14822.1022338 14804.3092386 14784.7366219 14763.2063895 14739.5227443 14713.470306 14684.8121526 14653.2876653 14618.610159 14580.4642746 14538.5031116 14526.341205 14513.8587935 14501.0474309 14487.8984482 14474.4029482 14460.5517989 14446.3356279 14431.7448157 14416.7694894 14401.3995157 14385.6244944 14369.4337514 14346.9243274 14316.3079864 14284.2563441 14250.7021133 14215.5748523 14178.8008171 14140.3028064 14100 14068.2615685 14035.4038837 14001.3874751 13966.1714805 13929.7135965 13891.970028 13852.8954354 13812.4428803 13770.5637689 13727.2077939 13682.3228736 13635.8550901 13587.7486238 13537.9456866 13486.3864525 13433.0089861 13377.7491673 13320.5406152 13261.3146079 13200 13115.615577 13027.2751925 12934.79339 12837.9760188 12736.6198266 12630.5120322 12519.4298795 12403.1401694 12281.3987703 12153.9501058 12020.5266181 11880.8482058 11734.6216368 11581.5399318 11421.2817205 11253.5105667 11077.8742617 10894.0040855 10701.5140322 10500 10500 10500 10500 10500 10500 10500 10500 10500 10500 10500 10500 10500 10500 10500 10500 10500 10500 10500 10500 10500 10500 10500 10500 10500 10500 10500 10500 10500 10500 10500 10500 10500 10500 10500 10500 10500 10500 10500 10500 10500 10500 10500 10500 10500 10500 10500 10500 10500 10500 10500 10500 10500 10500 10500 10500 10500 10500 10500 10500 10500],matlab_r2025a;octave_agrees,yes
rv_25,[-2.58214623333 -2.07258333333 -2.07258333333 -0.835537383333 -0.299833333333 0.149041666667 1.83496261667 -0.858367183333 3.35154166667 4.97428761667 11.3276164167 21.0022873667 31.7994254667 45.4856623667 60.2943664167 78.7802873667 100.102958317 125.442754267 152.774458317 176.660176085 218.34241301 254.653490214 292.586450282 334.315636497 382.057995134 424.8637312 478.360496191 494.393341502 267.278190918 684.548983697 754.305080009 825.142014546 898.141122548 974.227268072 1051.79271637 1130.36194417 1162.45329072 1238.43365244 1311.04365401 1389.68903359 1470.56233998 1549.69164216 1620.07837138 1690.31382499 1762.94627812 1856.38207697 1942.62992966 2013.37516309 2084.58635934 2156.34383679 2228.7150738 2303.0701361 2380.08910606 2459.6171847 2544.61059516 2635.16544831 2728.62944149 2833.09259951 2949.84143141 3080.93625558 3229.45925462 3406.75241993 3601.17785015 4126.57197974 4407.83603796 4722.54961661 5075.20376505 5468.17407769 5904.86646023 6388.88748049 6923.68344406 7516.91055536 8171.12239244 8892.4786462 9687.37615728 10563.1821705 11527.6396704 12589.8817143 13759.8150904 15048.7491139 16469.1719535 17217.9202179 17944.8397537 18676.8856917 19414.9725214 22921.2723524 24616.1430721 26321.9109817 28039.8902359 29771.1823126 31517.1335906 33278.5928021 35056.8785115 36872.0736131 38731.0547002 40614.2834918 42522.6199496 44459.5957389 46426.3745169 48424.9434761 50457.4287403 52267.2425076 54098.2610162 55962.2364106 57860.1288985 58856.792439 59890.5585374 60959.89922 62066.2185323 63210.6466134 64394.5275764 65619.1478998 66885.8969801 68196.1694648 69551.391234 70017.0546231 71145.8112318 72323.8185006 73552.8130395 74834.4258905 76170.3354891 78114.6643229 80171.0252006 82334.0261866 84608.239083 86998.2292179 89511.4504572 92150.6489709 94921.2254448 97828.6293422 100878.511204 104076.714542 107429.221403 110942.34547 114622.42048 118793.481105 123141.462631 127676.508916 132405.826874 137336.69818 142476.707658 142541.707199 142541.677324 142541.648218 142541.615685 142541.581909 142541.550444 142541.516435 142541.481037 142541.445985 142541.411795 142541.375554 142541.338217 142541.300417 142541.259191 142541.220218 142541.18086 142541.137386 142541.096351 142541.055 142541.009486 142540.808882 142540.746542 142540.680565 142540.618344 142540.550158 142540.482955 142540.412219 142540.339454 142540.265928 142540.190631 142540.113862 142540.032838 142539.952889 142539.866897 142539.780778 142539.693213 142539.602227 142539.510995 142539.413625 142539.316837 142540.472398 142540.472398 142540.472398 142540.472398 142540.472398 142540.472398 142540.472398 142540.472398 142540.472398 142540.472398 142540.472398 142540.472398 142540.472398 142540.472398 142540.472398 142540.472398 142540.472398 142540.472398 142540.472398 142540.472398],matlab_r2025a;octave_agrees,yes
saved,3,octave_8_4_only(matlab_v2.0_dropped),yes
scc,190,matlab_r2025a;octave_agrees,yes
sinter.mass_kg,2200,matlab_r2025a;octave_agrees,yes
skip.count,8,matlab_r2025a;octave_agrees,yes
skip.propellant_yr,83000,matlab_r2025a;octave_agrees,yes
stype_reduction,0.022,matlab_r2025a;octave_agrees,yes
tanker_ratio,[14 14 14 14 14 14 14 14 14 14 14 14 14 14 14 14 14 14 14 14 14 14 14 14 14 8 8 8 8 8 8 8 8 8 8 8 8 8 8 8 8 8 8 8 8 5 5 5 5 5 5 5 5 5 5 5 5 5 5 5 5 5 5 5 5 5 5 5 5 5 5 5 5 5 5 5 5 5 5 5 5 5 5 5 5 5 5 5 5 5 5 5 5 5 5 5 5 5 5 5 5 5 5 5 5 5 5 5 5 5 5 5 5 5 5 5 5 5 5 5 5 5 5 5 5 5 5 5 5 5 5 5 5 5 5 5 5 5 5 5 5 5 5 5 5 5 5 5 5 5 5 5 5 5 5 5 5 5 5 5 5 5 5 5 5 5 5 5 5 5 5 5 5 5 5 5 5 5 5 5 5 5 5 5 5 5 5 5 5 5 5 5 5 5 5 5 5 5 5 5 5],matlab_r2025a;octave_agrees,yes
tl_25,[4.94190666667 3.96666666667 3.96666666667 4.13284666667 3.96666666667 3.96666666667 4.13284666667 11.0057266667 4.66666666667 5.81284666667 6.36556666667 6.53174666667 6.31138666667 6.53174666667 6.36556666667 5.13174666667 5.29792666667 5.46410666667 5.29792666667 19.4180886667 5.49068286667 5.32429706667 9.74445126667 9.52388546667 5.48985966667 16.9289450667 18.4938230667 101.765113867 676.083458667 4.23266666667 4.31095866667 4.13741066667 4.12074266667 4.16807466667 3.99452666667 8.15345866667 101.643207867 103.662124267 112.598736667 107.707942667 97.2162646667 91.3454297299 105.946858286 124.062736552 139.937568574 110.92480527 83.8475156264 92.9363701174 99.5779022995 105.817690636 111.694300781 116.254647067 119.494431342 123.236977232 121.876414551 116.939485614 137.281138508 158.226218181 183.003694484 213.471625175 248.516652484 216.652214362 241.307307953 272.447610378 301.859109356 339.836281562 379.051436265 424.160604431 474.38106727 530.55780579 600.183779785 664.670002693 743.066054136 831.607139566 931.560656468 1040.87170892 1165.12822021 1302.94771044 1458.64257821 1632.32618568 1828.32081799 871.855777722 912.255064208 953.072859347 996.248303453 1044.15952372 1087.92414193 1138.15389582 1188.7155773 1243.63335864 1299.66561475 1357.64180383 1419.89359241 1483.76700305 1551.83115991 1622.36067931 1730.47634623 1812.02577488 1896.61245656 1985.55675394 2078.23003783 1728.93477725 1790.72816282 1852.84423873 1918.86731671 1989.13414948 1957.25707432 1926.06677199 1887.57389175 1845.72264889 1797.75526567 1744.64832539 1685.00754105 1618.84701769 1546.63589337 1468.77155519 1518.48517507 1572.96689377 1627.81157478 1684.51496685 1744.66070331 2218.30543421 2322.10554363 2430.58122875 2543.25369113 2666.43615493 2702.56971814 2741.12990059 2776.95123489 2810.08827686 2840.09151036 2866.40643696 2890.52641885 2908.64731033 2923.61405419 2932.42148291 3069.19072013 3212.96588474 3362.35401782 3520.06264938 3683.91739715 1195.89668767 1197.04023833 1198.15434867 1199.39962833 1200.692487 1201.89686567 1203.19865833 1204.553606 1205.89530067 1207.20403433 1208.591248 1210.02038467 1211.46728333 1213.04532033 1214.537119 1216.04365367 1217.70769667 1219.27842433 1220.861258 1222.603421 1230.282034 1232.66824233 1235.193677 1237.57534733 1240.185347 1242.75768733 1245.465311 1248.25055867 1251.06495733 1253.947128 1256.88564667 1259.98706967 1263.04730033 1266.33887733 1269.63528833 1272.98705433 1276.46979233 1279.96192133 1283.68899167 1287.39380467 1243.16180467 1243.16180467 1243.16180467 1243.16180467 1243.16180467 1243.16180467 1243.16180467 1243.16180467 1243.16180467 1243.16180467 1243.16180467 1243.16180467 1243.16180467 1243.16180467 1243.16180467 1243.16180467 1243.16180467 1243.16180467 1243.16180467 1243.16180467],matlab_r2025a;octave_agrees,yes
total_launches,[4.94190666667 3.96666666667 3.96666666667 4.13284666667 3.96666666667 3.96666666667 4.13284666667 11.0057266667 4.66666666667 5.81284666667 6.36556666667 6.53174666667 6.31138666667 6.53174666667 6.36556666667 5.13174666667 5.29792666667 5.46410666667 5.29792666667 19.4180886667 5.49068286667 5.32429706667 9.74445126667 9.52388546667 5.48985966667 16.9289450667 18.4938230667 101.765113867 676.083458667 4.23266666667 4.31095866667 4.13741066667 4.12074266667 4.16807466667 3.99452666667 8.15345866667 105.843207867 103.862124267 112.798736667 107.907942667 97.4162646667 91.5454297299 110.346858286 124.462736552 144.537568574 103.42480527 83.8475156264 92.9363701174 99.5779022995 105.817690636 111.694300781 116.254647067 119.494431342 123.236977232 121.876414551 116.939485614 137.281138508 158.226218181 183.003694484 213.471625175 248.516652484 216.652214362 241.307307953 272.447610378 301.859109356 339.836281562 379.051436265 424.160604431 474.38106727 530.55780579 600.183779785 664.670002693 743.066054136 831.607139566 931.560656468 1040.87170892 1165.12822021 1302.94771044 1458.64257821 1632.32618568 1828.32081799 871.855777722 912.255064208 953.072859347 996.248303453 1044.15952372 1087.92414193 1138.15389582 1188.7155773 1243.63335864 1299.66561475 1357.64180383 1419.89359241 1483.76700305 1551.83115991 1622.36067931 1730.47634623 1812.02577488 1896.61245656 1985.55675394 2078.23003783 1728.93477725 1790.72816282 1852.84423873 1918.86731671 1988.34664948 1957.21957432 1926.02927199 1887.53639175 1845.68514889 1797.71884567 1744.61190539 1684.97112105 1618.81059769 1546.59947337 1468.73513519 1518.44875507 1572.93047377 1627.77515478 1684.47854685 1744.62428331 1806.21844883 1869.87111497 1935.50508847 2003.65380942 2077.77905495 2085.11970084 2095.98394037 2103.23649751 2108.36533738 2112.858376 2113.19230338 2111.84524591 2107.59800319 2100.35266853 2089.83137839 2163.99834014 2240.67311655 2319.14893923 2400.3777967 2485.79923062 1893.69171991 1932.84556795 1972.04950876 2012.09046567 2053.70924889 2096.08672513 2138.56371053 2182.74192701 2226.95275857 2272.72430774 2319.5331269 2366.45242978 2415.11149786 2464.77850026 2515.37532185 2566.1847699 2618.85816555 2673.27614052 2727.16303372 2783.88658293 3211.46218488 3295.05907688 3380.06792132 3466.94531666 3557.78520106 3649.20291816 3742.95993133 3840.65737311 3939.99466159 4041.04277025 4146.09315638 4253.91944308 4363.56966972 4476.08283445 4592.1322601 4711.02880716 4832.21077019 4957.87085794 5086.07475697 5217.31989394 2381.08393667 2381.08393667 2381.08393667 2381.08393667 2381.08393667 2381.08393667 2381.08393667 2381.08393667 2381.08393667 2381.08393667 2381.08393667 2381.08393667 2381.08393667 2381.08393667 2381.08393667 2381.08393667 2381.08393667 2381.08393667 2381.08393667 2381.08393667],matlab_r2025a;octave_agrees,yes
tug_life,20,matlab_r2025a;octave_agrees,yes
tug_mass_kg,50000,matlab_r2025a;octave_agrees,yes
txc,[0.7 0.8 0.9],matlab_r2025a;octave_agrees,yes
y,200,matlab_r2025a;octave_agrees,yes
y0,140,matlab_r2025a;octave_agrees,yes
y1,200,matlab_r2025a;octave_agrees,yes
